Marital status,Application mode,Application order,Course,Daytime/evening attendance,Previous qualification,Previous qualification (grade),Nationality,Mother's qualification,Father's qualification,Mother's occupation,Father's occupation,Admission grade,Displaced,Educational special needs,Debtor,Tuition fees up to date,Gender,Scholarship holder,Age at enrollment,International,Curricular units 1st sem (credited),Curricular units 1st sem (enrolled),Curricular units 1st sem (evaluations),Curricular units 1st sem (approved),Curricular units 1st sem (grade),Curricular units 1st sem (without evaluations),Curricular units 2nd sem (credited),Curricular units 2nd sem (enrolled),Curricular units 2nd sem (evaluations),Curricular units 2nd sem (approved),Curricular units 2nd sem (grade),Curricular units 2nd sem (without evaluations),Unemployment rate,Inflation rate,GDP,Attendance (%),Target,Target_Label,Cluster
0,3,4,11,1,10,112.39019616689782,3,4,1,9,0,108.79398541367806,0,0,1,1,1,0,45,0,0,4,4,4,10.171076612265765,0,0,5,6,4,6.10446630663138,1,8.469029611902076,-0.1568950424582234,-0.4384028030507085,85.10609152161445,0,Dropout,0
0,16,4,6,0,7,122.28978304684752,8,3,4,0,9,154.5576512125716,1,1,0,0,1,1,31,0,0,3,3,3,10.255645192744373,0,1,5,5,4,8.118460026143492,0,10.322694503109386,0.8598719245070453,-0.4321650567618851,95.14875567327984,1,Enrolled,0
0,14,4,1,0,6,156.45251946465555,2,6,6,3,4,140.31262538359073,0,0,1,1,1,1,24,1,1,4,5,2,7.179305697918182,0,2,6,6,6,4.771709381822996,0,8.20353731510878,3.078760625618997,0.2805253019357848,72.80011663868116,0,Dropout,1
2,15,3,14,0,1,127.90775332291574,4,4,1,2,9,140.66746022589643,0,0,1,1,0,0,37,0,2,3,4,1,11.277448488227872,0,1,3,4,2,9.818927651981609,0,11.908537944031677,1.7339458212588843,0.0362822957350763,76.42205887126718,1,Enrolled,0
2,3,7,6,0,2,90.0,7,3,5,6,2,150.09023031572696,0,0,0,0,0,0,35,0,2,3,3,0,12.185879339537598,1,2,4,5,1,12.165821254739472,0,9.732360585041077,3.101646158689311,0.5691206322286475,95.78413555501584,2,Graduate,0
0,2,1,17,0,11,143.43540211012723,19,5,2,4,2,95.0,0,0,0,0,1,0,39,0,2,3,3,0,13.269598072960552,0,1,4,5,3,13.735317199576544,0,6.0,0.7733040326927996,2.701963395302087,81.24041860012215,1,Enrolled,0
1,3,5,9,0,3,154.66445384119487,19,2,6,5,3,143.22486468086737,0,0,1,1,1,0,27,0,0,4,5,1,15.440727606233237,1,1,5,5,5,9.22087944264917,1,7.237168372000266,1.202040814927913,-3.0015428953343517,58.790694666433644,1,Enrolled,0
0,9,3,17,0,1,146.3148622015347,7,5,4,1,8,138.12668450941976,0,0,1,0,0,1,27,0,0,4,4,4,15.186783863143257,1,0,5,6,5,17.449432344706327,1,13.979466053163282,1.7579160153683613,-0.1598853263173412,69.17854803929879,2,Graduate,1
0,8,4,14,0,5,149.81309006167734,8,4,6,0,5,139.82249694460663,1,0,0,1,1,1,40,0,0,5,6,5,16.974744436861823,0,2,3,4,3,16.447575234718325,1,9.343408636983138,1.266374039866329,1.937169056452989,92.9765107350654,2,Graduate,2
0,15,8,8,0,11,170.29950481687968,14,2,5,2,9,125.39850673913772,1,0,0,1,0,1,40,0,0,6,6,4,9.894445215373306,0,0,5,6,4,6.793449935621288,0,9.315994847573654,-0.1731311666002981,1.1504929845569605,63.15005635671188,0,Dropout,1
0,12,4,12,0,5,130.34786789950493,4,1,2,9,7,134.86318080917712,0,0,0,1,1,1,19,0,2,6,7,6,13.107884715496477,1,0,6,6,6,15.188685721323523,1,12.00750966832728,2.1802259504940245,-0.6035581514943966,79.90197328582148,2,Graduate,1
0,14,4,2,0,6,172.80316298322455,14,3,6,2,4,150.0661604619158,0,0,0,0,1,0,38,0,2,5,6,3,9.499413569929391,1,0,3,4,2,3.935461491917072,1,12.81986306983394,0.3172927181380287,3.5,71.1728625979099,0,Dropout,2
0,2,8,3,0,7,131.60381511548246,1,2,5,9,5,180.22619463756325,0,0,0,1,0,1,18,0,1,3,4,2,14.449820467555352,1,1,5,6,4,10.210509810059817,1,9.73273989282522,1.4874928845848694,3.5,72.1271958090532,1,Enrolled,0
2,11,7,13,0,10,159.7863343868528,5,6,1,6,2,97.715729429493,0,0,0,1,0,1,40,1,1,6,6,4,19.314892979772623,1,1,3,4,1,20.0,1,6.0,-1.0,0.772089009866532,95.82961206261488,2,Graduate,2
1,1,6,5,0,9,131.866972076494,11,3,5,6,6,154.29459725622306,0,0,0,1,0,1,46,0,0,5,5,5,8.812501282145776,0,0,4,5,4,8.878266218496307,1,7.590795571271052,0.7216898614035888,-0.9845928932950982,53.81273367470483,0,Dropout,2
1,14,2,1,0,7,179.842728166713,15,2,5,9,8,170.44658787505557,0,0,0,1,0,1,18,0,1,3,3,2,15.406417001174283,1,2,5,5,3,13.263300325234226,0,6.0,1.3485080752554974,0.3479885599881999,73.8648083490634,2,Graduate,0
1,9,6,5,1,6,149.25418694333862,20,4,5,5,8,108.23601232654144,0,0,0,1,1,0,37,1,2,5,6,4,16.67024248192225,1,1,3,4,2,16.64148833007999,0,6.0,2.173576360996204,-1.2291761026284889,67.84218642669042,2,Graduate,2
1,3,1,12,1,9,132.8842125245654,14,5,2,3,6,135.51468625017682,0,0,0,1,0,1,49,0,2,4,4,1,9.875452101369516,0,0,3,4,3,9.121528465886737,0,10.231254472285016,0.0174832390269825,1.52116343051364,96.1511660711027,1,Enrolled,0
0,14,5,6,0,2,108.6091802606174,13,6,6,7,2,146.8943880149697,1,0,0,1,1,0,28,0,2,4,5,4,14.527148682161268,0,1,5,5,2,14.31658739540073,1,10.138671682958533,0.4305770880123765,1.8360092974176456,66.59378874530142,1,Enrolled,0
0,3,8,2,0,6,139.53669099008656,7,4,5,9,4,190.0,0,0,0,1,0,0,38,0,2,3,3,0,11.740233899816978,1,0,3,4,3,12.66307011750332,0,13.82622980583562,3.61715048247302,2.573581242831011,93.45947224203252,2,Graduate,0
0,4,1,2,1,5,116.97590105190709,18,6,2,1,9,190.0,0,0,0,1,0,0,41,0,0,3,3,1,12.575919375189484,0,1,5,6,4,11.78085712779273,1,9.901747352569926,3.858267173281985,1.5189592567122945,90.36966254134154,2,Graduate,0
0,2,3,13,0,6,144.70199878351346,6,6,2,6,8,108.23241800886052,0,0,0,1,1,1,43,0,0,4,4,3,11.624318364424385,1,0,5,6,5,12.211045829522778,0,7.365615709290675,2.117647000173106,1.2117671133098138,49.46178054375925,0,Dropout,0
0,2,2,14,0,10,149.4972932063382,20,1,3,0,8,132.44419070458292,0,0,0,0,0,1,44,0,1,6,6,4,12.21293617716602,0,2,6,7,5,11.51787497695032,0,13.608751925789264,3.035572974125083,-1.0135870128088589,65.05638900560524,0,Dropout,1
1,15,3,6,0,1,157.8879399357739,7,6,5,7,2,144.98727496560227,1,0,0,0,0,1,32,0,0,6,7,5,17.044354217251104,1,2,6,7,5,14.692186048726615,1,15.253428204016563,1.0261140278706318,-1.400472485305144,62.301011773045225,1,Enrolled,1
2,13,7,12,0,11,146.82954631127316,9,4,4,4,4,153.91136256892855,0,0,1,1,0,1,31,0,1,4,5,4,12.72300601263958,1,2,3,3,3,9.657834880235304,0,12.749722745125007,2.283978652474685,-2.837391636651409,73.1505106762902,2,Graduate,2
0,11,7,13,0,5,136.76127517524358,2,2,2,5,0,145.019947849464,1,0,0,1,0,1,19,0,2,6,7,6,10.894157880123956,1,2,3,4,2,13.891848358544642,1,9.798224981917285,2.223680072967495,0.9455909649616964,57.99947377355116,1,Enrolled,2
0,14,4,8,0,8,164.14053600024687,8,1,5,5,6,116.29715078874516,0,0,1,1,1,1,23,0,1,4,4,2,13.241491464068696,1,2,3,4,2,14.56001028056812,0,9.075914919204926,0.370080484033757,2.3538816586253475,47.09341846516773,0,Dropout,0
1,17,8,14,0,3,166.69029026682807,6,2,4,0,1,115.19224595910032,0,0,0,1,1,0,37,0,0,5,6,4,5.572533055639352,0,0,4,4,2,7.865188780050419,0,6.425286802772476,1.7358078528122964,2.873016416895392,95.05599365277584,1,Enrolled,2
0,15,4,4,0,3,111.84044220053752,9,5,1,6,9,101.4687143990664,0,0,0,0,0,0,25,0,0,5,5,5,10.140863691376511,0,1,5,5,5,9.850279700147146,1,7.629652420973057,1.1455900126293264,2.307692406697344,68.08072994067629,0,Dropout,1
0,14,5,6,0,11,173.76571176794732,7,6,4,2,9,95.0,1,0,1,1,0,0,34,0,2,5,5,4,17.370068976872734,1,0,5,5,5,17.634246391780703,1,8.654948288466429,1.9414040246501223,0.1390407211933019,91.93275374715472,2,Graduate,1
1,2,8,6,0,7,162.0390154974287,5,3,2,1,5,100.89870016548564,0,0,0,0,0,1,20,0,0,6,7,6,12.491291399292914,0,2,4,5,3,11.745380406259212,1,6.027166877694048,0.8578968389422984,3.5,49.24463604902222,1,Enrolled,2
1,4,1,15,0,7,116.23149192350206,17,5,2,6,9,169.0380489379801,1,0,0,1,1,1,41,0,2,5,6,5,11.326880955788878,1,0,4,5,4,13.920607783795123,1,8.995213121709652,-0.245838860444834,-0.9078301433442098,91.41276601258438,2,Graduate,2
0,8,3,13,0,2,93.65904816470018,21,5,2,9,5,157.75696347940192,0,0,0,1,1,0,30,0,0,3,4,2,13.605394327845394,0,0,3,3,2,12.443279243876503,0,9.155178356637393,1.5207069862929774,-0.9918962598142972,75.41910846026714,1,Enrolled,0
1,12,6,7,0,8,161.49839301791351,7,6,6,8,6,153.83195400313593,0,0,0,1,1,0,25,0,2,3,4,3,15.578169765151996,1,0,5,6,5,12.81809122202588,0,13.823171206628365,2.4967353607393648,2.1800683029263164,61.991015527608354,1,Enrolled,0
0,13,4,13,0,5,139.53740402780363,16,5,3,3,2,134.43212299109055,0,0,0,1,1,1,42,0,1,5,5,5,17.650595005347373,1,0,6,6,6,18.653788435887904,0,6.0,2.4969120800518194,3.331231578383416,82.01837861625913,2,Graduate,1
0,17,5,6,0,9,124.98243122461324,11,2,4,6,7,138.96233514824766,0,0,0,1,0,0,18,0,1,3,4,3,11.42140858484608,0,2,6,6,4,10.741068867862142,1,10.51724616587811,-0.6314430992929476,3.5,59.97408270409222,0,Dropout,0
0,13,5,6,1,1,141.90638182584547,14,3,6,4,4,133.28256442417936,0,0,0,1,0,1,36,0,2,5,5,4,11.501932605019544,1,0,4,5,2,11.826730090080396,1,6.0,1.7189222199580023,2.594791939325601,93.1365676240955,2,Graduate,2
0,12,8,14,0,11,161.09812196710163,3,2,5,9,9,100.32661839637152,1,0,0,0,0,1,44,0,1,5,5,5,12.218897156594958,0,0,4,4,3,13.696711556866571,0,6.0,2.32628294418567,2.1222803365424148,80.38051480060523,1,Enrolled,2
0,7,8,3,1,4,90.3052988651554,21,1,5,9,3,156.19216796277007,0,0,1,0,1,0,23,0,0,4,4,4,16.602062896143696,1,0,5,6,3,14.854252790804823,1,8.517224407155624,1.664439090780938,2.263087290233244,61.73845986423811,1,Enrolled,0
1,16,3,11,0,8,137.77602945957915,8,6,2,6,8,161.31697390830266,0,0,0,1,0,0,24,0,2,5,5,5,13.19964589637636,0,2,5,5,3,12.352340212846329,0,10.056607524670522,2.537587753391522,0.299383542470964,68.5872737756002,1,Enrolled,1
0,14,1,13,0,9,136.26288749442483,15,2,4,0,8,111.24173916320797,0,0,0,1,1,1,30,0,1,3,3,3,20.0,0,0,6,7,5,18.92397240435006,1,13.816668878677149,-0.1926675788353449,-0.6423036918381393,75.99146730975848,2,Graduate,0
0,5,2,3,0,9,167.9220333061965,9,5,6,9,1,111.21881031006056,0,0,1,1,1,1,33,0,1,6,7,6,12.436471418318543,1,1,5,5,2,15.35344892445107,0,9.192257999372364,0.1259964620849716,1.294472352920134,67.58783090722848,1,Enrolled,2
0,11,7,12,0,10,153.22772109671735,16,4,1,8,0,148.79418004229632,0,0,0,1,0,0,20,0,0,5,5,5,19.172199625962108,1,2,3,4,2,18.90799839545518,0,8.384521076651678,2.207222688027856,-2.252191641975214,95.68957612704622,2,Graduate,2
0,8,5,5,0,11,153.02301924947164,21,4,4,5,2,148.57371910272224,0,0,0,1,0,1,18,1,1,4,5,4,9.874393243320185,1,2,4,4,3,9.965336223301724,1,7.89414010204724,1.0820694747086048,0.2449974868509976,91.4230306855481,2,Graduate,2
1,9,7,13,1,1,125.23514733106713,18,2,5,7,9,158.31689763428713,1,0,0,1,0,0,22,1,1,3,4,1,8.135535268799616,1,0,6,7,6,4.944434584721076,0,8.447466178762964,2.907574406240725,-0.1552941992904133,95.4405008010664,1,Enrolled,0
0,8,3,11,0,1,149.73072547111187,8,5,2,8,7,175.33932586062312,0,0,0,1,1,0,20,0,2,4,4,4,12.644998873869453,0,2,6,7,3,14.1719853496537,0,6.0,1.8681609221138256,1.8498889873816808,75.64496744419196,1,Enrolled,1
0,7,4,17,0,7,124.32682616058088,7,5,4,0,3,113.55223465951364,1,0,0,0,1,1,45,0,0,5,6,5,16.987854256806568,1,1,3,4,3,17.758122740435653,0,7.542143631855938,0.4255234308838649,1.1962354467113565,73.37382964953098,2,Graduate,2
0,8,2,10,0,11,132.6077120134734,20,4,3,4,4,137.9501344840419,0,0,1,0,0,1,34,0,1,5,6,5,11.330572137370416,0,1,5,6,5,8.942476224557794,0,12.404679200542905,0.3650641742415954,3.4756483773049505,36.45267127671071,0,Dropout,1
1,15,2,12,0,6,147.62552565052152,21,3,2,6,4,114.98701499129108,0,0,1,1,0,0,42,0,2,5,5,5,10.842120755051106,0,1,5,6,5,15.349604392122334,0,6.0,-0.7521132727508864,2.2801145189591514,51.502470796491984,0,Dropout,1
0,4,1,6,0,7,136.8784108295698,10,3,3,7,1,116.78771848293664,0,0,0,0,1,1,26,0,1,5,6,3,16.587551436402343,0,2,4,5,4,17.13053749267375,1,8.754629585388928,2.3249730348783726,-0.3504091726999538,75.37947449517256,2,Graduate,2
0,7,3,5,0,8,141.95721952246643,12,5,6,2,0,129.2550890500349,1,0,0,0,0,1,30,0,2,3,3,3,15.46784907916658,1,2,3,3,3,13.608823102652476,1,9.133883755707169,1.3599210389988192,2.010520392286601,82.78671402115776,2,Graduate,0
2,4,8,1,0,11,163.88697651379158,12,1,2,7,7,176.00889862893422,1,0,0,0,1,0,47,0,0,6,7,6,10.226546969050416,0,1,6,7,4,9.919416292367544,1,12.149167413854707,2.599597990490623,-2.3090765450036264,64.76452494252176,0,Dropout,1
0,15,1,15,1,6,126.97074620044071,10,1,5,4,9,167.62045582399884,0,0,0,1,1,0,31,0,0,5,6,5,10.021897949902732,0,2,3,4,2,8.800465676636138,0,10.35005587547002,1.8092932099850687,2.1183130259991527,79.89933758885567,1,Enrolled,2
0,2,5,16,0,10,112.17280669772626,2,1,1,0,4,138.12941383969593,0,1,1,1,0,1,24,0,0,4,5,3,15.902522389696584,1,2,6,7,6,19.46221529233659,0,11.265269638383277,1.6374115652721533,-0.5431004848189711,63.64992099769925,1,Enrolled,1
2,12,5,10,0,10,115.05123461582323,12,6,4,3,1,95.0,1,0,0,1,0,0,30,0,1,3,4,3,7.288452959034564,0,2,3,3,1,9.32140488994009,0,7.7621489690519665,2.478485098589199,-0.2940006363829102,66.26080875987702,0,Dropout,0
0,6,6,8,0,10,110.26151766102464,6,1,6,1,6,149.8194548183008,1,0,0,1,0,0,39,0,1,3,3,2,16.778332306175592,0,2,5,5,4,17.613420045864668,1,6.0,1.3825020560215615,3.2173561485390616,50.55262926348459,1,Enrolled,0
1,6,7,2,0,7,170.36351612079656,1,1,4,4,1,149.24180386646856,1,0,1,1,0,0,37,0,2,3,4,3,15.421400769591074,1,2,6,6,5,19.413515595971568,1,8.409945709085054,1.1011631245076372,1.5011675290751776,92.42299989794104,2,Graduate,0
0,14,3,7,0,11,149.39329660523055,9,4,2,3,5,116.66015985132756,0,0,0,1,1,1,32,0,0,4,5,4,5.0168076212725605,1,0,4,5,4,2.121230795042757,1,9.571972816155595,1.49986515242193,0.4524180339191791,71.83356028717756,0,Dropout,0
0,6,4,1,1,7,158.5517386182735,20,5,6,1,8,160.76740986270354,0,0,0,0,1,1,34,0,0,6,6,5,13.054488961844111,0,2,3,3,1,14.694232834322774,0,13.473827415944124,2.5100981486787197,2.6295034786630667,73.65891994110429,2,Graduate,2
0,1,6,6,0,7,154.60822678022816,16,2,1,6,3,116.17940084707172,1,0,0,0,1,1,40,0,2,4,4,3,6.073961439509663,0,0,5,5,5,7.1420875471781295,0,6.0,0.3698029376996246,3.451876470469281,49.98933722903652,0,Dropout,0
2,6,6,13,0,2,130.63513429954014,17,4,1,1,4,160.69347471954504,0,0,1,1,0,0,42,0,2,4,5,3,8.782187917726858,1,0,6,7,6,7.906055663422323,0,16.26639715882343,2.6096636105877766,-0.9994860144939804,69.3871151094061,0,Dropout,1
2,16,5,12,0,3,170.85753310904553,20,4,6,1,0,146.02663503087706,0,0,0,1,1,1,41,0,1,4,5,4,11.239601461826805,0,1,5,6,5,10.37463308804858,1,10.517535932958689,1.5760336195567886,-0.4847462893152841,47.35115569498503,0,Dropout,1
0,1,8,17,1,10,119.80016270220304,6,6,5,3,0,103.50462698164844,0,0,1,1,0,1,45,0,0,5,5,4,8.56274002508421,1,2,3,4,1,10.570685789141503,1,7.716462742715565,1.039109833092792,2.260148885552104,85.6776882157258,1,Enrolled,2
0,2,5,5,0,9,179.27217183853475,4,5,3,4,8,130.9630867115322,0,0,0,1,0,1,31,0,1,5,5,5,20.0,0,2,4,4,3,20.0,0,7.560768200494943,1.719897463654301,1.3518674541936395,82.83281538935222,2,Graduate,2
0,17,4,15,0,1,137.72166953555225,9,3,4,9,4,143.61628478851125,1,0,1,1,0,1,17,0,2,4,4,3,16.024203187649626,1,0,4,4,4,12.168552732124205,0,9.520946547699108,2.911673711308411,-2.5500282845982163,62.22450793132913,1,Enrolled,0
0,4,8,14,0,8,174.35117265749517,20,4,2,2,2,147.5039494111762,1,0,1,0,0,0,41,0,0,4,4,3,17.786036651070713,1,0,3,3,3,20.0,1,9.796983679405583,2.9027618332983787,3.5,55.880032608303935,2,Graduate,0
0,5,6,3,0,7,111.91971337965784,8,4,1,8,1,165.8294285342245,0,0,0,0,0,1,23,0,2,5,6,5,12.508997220781358,0,1,6,6,5,15.065893966821722,0,10.03968617056817,1.9704991702860413,-0.067189649272103,89.51941539308861,2,Graduate,1
1,12,2,5,0,6,125.50834246236175,18,6,4,9,9,168.94434825452967,0,0,0,0,0,0,25,0,2,5,5,4,13.106635923814014,1,0,5,5,4,12.102789398420562,1,11.912723263996558,2.2511796494828,-1.008869174322191,79.26303649733373,2,Graduate,1
1,15,7,14,0,1,99.73638116419292,12,2,4,5,6,134.03438006954374,1,0,0,0,1,0,40,0,0,6,6,5,18.532544648394808,1,0,5,5,5,16.254420823975888,0,8.016434507613884,1.551880650518955,0.8208875985209546,46.86332530147097,1,Enrolled,1
1,15,3,8,0,9,157.92945232706478,7,1,4,7,3,153.98304687059195,0,0,0,1,0,0,17,0,1,4,5,4,14.518063379098066,0,2,6,6,4,16.994178239571312,0,10.319017620652996,0.7982575378292431,2.4237469863902694,59.47748493132804,1,Enrolled,1
0,3,7,11,0,2,140.57081999216942,8,4,6,4,2,180.19839833992563,0,0,0,0,1,0,24,0,2,3,3,1,15.142846305067216,0,2,3,3,0,16.083848797513955,1,8.99504237091593,2.033888604878533,2.842396094350014,64.26980913626201,2,Graduate,0
1,3,2,15,0,10,179.3654733161415,10,1,1,7,1,114.53339258477727,0,0,0,0,1,0,40,1,2,6,6,4,9.810871451997404,1,0,5,5,5,11.30188993024501,0,14.940156166934806,0.9614289552817084,0.9029037591627208,73.21021892147083,1,Enrolled,1
1,11,1,13,0,5,124.35236537900803,3,5,5,9,9,124.80099484497616,0,0,0,1,0,1,27,0,2,3,4,3,9.794658685385665,1,1,5,5,4,10.921795095673415,0,6.0,0.2681830234173064,3.5,97.46033208204553,2,Graduate,0
0,14,4,5,1,9,164.41582990624948,18,4,4,5,9,98.62162586553326,0,0,0,1,0,0,33,0,1,6,6,3,13.913639939054177,0,1,3,4,3,16.650008544066573,1,16.435477551765302,0.9931970506282168,3.5,43.41181854841299,1,Enrolled,2
0,7,8,13,0,8,136.75813229917338,9,2,1,6,3,124.21419424031404,0,0,0,0,0,1,24,0,1,4,4,4,14.30539268023351,1,2,5,5,3,16.145233826983695,1,7.3491951301537215,-0.4704962400403136,1.6063446592564916,80.10047086468197,2,Graduate,0
0,6,3,3,1,10,132.93663785545633,5,2,1,1,8,145.1445359443106,0,1,0,0,1,0,49,0,1,3,3,2,9.510181065071292,1,1,6,7,6,7.875488025887478,0,6.74348584495887,0.0137755540269137,0.6882567409045629,66.9395908333382,0,Dropout,0
0,6,4,13,1,4,128.63357103512436,13,5,2,5,9,95.0,1,0,0,1,0,0,21,0,0,5,5,3,14.25459938179749,1,0,6,7,6,12.47345219233893,1,9.111489515003086,3.934929899267389,0.19370903672044,56.664473583110336,1,Enrolled,1
2,11,4,11,0,8,116.40676043964288,5,1,5,4,6,150.9261248782203,1,0,1,1,1,1,44,0,1,6,7,5,8.72415639214875,1,2,3,3,1,9.314034429259566,1,10.648228678674116,2.851155533954452,0.5249726010283042,82.04023928519621,0,Dropout,2
0,3,2,9,0,9,143.23345420993192,2,3,5,7,0,128.19139083867304,1,0,0,1,0,0,23,0,2,3,3,3,13.04840569903294,1,2,3,3,1,18.47277166021628,0,8.910203763562855,1.2118232813526282,3.491175886128062,75.44462538764678,2,Graduate,0
1,14,2,4,0,11,139.65061819946217,7,5,5,4,2,138.43315593727607,0,0,0,1,0,0,25,0,2,6,6,3,7.968794465724901,1,0,6,6,6,7.294328922924645,0,11.792458897245767,2.126567979293361,1.4044428481764195,51.46512652812575,0,Dropout,1
0,12,8,17,1,5,100.40097907599728,3,3,6,6,4,110.7782004864708,0,0,1,1,1,1,24,0,0,4,4,4,17.647967058643832,0,2,3,3,3,18.255772099107453,1,8.651588989873861,0.3593725859645018,2.366547294865549,82.6471807306568,2,Graduate,2
1,14,1,15,1,1,90.0,9,2,1,3,6,137.44348032326442,1,0,0,1,1,0,28,0,1,3,4,3,11.910722584778274,0,2,6,6,6,13.84720975218204,1,8.069029707717899,2.293908915497859,2.04899136090382,72.22038895398141,2,Graduate,0
1,15,3,16,0,11,128.114075192767,3,2,1,1,4,181.9799916234271,1,0,1,1,0,0,49,0,0,3,4,3,10.5725102166869,0,1,6,7,5,9.224484367472682,0,7.226288038339265,1.8134643065088043,1.891494263661177,90.06499719411573,1,Enrolled,0
0,9,8,2,0,6,160.56389588679298,6,4,5,2,8,130.00489586950843,0,0,0,1,1,0,39,0,2,3,3,1,8.98991600931782,1,2,6,7,4,10.683626297148235,1,13.781407241764695,0.6540607463326914,2.7603187653278383,79.52159454005555,1,Enrolled,0
2,12,4,6,1,4,139.8855645666947,10,2,6,9,6,95.0,0,0,0,0,1,1,40,0,1,6,7,3,8.65305124018144,0,1,5,6,4,8.387997799230654,1,11.153146302825776,1.112068990248892,2.2896138111486226,80.80826893705401,0,Dropout,1
0,7,7,12,0,6,106.34024125129528,3,1,1,3,0,170.34430696577064,0,0,0,1,1,1,38,0,0,5,6,5,14.52743583540581,0,1,3,4,2,17.352177091770777,0,6.52919491154389,1.028777477347831,1.6580163820787162,64.95608106687514,2,Graduate,2
0,17,6,5,1,1,95.97538945772934,20,2,5,2,5,153.56119616803238,0,0,0,1,1,1,43,0,1,5,5,3,16.513306613724367,1,2,5,6,3,13.851837386803568,0,8.643017101072399,2.5200041790379784,3.5,94.24998784302412,2,Graduate,1
0,14,7,17,0,4,160.40551921453775,9,6,2,6,1,142.35106977485898,0,0,0,0,1,1,17,0,1,5,5,5,16.163064745044437,0,2,3,4,2,20.0,1,6.028453525997503,1.4023514163374264,-1.5747320213012104,70.64550318637671,2,Graduate,2
0,15,1,12,1,5,98.63307126991364,12,4,3,4,5,154.20130390779948,1,0,0,1,0,0,30,0,2,4,5,1,17.888070468827866,0,0,4,4,3,16.80684209922878,0,18.0,-0.3937685353933644,1.3094814927658434,37.75694584149424,0,Dropout,0
1,14,8,5,0,6,151.70548644164657,12,5,6,2,2,142.06290431875652,0,0,0,0,0,0,19,0,2,3,3,2,19.11863160324241,0,2,5,6,4,20.0,1,10.549315570846638,0.961322405215593,-0.14972367123023,70.32807244989453,2,Graduate,0
0,14,4,7,0,5,147.51892308519882,16,6,3,2,1,181.08165599774145,0,0,0,1,1,1,17,0,2,5,5,5,16.35274402867683,0,2,5,5,2,16.064947130223313,1,6.0,0.5611607398537257,2.455340914544279,80.53264624667275,2,Graduate,2
0,8,8,2,0,2,170.96254253341723,11,4,3,8,2,158.79998821455862,1,0,0,1,0,0,21,0,0,5,6,5,11.239874994328336,1,2,5,6,5,8.243245013200628,0,6.0,-0.2735556439409727,-2.141576409527552,64.55149821255824,1,Enrolled,1
1,13,7,12,1,3,121.15871638938484,12,5,3,8,9,128.58938168721247,0,0,0,1,0,0,42,0,0,3,3,3,13.593183665972148,1,2,4,5,4,15.376322747469027,0,6.248738144951835,0.5865723270698385,1.219728113210902,57.9273833158197,1,Enrolled,0
0,4,1,5,0,5,155.66471727388836,17,4,2,4,3,177.2988735413929,1,0,0,1,1,0,30,0,0,4,4,4,5.100621154331563,1,0,3,4,3,4.139840425140939,1,10.8779471739332,-1.0,1.6682774490599774,71.5032150502072,0,Dropout,0
0,12,4,8,0,11,165.7971813318202,4,2,1,1,0,185.49962161197743,0,0,0,0,0,0,43,1,1,6,7,4,15.23153048223634,0,2,4,5,2,16.245829996953983,0,6.0,0.3830623871832839,3.001325294235122,39.07249955373251,0,Dropout,2
0,1,2,5,1,7,105.58322405977266,10,3,2,9,3,162.75909879194862,1,0,1,1,1,1,25,0,1,6,7,6,13.522429286376545,0,2,3,3,3,11.209599315411742,1,6.0,1.7353245997908011,0.0389920916142532,85.77346758154381,1,Enrolled,2
0,5,5,16,1,4,137.92736323837087,17,6,4,4,5,150.17323972322114,0,0,0,1,1,0,31,0,2,6,7,3,18.583298160662068,1,2,3,3,3,17.633756825929808,0,9.246082263763444,2.0444760395963963,3.5,74.87593211148675,2,Graduate,2
0,4,1,9,0,11,134.11149392483208,8,1,6,3,4,118.64757792068102,1,0,1,1,0,0,31,0,1,3,4,2,10.398242584310347,0,1,3,4,0,9.362118966748092,0,9.751257536554323,2.10414086331232,-0.2554734950886996,97.84105433785945,1,Enrolled,0
0,16,1,1,0,6,111.59685778809036,7,3,1,5,4,157.14147526753922,0,0,1,1,1,0,42,0,1,4,5,3,14.804304719052825,1,0,3,3,0,15.880842128492247,1,8.337507187753598,2.648824731347317,-1.248785711462841,85.84325345275977,2,Graduate,2
0,3,5,5,0,9,140.81481564686416,18,1,5,9,8,149.70065495022686,0,0,0,1,1,1,29,0,2,3,3,3,9.488295776888696,1,1,3,4,0,9.95790535918167,1,8.754239326474469,2.925133552554021,1.8904257746962003,65.05188360001839,0,Dropout,0
0,16,2,1,1,10,109.28219012028856,21,2,4,5,8,139.32993032300317,0,0,0,1,1,0,48,0,0,6,7,4,12.614883015091015,1,2,4,5,4,11.87339878059758,0,6.0,0.2705594924033345,0.5704061754083599,57.58966886086944,0,Dropout,2
0,7,1,17,0,7,143.40757898993775,8,6,4,5,8,157.48170340323475,0,0,0,0,1,0,48,0,2,5,6,4,7.276569399035459,0,2,5,5,2,6.051708952626152,0,11.338423890314347,-0.1519943160559682,3.5,86.7069542123728,0,Dropout,2
0,5,2,1,0,3,182.822706969794,2,4,6,6,6,142.17643885534812,0,0,0,1,1,1,20,0,1,5,5,3,17.74616221321005,1,0,4,5,4,18.2334375427898,0,6.0,1.5511057527415577,-2.061700100673004,85.95501739335118,2,Graduate,2
0,1,7,15,0,11,130.50686330657305,14,4,2,1,9,153.7195760396866,1,0,0,1,0,1,46,0,2,5,6,2,16.68427286026716,1,1,5,6,5,16.878561296911958,1,9.506429096382664,2.155927570256245,0.8642360580515526,52.30671121969634,1,Enrolled,1
2,11,7,5,0,5,132.91239129679602,16,5,4,3,8,165.89571959929503,0,0,0,1,0,0,39,0,1,6,7,6,11.345604640470528,0,1,5,6,5,11.367912921845472,0,15.341478416246078,0.4975985776386584,2.2726086381542814,55.32863416036882,0,Dropout,1
1,17,7,9,0,9,166.16318254611537,20,3,2,8,7,106.7226375288729,0,0,0,0,1,0,31,0,2,4,5,4,13.91642362200038,1,2,6,6,5,18.53977446404936,1,8.901837074235788,1.8175734159430088,-0.3998974117996487,94.5148207542606,2,Graduate,1
2,12,7,6,0,5,162.70873435937185,10,1,4,4,7,114.38311509867964,0,0,0,0,1,0,45,0,1,6,6,4,13.134699349193244,1,1,5,5,5,14.214540198900924,1,6.0,3.687041127168457,-1.7063031162115063,77.17739897915729,1,Enrolled,1
0,2,6,12,0,3,121.41180210468696,18,4,2,0,4,117.19445413509688,1,0,0,1,0,0,29,1,1,3,4,1,10.8566217534754,0,1,4,4,3,15.366705502976632,0,9.650010007356906,-0.1034958878324459,3.406682552273817,69.66499589951732,1,Enrolled,0
1,10,4,14,1,8,150.14074248500992,5,2,1,5,8,188.50023523102337,0,0,0,1,1,0,48,0,2,4,5,3,13.431177814776792,1,2,6,6,4,12.957412939829238,0,9.075392095735255,1.50709465442901,-0.7109606662678605,72.13368466582207,1,Enrolled,1
1,16,6,7,0,7,90.0,16,4,4,4,7,155.83686831938962,1,0,1,1,0,0,23,0,1,5,5,5,11.450299551598311,1,2,3,4,3,11.029266403568144,1,10.553400756196288,2.7465013512495826,2.6789078412506715,90.78918199662267,2,Graduate,2
0,8,7,7,0,5,112.90939694872642,11,5,2,1,6,158.16548035133076,0,0,0,1,1,0,38,0,1,4,4,3,16.431185345762174,1,1,3,3,3,14.867635258124816,1,10.50489109188491,1.2626668509188854,-0.8634362065741943,65.72353104141894,1,Enrolled,0
0,2,8,6,0,5,158.53738870278886,19,6,3,2,7,168.2359512504684,0,0,0,1,1,0,44,0,1,4,5,4,12.262170864228262,1,2,5,6,5,12.71693929306211,0,12.88666880583962,1.9954380669332168,0.2259876806145635,72.46345868606794,1,Enrolled,1
0,5,8,3,1,1,123.77505185021128,6,4,3,2,8,113.83363951686896,0,0,0,1,1,1,18,1,2,6,7,6,20.0,1,0,3,3,0,18.88584194671,1,8.493896969383679,2.5921365286831968,2.1629855229437265,58.31060601627679,2,Graduate,2
0,4,8,16,1,8,130.5926987147337,7,2,4,6,6,95.0,1,0,0,0,1,1,22,0,0,4,4,4,12.727532764594867,0,2,3,4,3,11.257138577475924,0,7.492668356622396,1.137962642172384,1.4370473355178728,53.03844855319913,0,Dropout,2
0,4,4,16,0,6,114.6649503857644,11,4,6,4,8,138.4284459286823,0,0,0,1,1,1,44,0,0,6,7,6,13.394697607797738,1,1,6,6,6,8.34394552175432,0,7.568546217761166,0.2265986537407718,-0.8766343231897966,68.47784494766856,1,Enrolled,1
0,1,5,5,1,5,111.1360227795859,18,1,2,8,7,162.43929900474365,1,0,0,0,1,0,44,0,2,3,4,3,14.848554825990892,0,1,4,4,4,18.213167723449853,0,8.02997039946174,1.37897275325013,1.7550532559085998,99.53494083240334,2,Graduate,0
0,15,7,4,0,7,90.0,18,1,1,0,1,135.06017598417634,0,0,0,1,1,0,36,0,2,4,5,1,15.929678514824328,1,2,3,3,0,14.671516793984855,1,10.859656754507276,0.1863730763051885,-3.110161250929597,77.09366532427796,2,Graduate,2
2,13,3,16,1,2,127.01068957341752,20,4,6,2,2,105.75154238682585,0,0,0,1,0,1,46,0,0,4,5,2,13.272910616365564,0,0,3,3,3,16.66033919531844,1,6.0,0.8395094350723372,-1.3605616014198565,83.1032307414417,2,Graduate,2
0,17,7,4,0,3,145.24342756862484,8,2,6,9,5,117.36930422645445,1,0,1,1,0,0,27,0,2,4,4,1,14.772328245431318,1,2,4,4,4,14.23170938056873,1,7.164228465067122,2.030337770194103,3.5,50.81471636470712,0,Dropout,0
0,6,2,13,0,9,140.43070665841293,21,6,4,7,5,110.5185499926138,0,0,1,1,0,0,44,0,1,5,5,3,13.639813874595443,0,0,6,6,6,14.951276107273731,1,10.150922125443454,1.7173607961565966,0.494544384446781,80.4699350006052,2,Graduate,1
0,13,7,14,0,5,116.69564635791166,10,2,1,2,6,124.69088908180288,0,0,0,1,1,1,41,0,2,6,6,6,10.274960739888453,0,0,6,7,3,10.160708146825236,0,13.614535624829005,2.697390205672133,2.0922733305503654,79.40667963386772,1,Enrolled,1
0,12,3,17,1,6,103.56218177471908,17,4,2,2,1,111.0154887346014,1,0,0,1,1,1,49,0,0,6,6,4,9.33147395076952,1,0,3,3,3,10.068225235729384,1,7.346611077516258,1.7784121249917533,2.0400967467790325,66.97265366953779,1,Enrolled,2
0,12,3,3,1,8,126.77471334704832,9,2,3,7,0,143.6694753182247,0,0,0,0,1,1,17,0,1,5,6,2,15.447366677532212,0,0,5,5,4,12.62477626836097,1,11.047674683954812,0.5643780175705154,0.1806330895328247,85.60570412267617,2,Graduate,1
1,10,2,3,0,3,105.76269615809557,13,1,2,9,4,126.3104648346738,0,0,0,1,1,0,43,0,0,6,7,3,18.310308587535857,1,0,4,5,4,20.0,0,9.37462985235004,0.3039457540989914,1.011156802857836,97.5600692799005,2,Graduate,2
0,2,7,17,1,1,118.1134457465049,8,1,6,2,1,155.835805672969,0,1,0,0,1,0,29,0,0,3,4,2,7.291663753476931,0,0,6,6,3,6.074562959125751,1,11.510762772771782,2.2533570758280823,-1.3108448622872697,67.86174110412682,0,Dropout,0
0,15,3,13,0,4,137.84032628929032,17,1,1,1,8,115.58805136333424,1,0,0,1,1,1,19,0,1,5,5,5,7.979031675362359,0,1,3,4,2,9.993223264389265,1,10.178360934798793,1.7882613291991836,1.0337941243958473,80.9646370341969,1,Enrolled,2
0,4,1,10,0,2,115.8268601002391,16,5,3,2,2,146.38367219362817,1,0,1,0,1,0,22,0,0,6,6,6,7.945225379101407,0,0,6,6,5,3.99354942280643,0,10.08114791910412,1.2694755281735404,-0.0828745828947887,89.46688671230174,0,Dropout,1
1,14,7,12,1,9,163.29892712015968,16,6,4,1,1,139.06002117845117,0,0,0,0,0,1,24,0,0,3,4,3,15.713005927140006,1,0,3,4,3,13.526733060105371,1,17.65765870935904,1.9065794081932903,3.5,96.84454866678875,2,Graduate,0
2,1,4,9,0,4,111.99204099116368,21,3,3,7,6,149.90072360603193,0,0,0,1,1,1,43,0,0,6,6,3,16.005110348185745,0,1,4,4,4,16.634565598381432,1,18.0,0.6548890320903886,-0.4621637801254208,83.02207450497552,2,Graduate,2
0,1,6,1,0,9,121.69482270730104,8,1,6,4,5,153.41783965747032,0,0,0,1,0,1,25,0,0,5,5,5,9.582812382608305,1,0,5,6,5,8.873729893483468,1,9.210951683109087,-1.0,1.7240120250760445,86.74664284801383,1,Enrolled,1
0,15,8,4,1,7,153.6940819036866,10,4,6,2,7,156.0911156498806,1,0,0,1,0,0,49,0,2,6,7,4,20.0,1,1,4,5,3,20.0,1,7.247571386236755,2.751328114864462,0.3076237230423553,76.45427741313011,2,Graduate,2
0,11,5,6,0,7,150.18933714413114,12,6,4,7,8,160.76892927253266,0,0,0,0,1,0,40,0,0,3,4,3,11.652617149170428,0,0,6,7,3,11.871576179408873,1,10.726131682957266,2.2787121778002253,2.2641645181769148,82.86215665496897,1,Enrolled,0
1,10,7,15,1,1,146.36564102947662,18,5,6,7,2,153.55727560464678,1,0,1,1,1,1,31,0,2,3,4,2,18.024756520347264,0,1,6,6,6,20.0,1,11.8119899473499,1.3956391924057756,-1.6418154912899343,65.4717717567584,2,Graduate,0
0,4,2,5,1,2,120.96294027445002,9,4,4,3,7,147.44665014535144,0,0,0,0,0,1,48,0,0,3,4,3,15.829892654127676,0,2,6,7,3,16.88075494046872,0,13.962098351849887,0.4216178333309481,0.5623650070410853,78.78301209260414,2,Graduate,0
0,14,5,8,0,7,147.85082307210234,4,2,3,8,3,123.33190790228105,0,0,0,1,0,1,48,0,0,6,6,6,9.646647152182318,0,1,5,6,5,8.264945905925757,1,6.0,1.2437752254344652,1.8663236206418563,62.77137964352816,0,Dropout,1
0,1,6,11,1,5,152.4254200983744,5,3,3,0,1,161.26842621397748,0,0,0,1,1,0,40,0,2,5,5,5,11.536885568602017,1,2,4,5,1,10.253794669434098,0,8.768072339868949,-0.575603346800952,1.2235095333006611,86.67156220745767,1,Enrolled,2
0,7,4,5,0,7,144.71720381249264,16,5,6,6,3,122.57789493000412,0,0,0,1,1,0,28,0,1,6,7,5,9.946539965832168,1,1,3,3,3,12.656859316990804,0,8.475973683040639,1.6374060051392076,1.6923576267438762,51.945761764917805,1,Enrolled,2
0,4,5,8,0,3,134.28801158201588,1,2,1,4,3,132.702166951531,1,0,0,1,0,1,18,0,1,4,5,4,8.294882458376943,1,2,4,4,4,4.17402850296974,0,7.578982617036484,-0.8230588503445397,-0.6925592768379891,77.08257822250866,0,Dropout,2
0,4,2,11,0,8,147.69606597462126,18,2,3,6,7,118.45866967739325,1,0,0,1,1,1,19,0,1,5,6,3,12.113725531841924,0,2,4,4,3,13.211713008613591,1,6.0,1.6279371942296477,0.1762193828466156,61.51175819709074,1,Enrolled,2
0,9,8,10,0,4,133.33295232997688,18,1,5,9,9,117.93796587382047,0,0,0,1,1,1,33,0,0,4,5,4,8.804899468129708,0,1,5,5,3,5.715448576064773,0,9.32636229646203,0.653539179421356,0.766055272482424,67.27016310999323,0,Dropout,0
0,2,5,9,1,8,143.88641972246376,19,4,3,7,7,132.07496327345868,0,0,1,1,1,0,18,1,1,6,7,4,12.387684236514382,1,0,4,5,2,14.8607530763499,0,12.113639066713391,1.322882209679723,2.203792150099705,96.34155092914602,2,Graduate,2
2,5,3,2,0,6,136.64150740669683,9,2,1,2,6,134.17427516179646,1,0,0,1,0,1,18,0,0,5,6,5,19.765348417634318,0,2,6,6,5,18.384766286803377,1,6.266317063680454,0.1329733846820973,3.314377671839954,87.12561916772805,2,Graduate,1
1,6,3,17,0,9,101.76484748123748,1,6,5,2,3,119.6611086963097,1,0,0,1,0,1,44,0,0,4,4,3,15.438408552838617,1,1,5,5,4,16.453998557468616,1,10.263313961478335,3.3098141103980514,-2.5450131652377808,53.88780597041465,1,Enrolled,0
0,3,4,4,1,6,122.15803551665388,3,2,5,0,1,140.5490816387481,0,0,0,0,0,1,39,0,1,6,6,6,11.050045389905572,0,2,6,6,6,10.843028586457246,0,11.259476138409497,1.9325985277332915,0.2248230222984575,86.38933217802835,1,Enrolled,1
1,5,7,12,0,4,180.7701369716463,2,2,2,4,0,143.91901746087814,0,0,1,1,1,0,48,0,2,5,5,3,10.764468378157549,1,1,6,7,6,6.997728942488642,0,14.93029910212995,0.6737901512575719,-0.3860720673873796,88.54196460004509,1,Enrolled,1
0,9,3,7,0,3,92.37709713471662,2,3,5,7,1,126.37802789565669,1,0,0,1,1,0,49,0,2,3,4,3,11.596078928401816,0,2,4,4,4,12.896878817138065,1,11.90553387260649,1.2846279648438772,-0.5919967762259963,75.16854646694279,0,Dropout,0
0,6,5,13,1,4,169.14920726611552,17,5,6,0,1,190.0,0,0,0,1,0,1,17,0,2,3,4,2,20.0,0,1,3,4,2,17.897834375417183,1,9.743935957093916,3.4272996969392304,1.2799552633761708,89.27183369932989,2,Graduate,0
0,5,1,2,0,11,148.76164336141005,6,6,4,1,2,148.317456917576,1,1,0,0,0,0,35,0,2,3,3,0,9.190759421244485,1,0,4,4,3,10.89538562687128,0,10.934331622893977,0.3602734102949028,0.8586203313532194,73.50313739358904,1,Enrolled,0
0,6,5,8,1,7,135.75291303318585,5,6,1,1,9,142.95662248328793,1,0,0,0,0,0,18,0,1,4,5,4,12.993808419992654,0,2,3,3,1,10.188808874552816,1,12.288223470524745,0.1652425435367248,-1.2194998867645086,61.53965636054087,0,Dropout,2
2,15,1,6,0,8,98.03092034410398,21,6,2,9,4,123.101101392255,1,0,0,1,1,1,42,0,1,4,4,4,14.6287702330614,0,0,5,6,3,14.93393428644718,1,10.362483140329948,0.1138669953269209,-1.3077095340869505,64.50410094625079,0,Dropout,0
1,11,5,11,0,2,134.9747098045227,11,1,3,1,0,143.44604657203325,1,0,1,1,0,0,48,0,1,6,6,4,17.25421052568674,0,1,5,5,5,17.051871802521802,0,12.360229224455937,0.682467070808014,1.6313520021973271,77.81470910954084,1,Enrolled,1
0,12,1,9,0,9,118.5808908986498,9,5,5,4,4,146.0200659266439,1,0,0,0,0,1,22,0,1,3,3,2,11.835652205205196,1,0,5,5,3,10.029192672253426,1,9.002674104172394,3.294071403247006,-1.164796692335033,85.61006487786395,1,Enrolled,0
1,12,7,8,1,7,161.1575274766902,4,2,6,9,6,139.9131422999155,0,0,0,1,1,0,48,0,2,4,4,4,9.630635070686797,1,0,6,6,6,12.780010230381002,0,13.601319626652176,0.8281579505996909,-0.4505992754623358,66.6850270273205,0,Dropout,1
2,7,1,15,0,7,120.33262228284327,7,6,2,6,0,175.46627516098704,0,0,0,1,1,1,20,0,0,3,3,3,14.013252528634952,0,1,6,6,4,13.79710776319696,1,8.471102032336196,0.9995656585872056,2.4621448207048915,65.72504374126825,2,Graduate,0
0,16,2,11,1,10,128.93179064611354,13,3,4,2,3,97.4632140322199,0,0,1,1,1,1,27,0,1,6,6,6,17.60132305841382,0,1,5,5,5,16.247186140429935,1,7.942712507440469,1.7419829017208972,1.1102700061352602,53.88421148217421,1,Enrolled,1
1,12,2,15,0,4,140.41596514444288,16,2,2,0,1,130.49051737358005,0,0,0,0,0,0,33,0,1,5,5,5,12.044908440341302,0,0,4,4,2,12.491796639276876,0,8.595579143474303,1.4626096996921194,3.5,67.93637568908684,1,Enrolled,2
0,4,8,5,0,7,120.820377166015,20,4,4,8,7,157.84588482647797,0,0,0,0,1,0,40,0,2,4,5,4,10.062037662690988,0,1,6,7,5,6.122833346207201,1,7.0887077093292685,2.6633739669142136,0.6074323930497694,66.23115741614112,0,Dropout,1
1,10,6,16,0,2,156.088987011273,17,5,2,8,1,117.583433804922,0,0,0,1,1,0,21,0,2,4,4,2,13.385724077319434,0,1,6,6,6,19.21497076707216,0,12.263417553211251,2.4855475961861395,3.5,62.50857014347327,1,Enrolled,1
0,17,5,2,1,11,128.4904173249322,20,1,6,3,0,101.33318330625288,0,0,0,0,0,0,22,0,1,5,6,5,7.317445200278065,0,1,4,4,3,4.30320587028646,1,6.0,1.8927382254221763,0.46930790846546,46.55075876208598,0,Dropout,2
0,15,3,15,1,10,93.62154637843042,2,3,2,4,1,127.02775325453216,0,0,0,0,1,1,38,0,0,4,4,3,12.234693999618822,1,0,6,6,6,13.314171797256456,0,8.699725826655442,1.2242463714034015,2.956044056551475,92.3545094606552,1,Enrolled,1
1,8,2,5,1,3,138.31686661220598,5,5,3,3,9,166.09840426056792,1,0,0,1,0,1,27,1,1,6,7,4,17.12308989117301,1,2,4,5,4,16.975883147917052,0,10.973237982490916,2.6517821965387256,-0.7118413105693939,97.02136812098658,2,Graduate,2
0,14,1,15,0,2,152.76223116395886,18,2,6,7,3,118.17600181247644,1,0,0,1,0,0,32,0,2,4,5,4,16.0619638949188,0,0,3,3,2,18.71303478803864,1,10.036311282913733,0.5553465479497751,-0.3702983300704277,59.05884303264499,1,Enrolled,2
0,8,5,11,0,5,166.63667951225025,13,1,3,0,4,131.0893325443051,1,0,0,0,1,0,49,1,2,4,5,3,12.49647504138003,0,2,4,5,2,12.641277566577925,0,9.87418237587435,0.4785056021879958,3.5,81.15066946278259,1,Enrolled,0
0,14,3,6,1,1,147.15871727450082,18,3,6,3,1,150.53705166797585,0,0,0,0,1,0,25,0,2,5,6,3,18.807652875900985,1,2,3,3,3,16.9119205631227,1,9.57219605321822,1.010467502578222,-0.4515352075924661,55.73458970369708,2,Graduate,2
1,16,5,6,0,2,160.368967330942,11,6,6,3,3,125.51742734437758,0,0,0,0,1,1,22,0,2,6,6,6,19.684562037681488,1,2,6,6,6,14.739621975449646,1,10.493373467791162,2.8940990859074898,0.4087546455131435,57.3422301428789,1,Enrolled,1
0,7,1,5,1,11,145.79551836352266,14,2,3,2,6,129.00122111071585,0,0,0,0,1,0,32,0,2,3,3,3,15.324301800695778,1,2,3,3,2,10.574043707888483,0,6.99204395667636,0.4956967177208988,-0.3906126203804236,32.99465238218981,0,Dropout,0
1,17,2,1,1,6,113.89283086448164,12,2,6,3,4,123.69874403845196,0,0,1,1,1,1,45,0,2,3,3,0,7.862800307706601,1,0,4,5,3,6.967751257414208,0,8.561753758827209,0.7795445589954165,2.823885326922968,60.378775504989925,0,Dropout,0
1,5,2,7,0,6,117.81284549998556,4,5,2,6,7,125.8055155436646,0,0,1,1,1,1,19,0,1,5,6,2,6.420309031197999,1,0,3,4,3,9.5461660549749,0,9.227490888302125,1.7087675322361944,-1.3767032175557958,78.60407470679222,1,Enrolled,2
0,13,4,16,0,8,90.0,7,2,5,4,9,110.92661192023908,0,0,1,1,0,1,36,0,0,6,7,6,17.842215575531327,0,0,5,5,3,13.361842986721705,0,11.367494306697353,1.4320211378767054,3.1534973828963384,65.52435167298725,2,Graduate,1
0,17,4,17,1,9,130.2291967849966,13,2,2,2,8,133.56790903315434,0,0,1,1,0,0,35,0,0,5,6,5,13.856547713560058,0,2,4,5,3,18.179969692476718,0,12.828943721449267,1.0446702104436734,1.2404971922676435,70.70112385715939,2,Graduate,2
0,4,6,15,1,9,149.36203760596743,19,3,3,5,0,166.60584535959777,1,0,0,1,1,1,42,0,2,5,5,5,18.72443962422114,0,0,4,4,4,20.0,1,9.603780683371888,2.0604450052410197,1.1356226764878876,88.24869766824096,2,Graduate,2
0,17,6,10,0,7,100.28801986113052,11,2,2,9,0,179.5702317834098,1,0,0,0,0,0,19,0,1,3,3,3,8.314610404590736,1,0,3,3,3,4.64281610015363,1,12.202923371859264,0.9322659778822036,0.6964297364962104,70.30165234746546,0,Dropout,0
0,8,8,8,1,10,163.46742523913113,7,4,5,8,2,171.24538219649503,0,0,0,1,1,0,35,0,1,6,7,6,12.43585166623239,1,2,6,7,5,9.422904035902102,0,10.269069789135964,2.767236039630549,3.051413610312169,56.055436660304174,0,Dropout,1
0,1,8,9,1,1,132.73856500577804,15,4,6,2,7,143.4423906968495,0,0,0,1,0,1,36,0,2,6,6,5,16.60216706571253,1,2,6,7,5,13.84109726439364,0,9.788105813463456,1.7848996858533237,0.4053779820736023,84.64264396654714,2,Graduate,1
0,7,6,10,0,4,115.27963007795076,19,1,4,1,0,181.47125117543408,0,0,0,1,0,1,48,0,2,5,5,3,10.445743793790156,0,1,4,5,4,10.893961663644005,1,12.353249056607885,2.719787385620365,-0.4797822905014153,59.583929899672775,0,Dropout,1
0,8,5,3,0,7,100.17543635347022,20,6,1,8,9,190.0,0,0,0,0,0,0,23,0,2,3,4,3,16.55174770880132,1,1,4,5,1,16.11120567848014,1,6.0,0.5512415175526696,1.7367844904532797,95.89895129094931,2,Graduate,0
1,5,5,11,0,2,171.54318747275914,17,4,3,4,1,144.5319449735889,1,0,1,1,1,0,49,0,1,6,6,4,12.570271654522315,0,0,3,3,3,12.036202189600791,1,11.326587880182862,1.3221260909080057,0.6462404436731658,64.71163272887654,0,Dropout,2
0,9,3,11,0,9,161.00613484810063,1,6,2,9,0,115.23589126719028,1,0,0,1,0,0,34,0,1,5,5,5,13.098212822343694,0,0,4,4,3,11.536632849384718,0,7.943028274052877,-0.7768631193196955,3.5,48.769934455931775,1,Enrolled,2
1,7,6,8,0,1,126.1250292344708,12,4,5,4,0,172.79841441754002,0,0,0,1,1,0,17,0,0,4,4,4,8.857284861849262,0,0,4,4,4,9.002758041903803,0,13.11581850855112,3.104525812569596,2.441293946418819,64.83888695209866,0,Dropout,0
0,4,2,10,0,9,155.43819862914904,19,5,3,6,8,109.91286668448316,0,0,1,0,0,0,27,0,0,3,3,2,13.879851136001308,0,0,6,7,3,15.67268383579774,0,8.026367748205196,4.0,1.4243238857291347,76.47381611022362,1,Enrolled,0
0,8,6,9,0,7,130.38975045075497,5,4,6,1,9,117.83728150323051,0,0,0,1,0,0,44,0,0,6,6,6,20.0,1,2,4,4,2,19.379504397869617,1,9.06854004299758,1.154246591161121,3.3814545819547206,92.97993019622096,2,Graduate,2
0,2,2,10,0,10,121.70248365452248,10,2,3,9,0,95.0,0,0,0,1,0,0,41,0,0,6,6,6,14.358076318545208,0,2,3,4,3,12.401391188708931,1,6.0,1.9472744366021832,-1.8115493636837432,62.64177650040652,1,Enrolled,2
0,5,6,10,1,6,120.62860507867369,11,5,4,4,3,158.18533381295163,1,0,1,1,0,1,39,0,0,6,6,4,10.228965041388166,1,1,4,5,1,12.409233594266944,0,11.101915017821938,1.6358854270716208,1.8099155532172748,46.38771781983018,0,Dropout,2
1,3,4,5,1,7,129.89287922898146,16,4,6,7,6,95.0,1,0,0,1,0,1,47,0,2,3,3,3,17.884395530273178,0,2,4,5,4,17.03102510930148,0,8.747164160931925,-0.0504686676273011,0.9837224032267832,48.73624417635351,1,Enrolled,0
0,5,8,5,0,2,126.23178512367218,18,2,1,7,4,164.8212770460567,0,0,0,0,1,1,46,0,1,5,5,4,10.334499655174753,1,2,4,4,3,11.414423063637004,0,8.388401121090475,2.9969592592185013,0.4339148308437969,44.36551709893754,0,Dropout,2
0,1,1,7,0,10,136.35225943428085,9,1,2,9,9,185.2360580366081,0,0,0,0,1,0,23,0,0,4,5,4,19.023861336985444,0,0,5,5,3,18.474117388819234,1,10.082190805626889,1.1704893047973914,0.2942750453123899,79.51522811535409,2,Graduate,0
0,7,1,8,1,2,170.38361432602952,9,5,2,6,4,183.1944009361521,1,0,0,1,0,1,32,0,2,6,6,6,8.53764305066249,0,1,4,5,2,10.95024759559514,1,6.0,-0.9579749380892916,2.8038513650692005,63.45537533459875,0,Dropout,2
0,10,6,17,0,3,185.1234117990665,14,2,3,4,6,108.35447483395215,0,0,1,1,0,1,42,0,1,3,3,2,13.95447942551948,0,2,3,4,0,16.73758688173386,0,7.920370149128272,0.6409478188853118,-2.550835945703362,81.09552630963984,1,Enrolled,0
0,16,4,6,0,6,108.54361100739222,20,5,5,3,5,95.0,0,0,0,0,0,1,18,0,0,6,7,4,18.34209373490152,0,2,6,6,4,20.0,0,9.44114858183464,-0.1732628237199329,1.65050204477082,87.27487506181154,2,Graduate,1
0,1,5,13,0,1,145.108148596049,6,1,3,1,5,123.93786976727728,0,0,0,1,0,1,17,1,2,5,6,5,9.966133049920492,0,1,6,7,3,8.286442921955999,1,14.394108999562835,1.6466615246297478,-1.774787317695624,61.555008472766445,0,Dropout,1
0,17,6,13,0,11,139.6118618462023,12,1,4,1,7,161.97980466066338,0,0,0,1,1,1,28,1,0,4,5,3,13.291060291897535,0,0,5,6,5,11.585766311707689,1,10.550182180485312,1.639466747775916,0.3597153512206272,89.05937414995554,2,Graduate,0
0,4,7,13,1,4,146.67028478995718,11,5,1,2,9,170.09471641662398,0,0,0,0,0,0,21,0,0,6,6,3,17.05051234823913,0,0,3,4,3,18.934859393467462,0,11.188139945598238,2.923396797262868,0.7094457378263823,37.552371831348445,1,Enrolled,2
0,16,6,16,0,8,125.0960306999026,4,2,4,2,8,156.612487113714,0,0,1,1,1,0,48,0,1,3,3,1,5.105676596839091,0,0,6,7,5,4.644231900207204,1,10.185867815443553,3.695766969883575,3.5,75.77484238457299,0,Dropout,0
1,9,7,2,1,8,146.9703683773712,6,3,5,6,1,153.20013220492632,0,0,0,1,0,1,25,0,2,5,5,5,16.244093126942417,1,2,6,7,4,15.85858664836434,1,18.0,3.793736113080183,-0.1604026963093792,85.57642168207488,2,Graduate,1
0,8,7,5,0,5,104.64699029922416,18,5,2,5,9,190.0,0,0,0,1,1,1,35,0,1,4,4,3,12.692257281790004,1,2,4,5,3,10.654975337899716,0,12.696503458629216,0.2695726054729601,0.8978356329265892,63.75088425154704,1,Enrolled,0
0,17,2,10,0,7,190.0,6,6,5,0,3,128.04889572790177,0,0,0,1,0,1,32,0,0,3,3,2,18.04683953746852,0,1,4,5,4,20.0,1,6.0,2.243117437238212,-1.411843063696396,60.43181286134781,1,Enrolled,0
0,10,2,10,0,5,141.39340172815088,1,3,4,5,9,120.5506191940724,1,0,0,1,0,0,19,0,0,6,6,5,10.103759500587774,0,2,4,5,2,12.404991094912328,0,10.666899735801053,2.4562177473946294,1.710480332000715,93.03500619441223,2,Graduate,2
0,17,6,11,1,4,151.06064968653658,10,6,2,4,8,110.2717299610306,0,0,1,0,1,0,36,0,0,3,4,3,8.146284480579487,1,0,5,5,2,7.548831501954609,1,13.270879300994194,0.8718163895040795,-1.5958507026032225,52.06241095874274,0,Dropout,0
0,16,2,9,1,6,110.39836481770875,12,2,1,5,9,150.8241479378715,1,0,0,1,0,0,40,0,1,4,4,4,11.099372267746247,0,0,4,5,4,9.185889531275974,1,6.0,1.8445492745862968,-2.4006789712752417,72.71320476037003,2,Graduate,0
0,9,1,13,0,8,119.70674025940455,7,6,3,7,0,135.5112227726656,0,0,0,0,0,1,49,0,0,5,5,4,11.026292356350265,0,2,3,4,3,9.002138062678975,0,10.314815078589945,1.9791837722410048,-1.9160657318851764,55.05405940087063,0,Dropout,2
0,5,5,13,0,10,102.69119123724448,11,4,1,0,9,160.62447661125242,0,0,0,1,0,1,40,0,2,5,5,5,12.277299082368776,1,2,5,6,5,12.310394798834883,0,8.385840759830641,0.9178852632722468,0.2891260991402464,64.76610669661716,1,Enrolled,1
0,2,7,2,0,1,167.03827635608587,20,5,3,5,7,128.7362644852982,1,0,1,0,1,0,27,0,0,6,6,5,11.359971016573892,1,0,6,6,6,12.026895774150876,0,7.436086025457685,3.038335160321388,0.3790894122754111,54.70753144971496,0,Dropout,1
1,14,6,5,0,3,110.58664395932236,1,1,1,3,0,155.71955249075793,0,1,0,1,0,0,24,0,1,6,7,4,5.972354991825764,0,2,6,7,5,3.516300692487148,0,14.007909971160512,1.7821441628879169,2.8424866010481,96.58344619713988,1,Enrolled,1
1,17,1,5,1,4,130.84542198992585,16,6,6,8,3,130.40359476294742,0,0,1,1,0,0,36,0,0,6,6,4,12.667652706739078,0,2,3,4,0,9.255473828125355,0,8.010698909639718,1.2939994620185065,3.5,56.32730850045445,0,Dropout,2
0,13,5,12,0,5,131.82230160627563,4,6,2,9,8,135.9323789778544,0,0,0,1,1,1,41,0,2,6,7,6,13.811288483336204,1,1,3,3,3,13.710424041817532,0,8.038253752271515,0.0317257665041723,3.4965275057101604,54.67396896472446,1,Enrolled,2
0,13,8,8,0,1,145.41046111760076,6,4,2,7,3,138.30024439237914,0,0,1,0,1,1,41,0,2,4,5,4,12.323651451393626,0,1,6,6,5,14.18530837104529,0,7.296184247010201,2.8815943908193766,2.871311187765301,80.37749390292214,1,Enrolled,1
0,13,4,6,0,9,106.56675242403136,10,2,2,6,4,97.492460444984,1,0,0,1,1,1,45,0,1,6,7,5,14.003898857506568,1,2,3,3,2,13.888480307001004,0,6.7352150840470095,1.589966562902278,3.5,70.3717787850068,1,Enrolled,2
1,1,5,8,0,8,153.91148466635636,7,1,6,2,8,136.50037951409,0,0,0,1,0,0,34,0,0,3,4,2,13.2973182742832,0,0,3,4,3,12.37389867841298,0,8.36057195700874,1.5939469853836217,1.6196502915270157,61.128790541135686,0,Dropout,0
2,4,7,2,1,2,162.38958448191653,12,5,6,8,7,154.05357057226874,0,0,0,1,0,1,34,0,1,4,5,1,8.16302257088836,0,0,3,4,2,5.038021630657219,1,8.212131041655098,0.4846458042847932,1.645890019668571,59.70769118242703,0,Dropout,0
0,5,1,10,1,5,120.47891120888184,19,2,3,2,0,115.29721057786892,0,1,0,0,0,0,18,0,2,4,5,3,11.947015378631107,1,2,4,4,2,10.062045503713778,0,6.436409916197753,2.5725548966738785,3.5,73.94294672224328,1,Enrolled,2
0,11,2,6,1,9,134.19498864705676,10,5,6,5,2,187.7530673316323,0,0,1,1,1,1,32,0,1,6,7,6,13.398649716161144,1,2,6,7,4,15.29468216493028,1,9.917878442269506,0.1382910291246204,-1.205819725410188,57.79489030813512,1,Enrolled,1
1,2,1,5,0,3,148.78399591096323,2,4,2,1,3,140.12214352325483,1,0,1,1,0,0,49,0,0,4,4,3,12.169902791059236,0,1,3,3,2,8.736882687954559,0,6.0,-1.0,2.4916932526166766,82.22863234485808,0,Dropout,0
1,2,4,16,0,5,140.62260171081843,9,5,5,7,2,124.32994556070122,0,0,0,0,0,0,20,0,0,3,3,2,7.775234577799863,0,0,3,4,1,11.907042332189576,1,10.304706953894929,0.6494960623129504,0.7151050982400479,80.19974377046196,0,Dropout,0
0,16,8,3,1,9,113.00617139138134,1,6,3,0,8,123.56864941108304,0,0,0,1,1,1,49,0,2,4,5,3,17.280895307739062,1,0,4,5,4,17.193573155735645,0,12.92892798057103,1.916424937624323,3.199741073882662,77.60068285057437,2,Graduate,0
0,3,2,4,0,6,150.42780635084586,10,1,2,0,5,174.26278898211186,0,0,0,1,1,1,30,0,2,4,5,3,9.597455213118051,1,1,6,6,6,5.331617525288327,0,8.40775360089139,1.9060756179403668,2.927219341859847,69.71415591609392,1,Enrolled,1
0,6,1,1,1,5,168.2792736780447,1,5,2,7,2,119.37983021395436,0,1,1,1,1,0,37,0,2,3,4,3,8.652311918823353,0,0,5,5,5,9.610405428516408,0,11.062273390561986,1.668589714870874,0.5041888541590911,67.16162541425336,0,Dropout,0
0,4,2,14,0,8,168.2101368347186,2,4,6,8,7,147.4524291997847,0,0,0,1,1,1,36,1,2,3,3,3,13.142864982363024,0,1,6,6,6,13.968419065419896,0,9.2424074789156,1.293490593822198,-1.3686014486836895,67.79455487785157,1,Enrolled,0
0,5,7,14,0,5,147.65604853396997,5,4,1,9,8,162.07590429313873,0,0,0,1,1,0,24,0,2,4,5,4,11.89485106973284,0,0,6,7,6,10.50080600901649,1,17.05578502898847,1.6903416058210865,3.229163433904164,71.5561760830276,1,Enrolled,1
0,7,4,6,1,9,151.85140397940037,17,1,5,8,9,153.85539345199024,0,0,0,1,0,0,23,0,0,5,6,5,15.105045577637126,0,2,6,7,6,17.15330403654297,1,12.919685155608605,4.0,-0.051637630653037,94.56677138930056,2,Graduate,1
1,7,5,12,0,11,126.43786221544738,13,3,5,7,3,125.9330675607994,1,0,0,1,1,0,19,0,0,4,5,4,16.054288774703416,0,1,4,4,3,14.204657203810443,1,7.400701052548259,1.799738877806225,1.017939682703031,50.31902592871629,1,Enrolled,2
1,17,5,9,0,3,114.82076585169403,6,6,6,9,4,160.98054352777297,1,0,0,1,0,0,33,0,0,3,4,1,15.52197698125817,0,1,6,6,5,16.80194481419303,1,13.874603615904949,0.9931152983398048,-1.21404625213841,60.96447642104735,1,Enrolled,0
1,6,7,13,0,1,133.48843353249964,10,3,3,7,2,143.8944113966875,0,0,0,1,0,0,49,1,1,3,3,3,12.993759464116502,0,0,5,6,5,12.606809289444149,0,17.2335977987606,1.3743613453976518,0.1509143296723685,59.36472186617574,0,Dropout,0
0,4,7,13,0,4,184.81759525480956,2,5,5,3,4,97.00145203493967,0,0,0,1,1,0,28,0,1,3,3,0,14.936540985404658,0,1,3,4,3,13.9275730848562,1,9.35041201957787,1.2511247378258994,2.62936080898656,76.1943148922943,2,Graduate,0
0,2,8,10,0,7,123.31806930971052,5,4,2,7,1,170.58164014618274,0,0,1,0,1,0,38,0,2,5,6,5,7.53995416645671,1,1,6,7,5,10.59744186080746,1,11.46042913535117,1.583182823822749,1.4932967574966218,93.14524234452608,1,Enrolled,1
0,6,3,6,0,3,144.5570893095513,19,2,3,6,1,124.66035444274202,0,0,0,1,1,1,38,0,0,3,3,3,16.830263000482738,1,0,4,5,4,18.989127481501647,0,13.038698706201288,0.4062150897661685,-0.5523142292618268,65.65587933999916,2,Graduate,0
0,7,8,3,0,10,143.31077676442527,2,2,6,8,4,135.6099061315715,1,0,0,1,0,0,46,0,2,6,6,6,11.58309625622584,0,2,6,6,6,8.514444305351413,1,6.641697984291183,2.458724296914093,-2.581758119746765,68.59896818869686,0,Dropout,1
0,2,8,16,0,8,126.7649617764072,1,4,4,9,6,147.736634413967,1,0,0,0,1,1,24,0,0,6,7,6,19.894782692227203,0,0,6,6,4,20.0,0,6.0,1.8562332162719,2.03874359687609,87.44355617425722,2,Graduate,1
0,10,2,9,1,2,167.63976636063734,8,2,1,7,0,126.70270161656484,0,0,1,0,1,0,43,0,0,5,6,2,16.93679991942261,1,0,5,5,5,20.0,0,10.47870465344695,0.5530653668468454,0.0525392393366296,92.86521448544462,2,Graduate,1
0,7,6,17,1,9,169.9538291037639,15,6,1,9,2,158.92269304982986,0,0,0,1,1,1,43,0,0,3,4,3,12.309500459466964,0,0,5,5,5,15.431711922741796,0,7.5332491610001,2.723722239596881,1.1147666340702629,87.2204120631097,2,Graduate,0
0,9,4,9,1,3,190.0,6,1,4,1,0,112.40398934957211,1,0,0,1,1,0,37,0,0,3,4,3,13.074937199415016,1,1,4,5,4,10.50151301782446,0,9.345349590808564,-0.7831991244771181,0.5536366861892003,58.34009108179226,0,Dropout,0
0,2,1,5,0,11,117.43507553673896,4,5,6,7,7,125.64048727203284,0,0,0,1,1,0,46,0,0,6,7,3,17.144215650429686,0,2,4,4,4,20.0,1,13.074528631715356,4.0,0.0343214570334444,51.629218965054704,1,Enrolled,2
0,12,6,15,0,6,143.95613905115627,12,4,3,7,1,170.64308004763834,0,0,0,1,0,0,49,0,0,6,7,6,5.089584095457028,1,1,4,5,1,7.11467708851523,1,11.695000951897567,3.76224235077575,1.9158452989565635,62.16627161372312,0,Dropout,2
0,6,1,10,1,7,136.94829496568914,16,5,4,9,5,140.63192532871173,0,0,0,0,0,0,44,0,0,4,5,4,12.439192257870683,1,0,4,4,4,9.517761087250062,1,11.674411004280904,3.570170730588876,-0.7630764046568923,82.45794357523047,0,Dropout,2
1,1,3,4,0,5,119.8989010278258,21,1,5,9,5,113.57964547961524,0,0,1,1,0,0,49,0,1,5,5,5,18.95498309154129,1,1,4,5,3,19.174170042751918,0,9.614125719000755,0.9041650452037604,1.069299817660513,75.58052790172809,2,Graduate,2
0,15,1,12,0,10,120.3438797460515,2,2,2,8,8,141.96820542590504,0,0,1,1,1,1,21,0,1,4,5,4,15.956987565087651,0,2,3,3,1,16.851142910326402,1,8.066796084831338,1.7888046642654922,1.546483511095623,76.72821439539828,2,Graduate,2
0,14,7,14,0,5,138.6701625722145,8,4,4,2,5,150.04134418351117,0,0,0,1,1,1,35,0,2,5,6,5,10.068001437947796,0,0,3,4,3,7.075672072305449,0,7.873660293305316,0.7538121188043783,3.225548944177371,59.44262362870172,0,Dropout,2
0,13,4,15,0,1,124.72760762835372,6,6,4,7,9,100.34951860429211,0,0,0,0,1,1,20,0,0,3,3,3,14.100661138922614,0,2,4,4,4,15.565896474102315,1,15.231209710348384,2.016813822165005,0.8939081420030772,95.2552216639982,2,Graduate,0
0,5,8,5,1,4,113.44757234018388,3,1,5,7,5,181.35710636163083,1,0,1,1,0,1,33,0,2,3,3,1,9.58157381584523,0,0,4,4,2,15.355963880354343,1,16.76839331203675,1.522038374602999,-1.3453851787910007,93.03500496998043,2,Graduate,0
0,2,4,12,1,1,137.71883910340193,1,1,3,9,0,184.73508910766316,1,0,0,0,1,0,44,0,1,5,6,3,11.804865944984265,1,0,3,4,1,14.917931114184682,0,13.236464981658802,0.9476952356286972,2.0146441997131457,68.27075085408043,1,Enrolled,2
1,15,7,3,1,9,110.66194721468122,8,6,2,3,6,143.00001857787404,1,0,1,1,1,0,46,0,0,4,5,4,14.168431666770772,1,0,5,5,5,14.273402525911296,1,9.157462236771064,0.9349080312229484,-0.7985714915066389,49.84248424663703,0,Dropout,1
0,16,5,15,0,9,124.74017727771528,12,5,2,4,5,134.997958509781,0,0,0,1,1,0,45,0,1,6,6,6,14.784388135625615,0,2,3,4,3,13.780961796807508,1,6.661480941164789,1.598983300084459,-0.4061758588668844,99.3826800427584,2,Graduate,2
0,7,2,15,0,5,142.95874437075778,7,4,1,1,7,140.57360220033647,0,0,1,1,0,0,22,1,1,5,5,5,15.552965534740366,1,0,4,4,2,16.07393688862287,1,18.0,4.0,-0.0997653976111601,99.32134651557962,2,Graduate,2
2,6,2,12,1,5,132.02791880916712,17,5,2,5,0,162.32627462843394,0,0,1,0,1,0,40,0,2,5,5,4,17.31825546935862,0,1,5,6,5,14.580210985313618,1,11.359427493012468,3.066640803847637,0.4674129359065039,93.85798325836168,2,Graduate,1
0,17,1,15,0,5,129.33674729083597,13,5,2,9,7,151.31523374111924,1,0,1,1,0,0,45,0,0,5,6,5,8.821958145034847,1,0,4,5,4,7.328096164197275,0,11.295568602275088,1.60280050191128,3.1270464419553194,61.36596826787431,0,Dropout,2
0,1,2,6,0,7,174.79484369790177,18,1,2,8,7,145.98070501431246,0,0,0,1,1,0,47,0,2,3,3,1,13.084073597124457,0,0,6,7,6,7.879646559185917,1,8.206991221733066,1.282575859503256,1.973520660148873,67.31321324896255,0,Dropout,0
0,6,7,17,1,6,165.85770497320362,16,5,2,2,0,174.55825200760952,0,0,0,1,0,0,49,0,0,5,5,4,10.023785157090195,0,0,5,5,5,10.81018402437369,0,12.06446018074185,2.247595104501747,-1.180024364739629,50.13908839397374,0,Dropout,1
0,6,3,15,0,2,136.81405465774685,8,2,5,5,6,168.27346981404628,0,0,1,1,0,1,37,0,0,3,4,3,11.60400261011187,1,1,4,5,4,10.46025039763958,0,9.376651628842485,0.7644617981007221,3.5,87.9714722831205,2,Graduate,0
0,4,2,15,0,11,112.68502201845736,21,2,6,7,6,116.00215787401116,1,0,0,1,0,1,48,0,0,6,6,5,10.359468365686835,1,1,3,4,2,11.604597022782269,0,6.83360841572591,1.2263286515142051,2.709963123940409,79.37265810717224,1,Enrolled,2
0,8,6,11,0,10,152.83670591462476,12,1,1,1,6,162.1848957980722,1,0,0,1,1,0,39,0,1,6,7,6,14.747912203161944,0,2,4,4,2,14.747337157013815,1,8.984251979395426,-0.8418584881183975,1.5498689170661877,65.87362335078254,1,Enrolled,2
0,9,7,12,1,3,190.0,6,5,6,9,2,168.79051517035413,0,0,0,1,1,1,49,1,1,4,5,4,16.685567234789804,1,0,3,3,2,13.8585533085103,0,11.2089765613864,1.6090243024549875,-3.371341552792982,46.76451577588976,1,Enrolled,2
2,10,1,1,1,5,165.02983210370442,2,2,4,0,2,146.95649246572606,1,0,1,1,0,1,19,0,2,3,3,3,16.87454978393842,1,2,5,6,5,17.075772296480412,1,14.599949204939236,1.639530156068857,-0.7193454575169251,77.47383692093348,2,Graduate,0
0,8,2,16,1,7,106.39734047961934,7,3,1,5,7,154.97583543209288,0,0,1,0,0,0,34,0,2,6,7,6,9.131894216433306,0,2,3,4,3,7.048219093210139,1,6.0,0.847443725426407,0.8162691952034173,89.06285425739426,1,Enrolled,2
0,2,6,11,0,2,130.65189824335178,4,3,3,2,7,132.3140479727456,0,0,0,1,1,0,41,0,2,6,6,5,12.568456837533503,0,0,5,5,3,16.407039539791302,1,6.283573094647346,2.041667757730774,3.5,90.761833054949,2,Graduate,1
0,17,4,1,0,11,118.8743664482938,20,5,6,1,7,109.88949418684916,1,0,1,1,1,0,47,0,1,4,4,3,9.034843375403582,0,0,4,5,4,6.626129634710889,1,8.720252191560466,1.6493620585038664,3.1858434258511235,65.11446915706756,0,Dropout,0
0,1,4,4,0,4,114.62641539080948,16,1,6,9,2,187.18196405514212,0,0,0,0,0,1,19,0,1,4,5,4,8.918201202016249,0,1,3,3,3,7.443016902496359,0,7.192054819375152,0.8618470792414168,-0.937775808421152,85.4260440467197,0,Dropout,2
0,14,5,6,0,1,159.97097631105066,17,2,4,7,3,106.51345052705584,0,0,0,1,1,1,40,0,0,4,4,1,10.683940190047736,0,1,5,6,5,7.849946313770904,0,10.0075294295035,2.487656953874752,-2.224478906406992,53.787953397436645,0,Dropout,0
0,5,7,4,0,7,159.50724807588014,3,4,1,8,1,182.03146899457937,1,0,0,1,1,0,48,1,0,3,3,3,14.20154191823454,0,2,5,5,5,11.150980969032393,0,8.524605793912121,1.2843780981806423,0.4716553109892618,61.933561584819415,0,Dropout,0
1,9,5,2,0,11,174.05972201291632,3,4,1,6,2,138.36877359997095,0,0,0,1,1,0,38,0,2,5,5,5,14.81620264995976,0,0,5,6,2,14.591360057917877,1,10.374019413013096,0.2430090971124272,1.0526882102209287,82.21129573560059,1,Enrolled,1
0,17,5,17,0,2,149.92367866289118,14,2,1,8,4,171.18599071751774,1,0,0,1,1,1,39,0,0,3,3,3,15.28980327273858,0,2,6,7,5,11.876077759941207,0,10.502427728306891,-0.6135429200393876,-1.4341868809695588,86.40214958933127,2,Graduate,0
0,6,5,1,1,8,134.01485708179257,14,5,1,6,2,140.5728997109533,0,0,1,0,0,0,18,0,0,4,4,3,15.073254427315662,0,1,5,6,5,14.303518869094065,1,6.0,3.222490440629194,-0.7676323099210953,59.08610426210346,1,Enrolled,0
0,1,2,13,1,10,139.1336195943047,7,3,1,2,3,163.43526948850416,0,0,0,1,1,0,43,1,1,5,5,2,10.032521592082322,0,2,4,5,2,10.80757677745775,1,9.373547289004987,1.6510984692204405,3.5,48.03103901930778,0,Dropout,0
0,11,7,12,0,11,115.07720707817164,1,3,6,0,6,151.22136134770778,0,0,0,0,1,1,18,0,1,6,7,5,17.13965656726833,1,0,4,4,4,15.780546543235737,1,7.6039022027031455,1.6002192515838816,0.1267596942186284,82.16818532032522,2,Graduate,2
1,4,7,2,0,1,165.14218870713606,15,2,1,0,2,123.26558479459337,1,0,1,1,0,1,42,0,1,3,3,0,15.811480125901095,1,2,4,4,4,10.004152847506871,0,13.414530864856786,1.4474427123022429,0.2585130149465283,83.44188857011197,2,Graduate,0
0,6,6,12,1,2,118.6934892379603,14,6,5,4,0,143.35298970284114,0,0,0,0,0,1,33,0,2,4,4,4,11.555584441116926,1,2,5,6,5,14.590487921840255,0,7.961026317087938,2.961639571064284,3.5,82.28592696412022,2,Graduate,1
0,8,1,4,1,8,126.01061929455165,4,3,5,8,0,136.42673979025196,0,0,1,0,1,1,49,0,1,4,5,4,11.687781147822989,0,0,4,5,3,12.054239486394035,0,8.51489642970121,1.6711265961658128,0.1902901146676997,40.01287664828626,0,Dropout,2
1,15,8,2,0,5,128.318740885661,4,2,4,9,3,156.07451143337477,0,0,0,1,1,1,25,0,2,5,5,4,10.698604456478565,1,0,5,5,5,11.095039522573952,1,7.276770162299641,3.357637337482763,-1.0203639829623694,97.92710232624349,2,Graduate,1
1,2,2,1,0,5,90.0,11,1,2,5,0,143.53853052100573,1,0,1,1,1,0,45,0,0,3,3,2,8.478548563712161,0,0,5,5,5,7.598391842217159,1,9.91040067716542,1.6749670658786409,-0.4765116289901436,78.52517893789809,0,Dropout,0
0,4,1,13,0,11,154.0863673369594,1,3,1,1,5,147.15392209748865,0,0,0,1,1,1,42,0,0,6,7,6,15.331086994407285,0,1,5,6,5,17.058319558793546,1,9.543564358530068,-1.0,1.3248485489742463,78.50397593404327,2,Graduate,1
1,4,1,5,1,7,114.14979527590803,11,6,6,5,3,114.3532119600262,0,0,1,1,0,0,41,0,0,6,7,4,15.87721624507106,1,2,6,7,6,17.92220460779905,0,14.445426424585264,3.0202575745710343,-0.0547966150311327,88.80324659315559,2,Graduate,1
0,12,1,1,1,4,150.1687843283091,12,5,2,3,4,108.04670300136014,0,0,0,0,0,1,40,0,0,5,5,5,9.758816383422571,0,2,3,4,2,12.053743622683497,1,9.90904818251829,1.878325713791768,0.5657359711158171,88.97361559954498,1,Enrolled,2
0,12,1,2,1,9,125.1316795216898,15,6,5,8,5,141.76569571745853,0,0,0,0,0,0,29,0,1,5,6,5,8.688494511248077,0,0,4,4,2,9.060302008205396,1,14.036092990464544,0.8917183898926572,0.7226782013994089,91.09766053612432,1,Enrolled,2
0,15,8,14,1,3,124.9367867406475,15,3,3,9,1,144.53880277609633,0,0,1,1,1,1,23,0,0,6,6,5,9.722121245407914,0,0,6,7,4,5.98218328211842,0,14.614816807944358,1.1919369973668654,3.5,55.41089558061199,0,Dropout,1
0,10,4,9,0,8,110.56743326617638,4,2,6,2,0,113.71081782128732,0,0,0,0,1,0,36,0,1,5,5,4,13.385856212417126,0,1,4,5,3,14.098787573910617,1,8.938822419021982,1.130707147120515,2.0827622550648237,94.39193365645944,2,Graduate,2
0,7,6,8,0,3,165.54565098541198,6,4,1,6,9,154.28891427596903,1,0,0,1,1,0,17,0,0,5,6,5,8.1630791886457,0,0,6,7,3,8.531661776021735,0,9.474967932679744,0.0101658382454077,-0.9118994760815148,78.91224828436286,1,Enrolled,1
0,2,1,11,0,8,170.44718667436118,2,3,6,9,1,155.37611504940065,0,0,0,1,1,0,24,0,0,3,4,3,16.94733492985037,1,1,3,3,3,15.27571102449912,1,8.278629886716441,2.552665991431416,0.4864314122411562,62.89059128952405,2,Graduate,0
0,13,2,4,0,1,156.99755167835005,9,6,4,7,5,143.90333835484063,0,0,0,1,0,0,32,0,1,5,6,5,16.737852104904025,1,1,3,4,3,14.433211868545396,0,6.316868820745978,0.964964692083544,2.245461674649127,64.29843966253239,2,Graduate,2
0,16,1,3,1,10,140.83245301762742,8,2,2,1,9,140.39346449330796,0,1,0,1,0,1,30,0,2,4,5,3,14.485207303514906,1,1,3,3,3,15.542803205385432,0,17.075617840397157,0.4582388102663539,2.7491353175182933,85.46868783270702,1,Enrolled,2
0,8,4,5,1,10,137.98580490324497,19,3,4,9,8,108.31257710226234,1,0,0,1,1,1,28,0,1,4,4,2,15.834075124281782,1,0,3,3,3,15.344483323668731,0,8.29444473810702,4.0,-2.0879433706800032,67.13334844928836,2,Graduate,0
1,1,2,14,0,7,158.90503960620265,8,3,1,6,7,107.89341475119564,0,0,0,1,0,0,39,0,2,4,5,3,13.205643857786797,1,2,5,6,5,11.93034213423331,0,7.29487335898922,0.1163493291984472,-1.750800832718942,80.7303149276,2,Graduate,1
0,17,7,10,0,1,132.2348063542224,20,3,2,4,9,149.8677236900774,1,0,0,0,1,0,31,0,1,5,6,5,14.628038981894216,1,0,4,5,4,18.50905406219461,1,6.817543411804881,1.394656804166779,1.6459392129625194,76.72821269866317,2,Graduate,2
0,15,6,6,0,2,163.98840671819477,10,4,6,0,0,119.2994675048406,1,1,0,0,1,0,44,0,2,6,7,3,8.449362148416025,1,2,4,4,4,9.828216982044744,0,8.123858646218116,-1.0,-0.3479342440189286,60.56297724240983,0,Dropout,2
0,14,3,10,0,11,113.82214818458712,17,2,6,6,4,121.0559224894281,0,0,0,1,0,0,18,0,2,4,4,2,17.866678170216268,1,0,4,5,3,18.65301901902497,1,9.08916461047346,3.0051598230535834,-0.6007770375758157,90.53348111211494,2,Graduate,0
0,7,2,11,1,11,156.5948113171396,19,6,2,9,6,146.96967845560914,0,0,0,1,1,0,48,0,1,3,3,3,11.294264712764791,1,1,5,6,2,14.040345416207035,0,13.727946411385874,1.1610644637106633,1.1367422297641956,96.4317282439325,2,Graduate,0
0,10,8,8,0,1,163.27204212244428,1,1,6,7,7,190.0,0,0,0,1,1,1,39,0,2,5,6,5,12.549197099237608,0,2,4,5,4,13.075144143641811,0,15.438193277681162,2.480303891077654,2.2233707768907194,67.64148128916085,0,Dropout,1
2,11,7,4,0,10,110.84151131136186,21,6,1,0,6,130.06397263455966,1,0,0,1,0,0,38,0,1,6,6,6,20.0,0,0,3,3,3,17.93973563459449,1,6.0,0.3680748306944412,0.3699263937898133,82.50160857985395,2,Graduate,2
0,5,4,14,0,3,116.54136121006523,15,5,3,3,0,190.0,1,0,1,0,1,0,41,0,2,6,6,6,12.229973928129434,1,0,4,4,2,10.955988001795316,1,14.76286298559372,-0.4388091629388464,-2.69749703455602,79.92312451029034,0,Dropout,2
1,7,6,3,0,9,134.02163624461022,11,4,1,3,3,138.09359259210174,1,0,0,1,1,0,38,0,0,5,6,3,15.587906352581216,0,2,4,5,4,17.117763136225044,1,15.03286968114183,0.604814918385402,-0.1514326282622584,81.18631115843189,2,Graduate,2
0,12,4,12,1,1,144.30869208174005,7,5,4,4,3,154.09633012652486,0,0,0,1,0,0,38,0,0,5,5,3,14.800863632196329,0,1,6,6,6,16.062960637601428,0,8.140242186777522,3.1145744410085787,-1.2887294852444109,99.60786223683492,2,Graduate,1
1,2,5,15,0,3,121.41291041903035,16,5,5,4,8,163.9929044457784,1,0,0,0,1,0,22,0,0,3,3,1,8.335134793812166,0,1,5,5,5,9.15091837250336,1,7.2671401866349425,2.1926281599749906,1.811104743580504,82.57226052057001,0,Dropout,0
0,7,3,8,0,2,137.02833216493008,3,1,5,3,5,165.8129368300195,0,0,0,1,0,1,31,0,1,5,5,5,9.500899319241777,1,2,3,4,1,6.35664431441805,1,11.565670165690902,-0.4397394846862266,3.5,40.305416975162544,0,Dropout,2
1,5,1,14,0,5,90.0,12,3,5,0,5,148.4766177113014,0,0,0,0,1,0,49,1,2,5,5,4,20.0,1,0,3,3,1,20.0,0,8.085562166995818,-1.0,1.31825393144004,91.58599504096924,2,Graduate,2
0,12,7,6,0,7,151.82983160327498,16,1,2,8,4,134.25785704498225,0,0,0,1,0,0,24,0,0,6,6,6,15.02707029879002,0,1,3,4,2,14.56453574184488,0,14.493795233264123,1.114537204514947,1.5938242139598908,52.39609981075186,1,Enrolled,2
0,4,4,14,0,6,152.86477147168364,20,5,2,4,4,160.70167461458863,0,0,0,1,0,0,21,0,1,4,4,4,12.940937479964765,0,0,4,4,4,14.140791502316889,0,11.472571695389698,2.810846234645726,2.263401469720979,72.80214308080207,1,Enrolled,0
0,3,8,4,0,10,168.46199228106627,19,4,1,0,8,150.60018571000788,0,0,0,1,0,0,20,0,1,4,4,3,11.125231746152965,0,1,3,4,3,8.749821440439641,1,7.736866014565973,0.5897795417009181,3.2264832388660327,65.00462545242638,1,Enrolled,0
0,17,5,6,0,5,147.62302299341644,2,5,2,2,1,129.103355349649,0,1,0,1,1,0,22,0,2,6,6,6,14.120271467619744,0,0,3,3,3,18.73535717378126,0,10.87702088469011,2.791572428799266,-0.2473394630062606,58.5265769139023,1,Enrolled,2
0,4,5,16,1,3,126.85848965072496,8,5,6,0,9,175.22719583874772,0,0,0,1,0,1,48,0,1,5,5,4,14.453017065254423,1,1,6,7,3,14.771756825049494,1,10.210853350801337,1.6523643088611442,0.7047120305264308,61.16640023393727,1,Enrolled,1
0,9,6,17,0,7,112.6847864498712,19,1,4,6,4,151.43496594590522,1,0,0,1,0,1,46,1,1,3,3,2,13.792825390845838,0,0,4,4,3,12.448957122680875,1,6.0,3.6033221540874822,2.507235086821637,74.04834089045771,1,Enrolled,0
1,2,1,2,0,9,117.11094240164192,11,2,6,9,0,121.27025346402765,0,0,0,1,0,1,32,0,2,4,4,2,16.74136203344634,1,0,6,6,6,18.056827063787654,0,7.0388691035983495,0.6855444461701515,-0.8950557269516999,94.71914505664138,2,Graduate,0
0,10,7,13,1,2,133.04594571263087,11,5,1,9,4,118.3460408368482,1,0,1,1,0,0,29,0,0,5,5,5,9.965994962411877,0,1,5,6,4,11.811140526276784,0,8.026679198595666,1.427947197294308,-1.9162616398864816,86.59358427467004,1,Enrolled,1
0,9,7,16,1,6,116.36957546644976,2,2,4,9,3,188.9729156020586,0,0,0,1,0,0,46,0,2,4,5,2,9.497544971271578,1,1,4,4,4,10.782736623869663,0,11.138465179976158,0.7137677673200057,-0.0371141716841629,46.96316923063623,0,Dropout,0
0,8,7,13,0,5,118.09472141764864,5,3,5,6,3,127.6846241598545,0,0,0,0,1,0,35,0,0,6,7,3,16.65074672189626,1,0,6,6,3,13.86373611839146,1,11.699135544562372,2.6824208517589287,3.0615063362105044,66.78938324836861,1,Enrolled,1
0,11,6,14,1,9,134.16898147244078,5,5,4,5,3,158.8236263132576,0,0,1,1,1,1,33,0,0,4,4,2,20.0,1,2,5,6,3,20.0,1,13.619637917540356,2.20898094841074,1.0529087701314197,71.85536151345404,2,Graduate,0
0,17,2,8,0,8,99.54469782154489,10,1,6,8,2,149.4213471228953,0,0,0,0,1,1,35,0,0,6,7,4,15.949073549410857,1,0,6,7,6,14.7869229166789,1,7.88595772614115,-0.5381232321450335,-0.0392591495969381,44.96523764397926,1,Enrolled,1
0,17,3,5,0,9,113.20320579512295,2,6,5,6,5,157.9737394252339,0,0,0,0,1,0,44,0,0,6,6,5,17.542137991255345,1,2,5,6,3,17.20190189836519,0,6.0,2.3306094327928037,2.6283227030458987,57.3721085009564,1,Enrolled,1
0,15,1,9,0,7,139.80555889126907,15,3,2,4,2,187.7953397473337,1,0,1,1,1,0,42,0,1,6,7,6,12.73805777355693,0,1,3,4,2,6.916174299788025,1,7.458929450035048,-0.2868089878843451,1.79626493215933,97.59562615667124,1,Enrolled,2
0,16,8,15,0,5,140.86299708011177,18,4,1,6,5,164.93290202959668,0,0,1,1,1,0,42,0,0,3,3,2,13.931402587017509,0,2,3,3,3,12.471276021359207,1,7.88182303371615,0.4065242174957713,-0.5985158230912908,96.23651017689086,2,Graduate,0
0,17,6,9,0,4,154.02742670833044,12,5,3,9,5,160.89426809610356,0,0,0,0,1,1,39,0,1,5,5,4,13.884297209946237,0,0,4,4,3,12.408427940172404,0,7.594629836134124,2.394829168856825,0.45830513811205,65.58939557808951,1,Enrolled,2
1,8,1,10,0,8,138.40886833819036,10,1,4,3,9,135.07818137092366,0,0,0,1,0,1,25,0,2,6,7,5,12.806006732859371,0,1,6,6,5,13.632526321398672,0,9.935209234147363,-0.0053549978791702,-1.0434644644870774,67.60101967993035,1,Enrolled,1
0,7,2,14,1,2,135.68034605481475,7,5,1,9,1,123.38566965458357,0,0,0,1,1,0,28,0,0,6,7,4,17.939539030858736,0,1,6,7,6,16.327048213738124,1,12.094664884557323,1.054300499960605,1.0580943213529577,73.39991147413772,2,Graduate,1
0,4,2,16,0,1,149.01468333328202,15,1,6,8,8,190.0,0,0,1,1,0,0,17,1,0,4,4,4,16.90546546227826,0,2,5,6,4,12.551461905017035,0,8.764443327222882,2.4112630539848965,1.9454059273974196,67.72469208447878,2,Graduate,0
0,7,4,5,0,3,139.186639377104,15,1,3,5,9,138.954095257144,1,0,0,0,0,1,17,0,0,5,6,5,11.602680232460145,1,1,4,4,3,11.91228941369391,0,11.503287654319152,1.998246988157956,-3.6244474950993455,64.7725867683219,1,Enrolled,2
0,11,2,10,1,7,113.61367446690068,12,2,1,3,7,137.33277370841515,0,0,0,1,1,0,48,0,0,3,3,2,7.2404802937354,0,2,3,3,3,6.314406963209597,0,12.910157161376787,1.928069340921912,-1.036313362513706,70.16800592995189,0,Dropout,0
0,3,2,6,0,1,117.40978564424758,20,5,3,4,6,147.21982137966734,0,0,1,1,0,0,41,0,0,3,3,3,12.777490029781564,1,0,6,6,6,10.656114568954408,1,9.968366513477228,2.4501555384556206,3.5,63.65100588913967,0,Dropout,0
2,2,8,9,0,5,171.8846844729362,15,1,1,7,8,144.78637777812074,0,0,0,1,0,0,17,0,2,4,4,4,8.958717352837459,0,1,5,6,4,8.877533227450007,1,6.587687206305139,3.0684267169377444,0.196021077176143,56.207410204447136,0,Dropout,0
2,1,3,16,1,5,190.0,3,1,5,6,7,179.8194053592848,0,0,0,0,0,1,32,0,0,3,4,3,13.082862697155935,0,0,3,4,3,8.333511419248783,1,9.162790712107617,0.0113651209325718,3.5,80.68935776782688,1,Enrolled,0
0,6,6,11,0,3,151.1942122285012,16,3,3,5,8,153.4901708757748,0,0,0,0,0,0,21,0,2,4,5,4,9.234469260788618,1,2,3,4,1,10.48561876694446,0,13.06125131282755,1.89989474081782,-1.4951073429852568,50.84131945079355,0,Dropout,2
0,14,6,5,0,11,112.81489441873126,19,5,1,1,7,107.25189200084756,0,0,0,1,1,0,38,0,2,5,5,3,17.39780822601995,0,2,3,4,3,16.640801846688294,0,11.890789576418063,2.657422297363314,-0.157228918117608,40.66196657220846,1,Enrolled,2
1,4,7,9,1,1,176.77723736321548,7,6,3,2,2,123.5090486370021,1,0,1,1,1,1,45,0,2,4,4,3,15.39547952015304,1,0,5,6,5,14.427226834177928,0,6.7980482132403495,2.4214241474421696,1.191780011280312,85.31892085820958,2,Graduate,0
0,16,7,11,0,5,125.53482262253648,17,6,5,0,9,140.26773523598544,0,0,0,0,1,0,19,0,1,4,5,4,15.31046052807794,0,2,5,6,5,17.39246079709143,0,13.532349547107618,1.3088067086012276,0.2265390312855595,77.52116810103519,1,Enrolled,1
0,10,3,9,0,8,144.34796791575664,4,3,3,2,0,165.6410274161572,1,0,1,0,1,0,28,0,1,6,6,6,16.75265043100594,1,2,3,3,2,15.113098791707834,1,9.008184028199546,1.239477471463975,3.077811632694848,44.13122484183576,1,Enrolled,2
0,5,3,4,0,9,134.55115364322702,15,2,3,1,5,101.989253696397,0,0,0,1,1,0,42,0,0,3,3,3,14.36887535484315,0,0,5,6,4,14.715515429801028,0,6.781828086229445,2.48919754721621,0.5869705407494104,82.72689022055422,2,Graduate,0
0,11,1,8,1,6,139.09158456288358,9,2,1,9,2,152.34706739273733,1,0,0,0,1,0,32,0,2,5,5,5,14.913806259185058,0,0,3,3,3,14.290013951527555,0,9.90427766327545,1.7568300310088387,2.0817560434818114,89.12502484046826,2,Graduate,2
2,1,7,5,0,1,125.31378756563532,17,1,4,5,2,158.28281955989098,1,0,1,1,1,1,38,0,2,5,6,5,18.021445565364857,0,1,3,4,3,20.0,1,6.0,2.8129570588353325,-1.1656357867181426,35.63580004717331,1,Enrolled,2
1,17,3,3,0,5,163.55345798706077,1,1,5,3,5,162.0591606060623,0,0,0,0,1,0,45,0,0,6,6,3,12.529197052618512,1,1,3,4,1,13.450195958524626,0,11.95066100953167,1.6318438470726282,1.2759161044308576,67.91557428197945,1,Enrolled,2
0,14,3,4,0,2,130.9421071862318,2,1,6,9,9,137.9977939140786,0,0,0,0,1,0,30,0,0,4,4,4,15.1179036708863,0,0,5,5,5,11.964261672867204,0,13.43393355207022,1.051733429675812,0.2351887972529189,52.96859293758456,0,Dropout,0
1,7,5,16,0,1,148.4793497745299,7,5,1,2,8,166.2309967989605,0,0,0,1,1,1,44,0,2,5,5,4,9.314015215351484,1,1,4,5,4,13.394543108365507,1,6.996162565660598,-0.6161611243299392,-1.002622597279011,73.80371627118771,0,Dropout,2
0,14,8,13,1,3,148.00367717924252,14,5,2,7,4,119.6246889288734,0,0,1,1,0,1,21,0,1,5,5,3,13.277469204028698,1,2,4,5,4,15.584953265676305,1,9.494979496025415,1.223476190459396,1.6398003835493862,84.15248210205903,2,Graduate,2
1,1,3,3,0,11,132.57055054381317,5,6,3,4,0,163.6373082177869,0,0,0,1,1,1,46,0,2,4,4,1,20.0,0,1,5,5,5,19.81240440439588,0,12.614843228622265,0.0228549479266171,3.251931177769552,72.49356305732181,2,Graduate,0
0,6,1,4,1,10,101.89630799341931,4,4,2,3,9,138.45885182994536,0,0,0,1,0,0,21,0,0,4,4,4,15.85188882925839,1,1,6,7,6,14.458569617140256,0,6.007429810953875,-0.6954532401103823,-0.271466057025185,53.17890960933994,2,Graduate,1
0,7,6,1,0,5,116.79686529011204,13,1,6,5,6,141.07213998061,0,0,0,1,0,0,28,0,2,5,5,4,12.699019895241404,1,2,5,6,5,9.08307827980073,0,6.335845876211906,0.4613459241529902,1.5609990656621435,88.36873902621436,2,Graduate,1
0,11,8,8,0,9,150.66344868912847,10,6,1,3,8,140.7943056484079,0,0,0,1,0,1,32,0,0,4,4,4,13.925892155076587,0,0,6,6,6,14.702236888071916,0,9.288930438638568,2.343734785663974,0.4128278210626452,77.36621447350299,1,Enrolled,1
0,10,5,9,0,7,141.76316364200957,13,3,6,9,9,156.2530403657528,1,0,1,0,0,0,42,0,1,3,3,3,12.926506102830032,1,2,3,4,1,10.938615164704768,0,9.16327162535592,1.2097791380310734,0.992890245573588,58.093998506013264,0,Dropout,0
0,3,7,5,0,6,117.06931218882816,12,6,6,9,1,112.37984352882606,0,0,0,1,1,1,42,0,2,5,5,5,13.810952169224244,0,1,6,6,6,11.311031275207972,1,10.146412025107251,1.7138121356373637,2.3117502078426515,83.96903235719918,2,Graduate,1
0,2,8,12,0,9,135.96147023928572,18,4,4,4,8,162.13226288559605,0,0,0,1,0,1,37,0,0,4,4,2,11.603476024199756,1,2,3,3,1,13.241999860209688,1,9.68477268120559,2.308318971323936,3.395211305472924,88.42865656662542,2,Graduate,0
2,12,1,9,1,6,139.6123938482315,11,5,5,3,4,161.77155222323867,0,0,0,1,1,1,49,0,2,5,6,5,14.732049200705683,0,0,4,5,3,18.294310947478543,0,6.010604919875058,1.4570308565439645,3.035379168108851,41.23075264673626,0,Dropout,2
1,12,1,4,1,11,147.82077168910368,18,5,1,8,0,132.4629188453124,1,0,0,0,1,0,46,0,1,5,6,4,14.85608477686786,0,1,3,4,3,13.365402219949416,1,6.0,0.674385025014531,-0.5492397065605548,90.39639492176912,2,Graduate,2
0,1,5,17,0,4,175.04585928264663,12,1,4,1,3,140.06169156430096,0,0,1,1,0,0,39,0,2,6,6,5,13.023233036333869,1,0,6,6,5,14.737966687164182,0,6.045643423157529,0.9646696430257335,-1.6197156779095898,72.93045082252081,1,Enrolled,1
1,14,5,12,0,7,90.0,1,3,6,0,7,118.51385702911604,0,0,0,1,1,1,26,0,0,3,3,0,13.490207571406868,0,0,4,4,4,13.720755392346934,1,11.508684341651527,2.426915741284033,-2.820517207552013,31.1859735930694,0,Dropout,0
2,11,5,13,1,2,161.63533048094718,21,3,1,6,2,110.99061873471152,1,0,1,1,0,0,21,0,0,3,4,2,14.192686865046031,0,2,4,4,4,14.789758196659209,1,12.853222556057435,1.4685447882199811,1.9394403136915543,56.73612104265116,1,Enrolled,0
0,8,5,11,1,2,139.77812076017065,16,6,6,8,4,144.93537104582504,0,0,0,0,0,0,47,0,2,6,7,6,11.154649402925356,0,0,5,5,2,8.808096685014899,1,9.733037201550433,-1.0,-0.1473298161030424,81.02114238388259,0,Dropout,2
0,9,1,17,0,6,112.33410494199906,14,2,4,8,1,145.0968131873653,0,0,0,0,1,1,26,0,2,6,6,6,14.698446170218714,0,2,6,7,5,13.867573885132844,0,12.131602079018355,1.0762220235129023,2.712175253195729,84.30332712069549,2,Graduate,1
1,13,5,15,1,5,138.62749126967935,1,1,2,3,4,131.57343042814924,0,0,1,1,1,1,35,0,0,5,6,5,15.73055201039832,0,2,6,7,3,12.688958238801272,1,8.175463893833282,2.138009556319079,-1.0623946060872598,90.25197326481155,1,Enrolled,1
0,4,2,9,1,6,166.82108573067117,7,5,4,3,8,108.75552385641896,1,0,0,0,0,0,48,0,0,3,3,1,18.127031372766854,0,1,5,6,3,14.77053800279538,1,8.89860018234775,1.7194524196972027,1.6031612587294732,61.11541658328844,1,Enrolled,0
0,16,6,4,0,2,173.40530153441668,19,1,5,0,2,151.42643491767868,1,0,0,1,1,0,17,0,2,6,6,5,14.114303575205206,0,0,5,5,5,15.10999164529609,1,12.772497951504471,0.2753463334343928,-2.3864572188115405,95.40481169404622,2,Graduate,1
0,3,7,12,1,2,112.53448537606224,5,6,2,0,6,130.96739630746143,1,0,1,1,1,0,21,0,1,4,5,3,11.055274391383945,1,0,4,5,4,9.444552113805727,0,11.39563435076749,0.6046930131484771,1.708340099191294,94.88164440477206,2,Graduate,0
0,4,3,3,0,1,116.3307765165284,17,1,3,0,5,121.26646373870987,1,1,0,0,1,1,20,0,0,5,6,5,12.639719595323154,1,0,5,6,5,10.052012113192276,1,10.529626706402576,-0.838367660477846,1.5043391258096284,84.21260954810906,2,Graduate,1
2,4,7,17,0,2,106.55407670551128,10,2,2,5,1,171.89829964651813,0,0,0,1,0,1,32,0,1,3,3,1,8.999625811285048,0,0,4,5,2,5.675853709243179,1,9.557758771922808,2.1592420880601733,-1.1791538150749683,89.91588459556797,0,Dropout,0
0,8,7,7,0,11,140.12644356038302,4,2,2,5,6,115.62113127409653,1,0,0,1,0,0,40,0,1,5,6,4,15.54573403794101,0,0,6,7,4,11.461390082503671,1,6.5253921867877205,2.246159699759,1.1460353770211662,44.05231787797111,0,Dropout,1
1,11,7,7,0,10,141.2117814718984,14,4,3,4,9,154.04794023687523,1,0,0,1,1,0,32,0,1,5,5,2,5.790961705925148,0,2,5,6,4,0.5999430779770574,0,10.256517357460307,1.339928206179818,3.5,87.931680970282,0,Dropout,1
1,3,3,12,0,7,156.72487749326137,6,1,2,9,3,102.5115412756623,1,0,0,0,1,1,18,0,0,4,5,3,16.58629316599552,1,1,6,7,6,16.563655161608857,0,10.929816043063251,1.079618132911182,2.0384334943821107,71.37001484503239,2,Graduate,1
0,6,6,10,1,2,144.70889413349803,12,5,2,9,5,104.09460491070266,0,0,0,0,1,0,44,0,1,4,4,4,17.008634929946133,1,1,4,4,4,10.140072897365378,1,16.624361622199842,0.202235473787057,3.5,70.2745764157457,1,Enrolled,0
0,3,2,8,0,3,154.65692879091765,20,6,6,1,6,152.06696020239838,1,0,0,1,1,0,48,0,2,6,6,6,2.742811546328779,0,0,3,3,1,3.621109472536073,0,9.763174183123294,1.89884819495248,1.0757857735469674,73.7127354879988,0,Dropout,2
0,4,6,9,0,11,104.48717433062043,12,6,3,5,8,131.59658151876462,0,0,1,0,1,1,43,0,2,4,5,4,17.46348347626346,1,2,3,3,0,18.324170093325872,0,8.891009618553653,-0.4706200259616284,1.840654742463365,42.37913724705387,0,Dropout,2
0,4,1,14,0,6,173.56084949582072,1,2,6,0,6,110.7788051997943,0,1,0,1,0,0,36,0,2,3,3,2,16.595501594088898,0,2,6,7,6,16.04768961561926,1,10.845595147513473,2.4321913980716,-0.0571295634930593,55.85144576958977,1,Enrolled,0
1,2,1,6,1,6,163.53911874151717,12,4,3,2,2,163.74838545226288,0,1,0,0,1,1,40,0,0,6,7,5,11.98481875850524,0,0,4,5,4,11.870153858634383,1,14.344984416132514,2.1950126989528758,1.24332725566611,94.53716370572133,1,Enrolled,2
0,16,3,15,1,10,123.35765150042816,6,4,5,4,8,149.28287292884568,0,0,0,1,0,0,28,0,1,3,3,3,8.828645081547922,0,1,4,5,4,7.815244717102636,1,11.056238661120808,2.901821161849672,-0.9570214364404188,41.1857199881973,0,Dropout,0
1,5,4,7,0,11,117.68111314791103,4,6,2,9,5,95.0,0,0,0,1,1,0,49,0,2,3,3,3,10.067843150482354,0,0,3,4,3,10.330823969209684,0,9.46291610234348,1.5604176603537712,2.429996001274514,88.16602530991949,1,Enrolled,0
0,15,6,8,0,9,151.4169975704071,17,4,2,4,3,163.98503864187234,1,0,0,1,0,1,49,0,1,6,6,6,10.34518771266021,1,2,4,4,2,10.57910504589148,1,7.644867797867429,0.876009367607976,-0.6500282657742888,86.52233464870365,1,Enrolled,2
1,5,8,3,0,11,100.64431878885468,10,5,2,6,9,113.4028859124661,0,0,1,0,1,0,28,0,0,4,5,1,17.606195860733695,1,0,4,4,3,20.0,1,7.502406137197711,2.018619687403325,3.5,56.648955158255546,1,Enrolled,0
0,12,7,11,0,2,118.82543377117857,19,6,5,4,4,97.30266162653272,1,0,0,1,0,1,19,0,2,5,6,5,11.428359325436318,1,0,6,7,5,14.960432069592663,0,12.343405312842265,2.4371007045168733,-1.6230822815134596,81.44883179209907,2,Graduate,1
0,15,2,4,0,7,112.3892744792672,11,2,6,9,9,119.4859764274299,1,0,1,0,1,1,17,0,0,4,4,4,16.1686308362635,1,0,3,4,3,19.624116379133984,0,9.136612828181988,0.110772447608012,0.2513283618114467,60.18359234913355,2,Graduate,2
0,6,8,2,0,1,132.86974556677154,1,3,2,5,0,138.95494380620926,0,0,1,1,0,0,49,0,1,3,3,3,12.565787627222988,1,2,4,4,4,10.271452942723185,0,16.02089949432372,1.4169222408320086,0.3519819906212469,56.81933547222724,0,Dropout,0
0,1,2,1,1,6,125.23262368834716,5,5,3,6,3,141.93440819048678,0,0,0,0,0,0,26,0,1,3,3,3,13.19276473410149,0,1,6,7,6,14.787077675115375,0,10.252014362444354,1.818436488952354,-1.2123961971956174,72.67330387921675,1,Enrolled,0
0,5,8,7,1,9,117.7208561854599,14,6,3,1,2,99.12836908612633,0,0,0,1,0,0,45,0,0,6,7,5,7.500115419309591,0,0,5,5,3,8.465275764042216,0,11.46421922143474,2.0775601148558307,1.2223328960240334,64.45930741104283,0,Dropout,1
0,11,3,12,0,8,115.5593177368249,13,1,3,2,5,104.6724589566858,0,0,0,1,0,0,29,0,1,3,4,1,8.985254490080614,1,1,3,4,2,7.062867525988159,0,8.337511124046236,1.0772425602196485,-0.1601836185150705,69.95085240273531,0,Dropout,0
0,14,7,8,0,6,120.94085484917063,2,3,3,2,8,120.97735549950434,0,0,0,0,0,0,28,0,1,6,6,6,17.525841324343823,0,1,6,6,6,15.009957631066978,0,7.532818525602721,2.25722038395803,3.327680398925792,83.31153149685593,2,Graduate,1
0,14,5,13,1,6,108.81783618808466,14,5,6,0,2,122.57456089409264,0,0,1,1,0,0,47,0,1,6,6,5,12.4549711748643,1,2,5,5,5,11.213219958933728,0,12.291442617219293,0.3477689274873727,-0.6619422801562309,72.1124723820196,1,Enrolled,1
0,2,8,6,0,6,146.9388076806042,6,2,6,8,4,159.04497084881444,0,0,1,0,1,0,18,0,1,4,5,4,14.052308071100883,0,0,4,5,4,11.100099517195172,1,13.586916406299007,3.921651199966032,1.5578083683774158,67.06747675696573,0,Dropout,0
0,5,6,7,0,8,159.7754768721786,6,4,6,9,1,129.66696036378514,0,0,0,1,0,1,39,0,0,3,3,0,19.32225005780395,1,0,4,4,4,15.549046886245774,0,7.018698879501795,0.7507446676378782,0.6452168310664316,66.7354326392271,2,Graduate,0
2,9,4,6,0,2,143.83382121400402,21,5,4,8,8,158.56574984785306,0,0,0,1,1,1,33,0,0,4,4,4,12.553308374723304,1,1,5,6,4,13.496763591453352,1,7.795102139366788,1.9893257826805448,0.4160039243771922,39.69716406233698,0,Dropout,1
2,17,1,12,0,11,165.42174261746598,1,1,3,8,7,167.39562089960435,0,0,1,1,1,1,42,0,1,5,6,5,12.355139074010834,1,1,6,7,5,12.136970268153416,1,8.023336012176127,0.8369546224613795,0.9646621350179052,87.33859159846372,2,Graduate,1
0,15,1,7,1,9,116.50766528066052,20,1,5,8,9,153.8917625714378,1,0,1,1,1,0,24,0,1,4,5,3,17.221300605899152,0,1,4,5,4,16.990266484958035,1,12.02991708758947,1.6175840471705063,2.074827821610393,83.06077612291097,2,Graduate,0
0,2,1,10,0,10,118.52946633474583,11,1,6,7,3,95.0,0,0,0,0,1,0,45,0,0,3,3,3,13.043223914950008,0,2,4,4,2,15.059965750909164,1,11.08522792518238,0.2049093453080146,-2.597170404743344,82.97246521478623,1,Enrolled,0
0,9,1,7,0,8,144.72990749191138,4,6,6,4,7,132.39957761835026,0,0,0,1,1,1,42,1,2,5,6,5,14.12002459424791,0,2,6,6,5,13.33033862799,0,9.702202364853973,2.790687961865163,0.8857290516628618,59.41662022173722,0,Dropout,1
0,11,2,15,1,2,147.58917806723016,6,3,4,8,9,135.8423554272919,0,0,0,0,0,0,26,0,2,3,3,2,16.48885701338587,0,1,6,6,6,18.26477440099293,1,7.660311922683404,0.5191369247486665,-0.6864116063639671,73.41942398217894,2,Graduate,0
0,6,2,2,1,11,135.33642389650777,2,6,6,6,3,138.63940560285434,1,0,1,1,0,0,42,1,1,5,6,4,13.00040125319626,0,2,5,5,5,10.852959541711826,0,14.82374029888889,1.5979124160848972,-0.5496621269150483,95.67875354675084,1,Enrolled,1
0,15,5,8,0,8,134.45396831058517,20,4,2,1,1,95.0,0,0,0,1,0,1,23,0,1,3,4,3,15.756559656763912,1,2,4,5,2,13.593516447444902,1,12.932804945943609,1.4233457765466766,1.2384700746766302,74.69657767969991,2,Graduate,0
0,4,2,17,0,1,111.54497715312144,5,5,3,6,8,120.8978616434075,0,0,0,1,1,1,20,0,2,4,5,3,12.594538046781114,0,2,6,7,5,12.329508336500396,1,6.0,0.658003869807349,2.78002712935625,77.38026135165154,2,Graduate,1
0,15,5,16,0,6,90.0,15,3,6,3,1,105.94389473687409,0,0,0,0,0,0,27,0,2,3,4,2,16.433987037500895,1,0,3,4,3,20.0,1,12.570158254181386,-1.0,3.5,85.58089705863647,2,Graduate,0
0,7,7,13,1,6,147.266922924843,8,5,2,6,0,116.8359349504631,1,0,0,1,0,0,45,0,0,6,7,5,14.474644743304603,0,2,5,5,4,17.388150593703674,1,9.133986644053206,2.771281077814635,-0.247276727599095,82.68556507410702,2,Graduate,1
0,16,5,4,0,9,156.60012300343462,17,2,3,6,0,133.53277619862735,1,0,0,1,0,1,41,0,1,6,7,5,12.211086021913916,0,1,5,6,5,14.65614489506434,0,8.1954877418367,1.673257300781032,-4.327653937050044,72.6833417401341,1,Enrolled,1
1,3,7,12,1,9,125.40498833944024,10,2,3,2,2,121.461184900963,0,0,1,1,0,1,37,0,0,4,4,3,13.259873537878027,0,0,5,6,3,9.530020161506638,1,12.298672283616185,-0.5883634342916881,0.9263691047354464,87.86034121688098,1,Enrolled,0
1,12,1,11,1,5,122.85335820505104,9,5,6,2,9,118.67468591660436,1,0,0,0,0,1,26,0,1,4,4,4,4.44483631810208,1,1,5,5,2,4.507595802811154,0,11.052990202608097,-0.7959464174234623,-2.4726421741405256,82.18541121198422,0,Dropout,0
1,7,1,2,0,1,120.50689076715076,2,3,4,9,6,135.05076395446807,0,1,0,0,1,1,25,0,1,5,5,5,17.17820780392254,0,2,3,3,2,18.93097468883101,1,10.2669912648403,1.1135359295859542,1.594351655634938,90.12987389744764,2,Graduate,2
0,9,2,16,1,11,126.74592863280276,11,1,3,9,5,127.69480522579887,0,0,0,0,0,1,40,0,0,4,4,4,8.608779302556453,0,1,5,5,3,13.52209880435036,0,7.301988977222189,1.401038215161013,-0.8184670292185647,81.05541329276494,0,Dropout,0
0,10,7,13,0,1,157.13727024868436,2,3,3,5,2,144.99224771633632,0,0,0,1,1,0,34,0,1,6,7,6,9.258088187554126,0,1,5,5,5,4.74876895427579,0,13.044130140961077,1.2420474721672932,1.4162243862060215,46.66424006927451,0,Dropout,1
0,1,2,4,1,7,114.43569348468036,16,6,1,1,4,129.5035952221408,0,0,0,0,1,0,48,0,2,4,5,2,11.466935033724193,1,2,6,7,5,12.994333449508051,0,6.290772810070095,3.2327241164370744,-0.7360498848334796,85.63629012092031,2,Graduate,1
0,12,5,2,0,11,149.2003295488781,4,3,5,7,9,100.80977469870638,1,0,0,1,1,1,40,0,2,6,6,6,6.724672979505322,0,1,4,4,2,9.085606934247863,1,12.322383254488503,-0.5034807946949966,-1.2957749338066946,80.43208552547239,0,Dropout,2
0,1,3,1,0,11,124.05001130123816,17,5,5,7,5,114.2229420297288,1,0,0,0,1,1,39,1,0,4,5,4,14.63665697980486,0,2,5,6,4,15.46601251920254,0,10.269140755726314,1.754750791696734,-1.251539849444118,40.905551498310345,1,Enrolled,1
1,7,1,6,1,4,91.13153021716477,9,3,2,3,9,131.79873318192654,0,0,0,1,1,1,48,0,2,6,7,6,14.2635490163844,1,2,6,6,5,10.587754491805583,1,9.892837818044448,2.274757280611252,1.5146101225613755,54.60234155173971,1,Enrolled,1
2,17,7,10,1,9,127.44769701867617,12,2,2,1,1,128.8006133057604,0,0,0,1,0,0,28,0,1,5,5,5,11.2971133790529,0,2,6,6,3,11.630259934721137,0,8.346518771951313,2.249358159400642,-1.5792934827066123,47.46394903551676,0,Dropout,1
1,13,4,9,0,3,171.06732671750157,5,5,4,8,2,104.662943255138,0,0,0,1,0,0,29,0,0,3,3,2,10.626860478972992,1,1,4,4,4,11.398916865539665,0,10.494052409652236,2.572622473835652,1.7826927905611571,71.9982232441392,1,Enrolled,0
1,10,3,17,1,6,119.92174709341518,3,6,2,8,3,156.9145105034685,0,0,1,1,0,1,39,0,2,3,3,3,10.573112120729805,1,1,6,7,6,10.717573511741058,1,6.0,1.6402870485933092,3.5,62.257521995786846,0,Dropout,0
0,14,8,15,1,9,129.78130569794772,6,5,1,1,7,147.80558637159143,1,0,1,0,1,1,41,0,0,6,7,5,15.15179443626018,0,1,6,6,5,13.139378261629314,1,13.703928436743652,1.7953541071971864,3.5,55.345193533632,0,Dropout,1
1,1,1,2,1,4,135.1778611526201,7,5,2,9,0,124.98018671892,1,0,0,0,0,1,46,0,0,4,5,4,7.421959504157138,1,0,5,6,3,5.099846627004835,1,8.791000051505694,1.1041883603705864,-2.0736477057336566,55.66503407927915,0,Dropout,1
2,6,1,17,0,5,139.34191087349632,4,3,3,3,8,135.907730922273,0,0,0,0,0,1,33,1,1,4,5,2,11.568502872706908,1,1,5,6,3,12.40891819024079,0,7.930673823210233,-0.3115590798655328,-1.6249665447980604,88.6009377664202,2,Graduate,0
0,4,2,7,1,5,168.93159402309269,14,4,2,0,0,113.20316197566716,0,0,1,1,1,1,36,0,1,3,3,0,7.647002979885586,0,2,6,7,5,5.65608859079574,0,9.40961671381138,1.8945495539237625,1.666211299274701,52.75240814748831,0,Dropout,0
0,15,4,16,0,5,117.555376897392,14,6,6,5,2,161.32669667748277,1,0,0,1,1,1,41,0,0,6,7,5,15.69060559114068,0,2,3,3,1,13.756729417126143,0,8.879127586882177,1.0168291693244882,-1.1228864416374515,58.46622289039469,1,Enrolled,2
0,12,6,17,0,2,135.23381562737578,2,6,2,0,2,190.0,0,0,1,1,1,1,38,0,2,4,5,2,11.82322155026664,0,0,4,5,2,11.174112447162688,1,13.730207026449548,0.6072041590790136,1.9138062241396872,83.89622759154608,1,Enrolled,0
0,14,4,1,0,11,151.6902378630642,21,1,3,6,8,123.88532657082564,1,1,1,1,1,1,29,0,2,3,4,2,14.913622738874432,0,0,6,6,6,15.013048079154132,0,6.0,1.9469933112349511,-2.2785194327735203,87.66732260958213,2,Graduate,0
0,3,1,16,1,2,119.2894971333902,15,6,1,8,2,170.59830872165315,0,0,0,1,0,1,35,0,0,6,7,3,17.373381737734398,1,0,6,7,4,19.670218598095826,1,9.77738427690803,2.0537556226910016,0.6712188871904109,86.62110500487631,2,Graduate,1
1,4,6,4,0,1,136.60802476920537,12,1,5,8,2,118.4801949061993,0,0,0,1,1,0,28,0,0,5,5,3,17.432494631694126,1,0,3,4,3,14.142348713004196,0,14.748236374349707,0.6531444275748851,2.4994019057359798,96.09435133233444,2,Graduate,2
0,3,8,16,0,1,156.6065932576324,14,2,1,1,1,126.70096356514404,0,0,1,1,1,0,35,0,2,4,5,1,9.422645471125517,1,1,4,5,4,5.885481342060023,0,10.204838207892577,1.8000105105261195,-1.993595205042917,43.71537266300971,0,Dropout,0
0,12,6,3,0,4,123.5649000984217,10,5,1,7,3,175.84225579593635,0,0,0,0,0,1,28,0,1,4,5,3,14.083109986012094,1,1,6,6,6,12.82787350142565,1,10.565346530828002,1.4025266002168109,0.5895569577876312,80.37871093093761,1,Enrolled,1
0,9,5,1,0,3,131.18905344820902,3,1,4,2,7,137.0040240778489,0,0,0,1,0,0,25,0,0,6,7,4,16.924879069896058,1,2,6,6,6,12.124419435635945,0,9.91546221903233,1.7278675932638163,0.5653634583928862,38.11884270080451,1,Enrolled,1
0,16,4,17,0,4,109.66525808845576,2,3,4,4,5,157.17459216841013,1,0,0,1,1,0,23,0,1,3,3,2,15.437667624587936,0,1,5,5,5,16.604065908077555,1,8.05277939428527,3.0042812359441298,1.8915664498967608,70.58687312708206,2,Graduate,0
0,1,3,5,0,11,155.83220642217685,2,6,3,3,0,133.26347728001247,1,0,0,1,0,0,44,0,1,6,7,6,15.783655951259927,0,0,6,6,6,10.49970999518712,0,11.620544752407676,2.031036204971586,-0.4039223277230128,89.72334963225671,2,Graduate,1
0,14,8,3,1,6,138.48817078020645,11,3,4,5,4,95.0,0,0,0,1,1,0,30,0,1,3,3,3,6.758367801839984,0,0,3,4,3,8.226801594626846,1,9.424943066552924,1.9403484248880976,-1.7704795949135417,48.837134511130046,0,Dropout,0
0,13,5,11,0,11,125.64110958991562,12,3,6,6,9,190.0,0,0,0,1,1,0,47,0,0,6,7,4,15.384014375979223,1,0,6,6,6,17.856532967366242,1,10.422333188657584,0.4377475982295398,-3.743677471612555,87.16195532798949,2,Graduate,1
2,12,8,15,1,1,128.21673516108464,15,6,5,8,7,134.58067134413372,1,0,1,0,0,0,35,0,2,5,6,5,10.224740462709075,0,0,4,4,3,10.574010901708542,1,11.6471090774056,0.6067812654606092,3.185378202508777,95.74409703251963,1,Enrolled,2
0,5,2,2,0,8,134.80151862738575,12,2,3,9,0,143.90293861302936,1,0,0,1,0,1,32,0,1,4,5,3,15.326401175917589,0,1,4,5,2,10.38310379961816,0,11.325876822071324,2.077865361226904,2.30274286024951,48.1737562572315,0,Dropout,0
0,3,1,7,1,8,142.35211251057592,11,5,6,4,5,121.6868070046967,0,0,0,1,1,0,21,0,1,3,3,3,15.249827960950403,0,2,3,3,1,15.215138978983356,1,10.290611521157604,-0.4051909366972992,0.7561067692581968,74.90869035657944,2,Graduate,0
1,2,1,1,1,7,120.6400475111924,20,1,4,1,6,159.5032905978377,1,0,0,0,1,0,28,0,2,5,6,5,15.064710314952826,1,2,6,7,4,12.772859756682529,0,12.695682509693082,1.072330553373577,0.7079318756348909,71.72129792875721,1,Enrolled,1
2,11,3,8,1,11,122.37000548898862,20,5,2,3,4,157.66465771891166,1,0,0,1,1,0,41,0,2,6,6,4,12.612727980492078,1,1,6,6,6,9.307719632477848,1,13.03504648815644,0.5840964147967699,1.565384264470889,73.52482763057108,1,Enrolled,1
0,2,3,16,0,11,129.2067740427418,14,5,6,1,3,101.06863318471528,0,0,0,1,0,1,37,0,1,3,3,1,17.606319760849594,0,0,6,6,4,18.7549024932635,0,12.354205261511249,1.3293528160686816,2.538561758413479,96.54549131992172,2,Graduate,0
1,16,6,15,1,4,138.32243749913482,5,3,4,0,6,144.27748968262188,0,0,1,1,1,0,39,0,1,3,3,2,14.78607802192202,1,1,6,7,6,16.40323019041382,1,13.165906464806593,1.2412243497540465,-2.830919048641848,59.85362676318955,1,Enrolled,0
0,8,2,4,0,8,170.33055105203275,19,1,5,1,8,161.92752506314895,0,0,1,0,1,1,32,0,0,5,6,5,14.125305811796446,0,1,6,6,6,17.039536927994252,1,14.067278482148817,1.656694789347627,-2.403826055812954,86.79697615728969,2,Graduate,1
0,3,8,13,0,9,117.33977789944922,17,2,4,6,3,170.0109216668258,0,0,0,1,1,1,30,0,0,6,7,6,9.729562021366023,1,2,4,5,3,8.717585885659108,0,6.380941714545695,2.058172632438131,-2.666544837258174,34.67142059907486,0,Dropout,2
0,4,2,12,0,5,98.63450833307246,15,5,3,1,2,156.16122443094537,0,0,0,1,1,1,47,0,2,5,6,5,14.3863185170092,1,1,5,6,4,14.51617202494421,1,18.0,2.659928307069549,0.1772623066393303,39.926853064130455,0,Dropout,1
0,4,6,9,0,6,165.7982867944607,20,6,6,3,9,158.358436706643,0,0,0,1,1,0,21,0,1,6,6,6,19.92548739483307,0,0,4,4,2,20.0,0,10.469458116488846,2.7501588968804027,1.1274844926332777,93.41608189591834,2,Graduate,2
0,8,6,13,0,10,115.68591216057422,17,4,2,4,3,126.4976573436652,1,0,0,1,0,1,39,0,2,5,6,5,8.13436130113051,0,1,5,6,4,13.072582578926792,1,9.2707033619854,1.2154567157529212,2.622561228913804,46.01446083547657,0,Dropout,1
0,6,4,11,1,8,167.28599280894252,12,3,6,2,4,109.27403245145086,0,0,0,1,1,0,45,0,2,5,5,4,15.555371342998248,1,2,4,5,4,17.956298050943662,0,10.505757903144453,0.7909078156789379,-4.439504938456533,79.678776962628,2,Graduate,2
0,14,5,12,1,5,162.3587978517654,8,4,3,3,8,132.22815462807614,0,0,0,1,1,1,27,0,0,5,5,5,15.99683761859629,0,2,3,4,1,14.82194192300624,0,6.0,0.554681220488939,-1.607962940919,86.74072088804616,2,Graduate,2
0,15,1,4,0,4,146.97461352627874,15,2,2,9,0,108.70586533465192,1,0,1,1,1,1,34,0,2,5,5,4,19.039317915975744,0,2,6,6,5,18.757455850065742,0,10.702164652805202,1.113123805764716,1.035194250446313,51.39304378303032,2,Graduate,1
0,17,4,3,0,8,161.7408387067159,21,2,6,2,8,121.524222849873,0,0,0,1,1,0,28,0,0,6,6,6,15.540090263446004,1,1,5,5,3,14.794601709169257,1,7.620684929066284,0.3146021465495756,1.2582982898459438,91.21866346548734,2,Graduate,2
1,5,2,5,0,3,94.70538087938186,2,2,2,7,8,121.15056761532207,0,0,0,1,0,0,25,0,0,4,5,4,13.03737602132254,0,0,4,4,2,14.501454105835366,0,10.217926825022344,2.063582494935246,0.4405988119645247,76.46233522573294,1,Enrolled,2
0,1,3,6,1,6,105.247704355518,21,2,5,9,7,116.48238694298055,0,0,1,0,0,0,26,0,2,5,5,5,14.479140506599444,0,0,5,5,5,12.12999860251576,0,10.434481707577568,2.728156871499678,-1.2252961318928428,86.43089813245498,2,Graduate,1
0,12,4,4,1,9,141.25049249770407,21,1,6,7,9,153.30715636034833,0,0,0,1,0,1,33,0,0,6,6,3,12.061804810505317,1,0,6,7,6,12.565137763790563,1,8.222115271578307,-0.3295454953437446,-0.4593990118000945,59.05022715222557,0,Dropout,1
2,12,3,1,0,6,126.49094565943771,17,4,1,2,7,114.68181841467768,1,0,0,1,1,0,23,0,1,4,4,3,17.267402961838265,0,2,3,4,3,17.783348768387132,1,6.0,1.5113823334764236,0.553429316947796,50.10417417065234,1,Enrolled,0
0,11,6,5,1,9,117.72888368719208,21,3,5,8,7,185.88951094640208,0,0,0,1,1,1,29,0,1,3,3,3,7.578571184157769,0,2,6,7,6,8.237947498153249,0,10.82113065975384,3.367144288867265,-2.2901620351966256,79.32893986107118,0,Dropout,0
0,9,5,2,0,8,152.7753458501401,10,4,1,8,3,164.72875100356435,1,0,0,0,0,0,25,0,0,3,3,2,11.292450888143406,0,2,4,4,4,8.436462660965944,0,9.99684916803268,-0.2779296526828796,-0.7357947563048395,87.55964099363098,0,Dropout,0
0,4,7,14,0,9,140.6651102620087,18,1,6,6,6,169.73734336375398,0,0,1,1,0,1,43,0,1,5,5,3,14.561545082867934,1,0,4,4,3,14.879553581934514,1,10.577040900189427,3.272679975191185,-1.6855580340502716,72.55422673045713,2,Graduate,2
0,13,3,11,0,10,158.08491932176838,12,5,1,0,1,122.7710935967162,1,0,0,0,0,1,18,0,2,3,4,1,17.09825772508395,1,2,5,5,2,20.0,0,8.73547780749007,0.4682345296680859,1.703609811683627,94.7130704026407,2,Graduate,0
0,10,7,9,0,9,126.8181986740524,1,2,6,9,2,145.00741411993226,0,0,1,0,1,1,21,0,0,5,6,4,12.951758058046444,0,2,3,3,1,11.509376665187526,1,8.029244136157752,0.7713799020877072,-0.8458716875015468,85.70235328306366,2,Graduate,2
1,1,7,8,0,8,134.63859339991853,4,5,5,2,7,113.92763265985712,0,0,0,1,1,1,45,0,1,5,6,5,10.261818851267533,1,1,3,3,1,10.611163217911187,1,9.354714549697595,2.2410771573010875,-1.553094903738111,93.12902372968428,2,Graduate,2
0,10,1,7,0,9,168.87196269118724,5,2,4,7,3,145.43389485279926,1,0,0,1,0,0,35,0,0,4,5,3,12.261945363836992,1,2,4,5,4,7.35686099937298,0,10.417452517156851,2.1090937845222446,-0.1314660554767565,97.64058297766589,1,Enrolled,0
0,13,5,15,0,7,106.76537650691664,3,3,5,5,9,95.80697838486536,0,0,1,1,0,0,24,0,2,3,3,1,11.71563441915141,1,2,5,6,5,12.047870461256911,1,12.021015552634768,1.3735117330415971,2.154885822481225,90.2541705945146,1,Enrolled,0
0,7,3,9,0,7,133.10409155076212,1,2,3,8,5,166.5574220477824,0,0,0,0,0,1,17,0,0,5,5,4,11.87658690710283,0,0,6,6,5,12.118010172530044,1,7.569468999851296,0.5838770778880757,0.7586263461981664,79.68094480635168,1,Enrolled,1
0,8,4,10,0,11,115.76307761258153,7,2,3,9,7,123.87761690404464,0,0,0,1,1,0,38,0,1,3,4,1,11.47687429555426,0,0,6,7,6,11.468059488784233,0,12.373454578314432,0.0073007128199558,2.7838755912902178,46.63085651677108,0,Dropout,0
1,17,1,2,0,4,172.3007251129771,20,6,3,8,7,147.57112098168076,0,0,0,0,1,0,33,1,2,4,5,4,11.478399278826863,0,1,4,5,2,13.004310601957227,0,11.961539785930968,1.4080281828372825,2.507952163351166,97.85477478549836,1,Enrolled,2
1,1,1,14,1,1,187.9265940205672,12,5,3,0,4,152.21185377579536,1,0,0,1,1,0,23,0,2,3,3,3,6.9942132460671855,0,0,4,5,1,5.996621410924125,1,11.56183039240452,1.2452416710652991,-0.5497984982854189,54.61156336960474,0,Dropout,0
0,16,2,10,0,7,139.61712277631642,21,6,1,5,6,126.15089886598246,1,0,0,1,0,0,41,0,2,4,5,2,14.050538095344416,1,0,6,6,6,16.691541936378634,1,15.490765566814698,0.5492745707946264,1.0423518292245568,64.65143251999514,2,Graduate,1
0,4,2,5,0,8,145.83825532954324,6,5,1,2,0,120.04347677835658,0,0,0,1,0,0,20,0,2,4,4,3,15.36156744358071,1,2,6,7,4,12.85373981043375,1,6.0,1.193354057596969,2.7759295144094924,54.21695955864649,0,Dropout,0
1,17,8,5,0,9,132.71831578217072,20,5,5,4,4,136.9948066301072,1,0,0,1,1,1,22,1,2,4,5,4,18.244382350965974,0,1,6,6,6,20.0,0,15.851818831558036,1.8010707352443365,-0.0690302923924752,67.2131693832259,2,Graduate,1
0,13,4,2,0,1,131.8684635887745,17,1,2,0,2,160.07414209518777,0,0,0,0,0,0,47,0,2,5,6,5,16.011403348644436,0,2,5,6,4,16.24304105294416,0,8.039011458804188,2.783842090248174,1.2322812517034336,52.22471240299311,1,Enrolled,1
2,10,6,13,0,9,136.83817887536836,11,2,2,6,3,136.32536428445692,0,0,1,1,1,1,35,0,2,6,7,4,15.832760252036756,0,2,3,3,3,15.353659219809446,1,10.724652027301396,1.7340753665863584,-0.8233329203965465,76.41506521799911,2,Graduate,2
1,9,2,7,0,7,105.32299430446209,8,5,6,5,0,155.07394464908472,0,0,0,0,0,0,43,0,1,5,6,5,14.036042185983504,1,1,4,4,4,10.156540670884592,0,10.13215853425347,1.2892618738428074,0.3940941071927578,65.51728204874348,0,Dropout,2
0,14,3,15,0,7,149.52647784894586,11,1,1,9,0,159.85228847916147,0,0,1,1,0,1,26,0,0,3,3,3,6.83106734885426,1,0,4,4,2,3.756819922986677,1,6.0,0.5118696271116758,0.3354832403257078,74.24607093401715,0,Dropout,0
0,17,6,15,1,3,113.32191843006244,13,6,4,4,2,135.188677955977,0,0,0,1,0,0,42,0,0,5,5,5,13.980493926051096,1,1,5,5,3,14.557592612112696,1,11.587027961229182,0.6066396125297222,1.9289612034802404,82.31796712630354,2,Graduate,1
0,3,8,6,1,1,127.21529574164092,9,6,1,1,3,137.18308746496336,0,0,0,0,0,1,35,0,0,5,5,2,13.393318385697633,1,2,6,6,5,11.301298140509603,0,12.591284561134756,1.759734415183695,0.109738821289539,38.84987651373383,0,Dropout,1
0,1,8,7,1,7,135.72998290662872,19,3,4,7,2,143.4701844684685,1,1,1,1,1,1,19,0,2,6,6,3,16.604556691794038,1,1,5,5,4,18.792188558436653,1,11.26661969338744,1.8248987714306488,1.187881093860037,88.54479225909502,2,Graduate,1
1,1,2,4,1,10,118.23271963485048,20,3,2,4,1,168.56011563956525,0,0,0,1,0,0,29,0,0,3,4,2,14.98617521948047,0,0,6,6,5,15.40476459872068,0,6.0,1.2333007301088887,1.4860609714923716,56.79441796442974,1,Enrolled,0
0,2,8,4,0,8,148.15088056177487,5,2,1,1,6,131.41796014260078,0,0,0,0,1,1,44,1,0,4,4,3,12.545445749089136,1,1,4,4,2,8.682909910179427,1,6.279500629307442,2.5860920778445298,-0.620321440940496,60.54812758343472,0,Dropout,0
0,16,1,1,1,6,124.54066188466386,10,5,6,3,9,168.44376314571997,0,0,0,0,1,1,36,0,0,4,4,4,19.853532794194496,0,2,3,4,0,20.0,0,7.908146707656138,1.5706043497441338,0.0755265772536675,80.19539923722726,2,Graduate,2
0,9,4,11,0,7,158.44240324648882,13,2,5,9,8,146.37818629819932,0,0,0,0,1,1,44,0,2,3,3,3,15.969597597645222,0,2,5,5,2,15.263569882599654,0,13.818279078030722,0.9163336842119396,1.633502118361088,51.832787857994845,1,Enrolled,0
0,14,3,5,1,9,115.8333940071664,5,2,3,7,2,121.58472666231204,0,0,0,1,0,1,24,0,2,5,5,3,14.189526216496468,1,2,6,7,4,13.775126293591706,0,10.288360535289485,0.7139496896962974,3.5,68.87297869817382,1,Enrolled,1
0,1,1,2,1,8,131.328510049307,3,2,2,7,8,138.95015371928497,0,0,0,1,1,0,17,0,0,6,6,6,14.59359825740618,0,2,4,4,3,16.905062268759846,0,6.0,0.6334263878506575,-1.4630189726457103,77.83459353658243,2,Graduate,2
1,3,1,5,1,5,111.41866220175382,17,1,1,2,7,111.98414911990766,0,0,1,0,1,1,19,0,1,6,7,6,13.21413772500486,1,0,3,3,2,9.428388292500603,0,16.192972573679132,2.0760323992847245,1.7456021335837062,75.71740888409488,0,Dropout,2
0,1,5,5,1,11,156.6145253889843,10,2,1,9,4,106.34981820966632,0,0,0,0,1,0,29,0,1,3,4,2,13.05776559358895,1,1,5,5,5,9.946179494519932,1,14.500729841333118,0.7543887535628829,2.985389595762374,59.60217314085487,0,Dropout,0
0,11,2,13,0,4,128.1598651739424,17,6,3,7,5,155.17123121385148,1,0,1,1,0,0,44,0,0,3,4,3,5.40423349894263,0,1,5,6,5,5.918182326129526,0,6.739779785111868,1.6290812487681887,0.9720574386521764,63.44032692309469,0,Dropout,0
0,5,7,12,0,11,122.74327205104302,6,3,2,9,0,159.9442230326193,1,0,1,1,0,1,41,1,0,5,5,4,9.797206872861969,1,1,4,5,2,5.250283606716186,1,8.772160474779014,0.4818120860094683,-0.8256672523256599,39.73476744901299,0,Dropout,2
0,11,6,10,0,4,130.82100487294963,14,5,5,8,5,139.17440634057704,0,0,0,1,1,0,49,0,1,6,6,5,11.10675469991796,0,0,5,5,3,9.28888550834968,0,9.141035276395192,1.2995683288728224,0.7056271034152499,49.35286331943627,0,Dropout,1
1,6,3,13,0,4,132.590594408712,9,4,5,1,8,141.19203418465423,0,0,0,1,0,1,22,0,0,3,4,2,14.577220189743825,0,1,4,5,3,16.72336968970616,1,11.56947081332051,1.4345529208471155,-0.941006322462951,46.08173346283361,1,Enrolled,0
1,7,4,9,1,2,143.91692199649896,5,4,5,5,6,125.5809083173772,0,0,1,0,1,1,48,0,0,5,6,5,7.219107790281513,1,1,5,6,5,6.647285006609274,0,10.596634035696106,4.0,-0.1050556979522925,82.0865888947528,0,Dropout,1
0,13,4,5,1,10,146.86064378555977,20,4,2,2,8,144.24698562836062,1,0,1,1,1,1,37,0,2,5,5,5,11.17591421547148,1,0,3,4,3,7.439838948354077,0,7.956104384031301,-0.0685222814596058,1.493673144706653,55.06612414172719,0,Dropout,2
0,16,4,6,0,10,131.66515006918556,8,5,6,4,4,189.53696927161135,0,0,0,1,0,1,32,0,2,3,3,2,10.727386982092543,0,2,3,4,3,10.900131058460476,0,13.933304926836446,2.470397520328066,0.6910738422817789,68.90609934917188,1,Enrolled,0
0,3,5,17,0,7,134.13971120377073,16,2,5,3,4,165.24241800633757,0,0,0,0,1,0,37,0,1,6,6,3,13.408641862434695,0,2,5,5,5,12.096432837286468,1,15.23193382647543,0.5777215460377354,1.152816691768796,74.39876400030818,1,Enrolled,1
0,15,8,5,0,8,90.0,7,6,4,7,4,138.0985667768283,0,0,0,1,0,0,27,0,0,4,5,4,14.585930880486698,0,0,4,5,3,12.530203617892282,0,9.851647844872332,3.119688854431393,-1.304661776684913,61.33222659164071,1,Enrolled,0
1,8,3,11,0,7,125.05583119272303,2,5,1,6,5,135.920266130977,1,0,0,1,0,0,35,0,2,5,6,2,10.739656415346998,1,0,6,7,3,19.330801601289032,1,8.278868789529279,0.6623669674100977,-0.2997171008137602,51.63424374453572,0,Dropout,1
0,16,1,6,0,11,166.4750769634235,9,5,4,6,3,130.59022488071247,0,0,0,1,1,0,36,0,0,4,5,3,10.99122605561026,1,2,5,6,5,12.12829576656361,1,14.785361255800044,2.7434843374505933,1.9034474594866453,63.83534691242208,0,Dropout,1
0,17,6,9,0,10,144.87129440480822,21,6,2,0,9,104.72331610398926,0,0,0,0,0,0,34,0,2,5,6,3,10.61896457729247,0,0,6,7,5,9.610309463977886,1,6.0,1.7660907381767044,-2.214755854392603,89.57448261885757,0,Dropout,1
0,13,5,12,0,8,111.39102061319122,10,1,5,5,8,127.9271788192902,0,0,0,1,0,0,30,0,1,6,7,6,11.634551331592926,1,1,4,4,4,13.580315116235168,1,7.316927961844474,-0.0976461883157477,-1.5873881773495253,83.32769396225889,2,Graduate,2
2,3,6,4,1,11,126.47460877601186,19,6,5,1,6,156.85579481258645,0,0,0,1,1,1,31,0,0,4,5,4,12.82099028862428,0,1,6,6,3,11.793523435873944,0,12.938096831208444,1.7384723228520804,0.2499454273025533,90.9190994067736,1,Enrolled,1
2,3,6,15,1,11,121.87260053153882,4,5,5,7,2,116.69954341312436,1,0,0,1,1,1,47,0,1,3,4,3,17.60293867328785,1,0,5,5,3,16.007599250150278,1,14.1746309512387,2.1187067922470293,-0.131422951144737,94.24109823157782,2,Graduate,0
2,13,2,4,0,9,158.54239454577723,13,1,3,5,9,132.99856697038837,1,0,0,1,0,0,17,1,2,5,6,5,9.456271104287351,1,2,3,3,3,9.90488611442425,0,9.041419226932756,2.205174931023773,2.1849705881364887,64.21818547178106,0,Dropout,2
0,17,1,14,0,8,156.3095632213897,2,3,3,8,6,112.04547144467858,1,0,0,0,0,1,19,0,2,3,4,0,19.127943750775096,1,1,4,5,1,20.0,1,16.84089291600587,1.2156774779201744,-3.510589587532768,67.96138877029378,2,Graduate,0
1,14,4,17,1,5,117.81783266632752,19,1,6,9,2,159.63611575137938,0,0,0,0,1,0,32,0,2,3,4,3,8.681637693790902,0,2,3,4,2,10.69599919554733,1,6.0,4.0,0.6515240997890426,76.3391564283704,1,Enrolled,0
1,5,2,2,0,4,135.21727337808048,6,4,5,0,2,108.16920929654502,0,0,0,1,0,0,39,0,2,6,7,5,16.341247427372444,0,1,3,4,3,19.60041137797842,1,13.28419729998506,3.8353036697808736,3.2677206820745823,51.63956895809672,1,Enrolled,2
1,12,3,14,1,5,110.05690915643204,16,1,1,7,3,154.8169476815459,0,0,0,0,0,1,27,0,0,3,3,3,11.33471419351988,1,2,3,4,2,14.003477994801518,0,10.259245940188602,1.905758878014865,1.3886222449088588,69.56926598983621,2,Graduate,0
2,16,3,4,0,11,121.21446320039529,15,3,3,1,1,165.71601525182703,0,0,0,1,0,1,28,0,2,5,6,4,9.811646385948526,0,0,5,5,5,11.653071670358644,0,8.54004621614439,-0.0793579158702999,-1.9606345001341048,68.17082499518787,1,Enrolled,1
0,6,7,2,1,1,122.02537944444806,14,5,6,6,7,131.9156038523882,1,0,1,1,0,1,26,0,0,3,4,3,17.60907943463969,1,1,4,4,3,19.707248081321403,1,12.633324284586443,0.2996555615075025,3.5,58.498844119230654,2,Graduate,0
0,9,7,13,0,5,119.55023032823188,13,4,2,2,0,122.82691461351612,0,0,0,1,0,0,48,0,1,3,4,3,13.286134612625712,1,1,6,7,3,15.947884633298234,0,8.829375203774186,1.1772401743864296,-0.1843456650184994,68.05086966642489,1,Enrolled,0
0,16,6,7,0,6,143.0564998412134,17,1,5,6,9,151.87794883346012,0,0,0,1,0,1,32,1,2,5,5,5,13.152204250113307,1,1,3,3,1,14.626769221431468,1,6.738896231373353,1.3847842193219988,-3.5815276723956435,74.05526500581166,1,Enrolled,2
0,4,7,8,0,9,164.6811784334476,18,6,1,0,0,180.06062864066013,1,0,0,1,0,1,24,0,0,3,3,1,12.030234391804171,0,0,6,6,6,7.766732799456567,1,10.346345458508504,0.5086564001788264,2.2616872032581408,73.11666777440149,1,Enrolled,0
1,6,5,10,1,9,133.67398802088525,20,2,3,9,0,173.5419390262497,1,0,1,0,1,1,28,0,0,6,6,6,10.96488104258851,0,0,4,4,4,11.908993072246991,1,9.837427635706808,0.847519857811738,-0.6547929254033764,84.11633471205775,1,Enrolled,2
1,1,3,3,0,10,111.79119584144642,1,6,2,8,3,138.15598896819034,0,0,0,1,1,1,40,0,0,5,5,5,12.381039474979112,1,2,4,5,4,15.523482288851175,0,7.658324387342377,-0.8866219199088166,3.5,49.92648958225739,0,Dropout,2
0,8,7,4,0,3,139.57834840991242,4,5,3,5,0,117.9204357629605,0,0,0,1,1,1,44,0,2,6,6,6,1.7058513132679547,1,2,6,7,6,0.0,1,8.280548827894448,-1.0,2.0989710758999776,76.23735465720554,0,Dropout,1
0,6,4,6,1,11,139.6084257525466,16,4,6,6,2,134.1976882744329,0,0,0,1,1,1,24,0,0,3,4,0,6.512080688806118,1,2,6,6,6,5.231942788177413,0,8.760872488057025,1.5165103503106026,3.5,79.43572390980225,0,Dropout,0
2,3,5,7,0,8,130.8475476847058,18,4,6,8,6,97.75227850476143,1,0,0,0,1,1,44,1,1,4,5,3,14.373113766515868,0,1,3,3,2,13.922856411974696,1,6.0,3.4108683500651207,-1.0960783591904673,78.15381140456152,1,Enrolled,2
0,14,5,7,1,8,175.90052570210565,10,1,2,9,2,126.10737188039955,0,0,0,1,0,1,42,0,1,6,6,5,17.13972079665229,0,2,6,7,4,17.314980950278645,1,6.0,-0.361311344767641,3.1003797985188646,50.96996242434963,1,Enrolled,1
0,2,4,17,1,9,140.3707944594938,20,5,5,0,1,151.26364864234753,1,0,0,0,0,1,24,0,1,6,7,5,17.772447904965052,1,2,6,6,4,16.08469471841713,0,12.79926829382444,1.2439515813932362,-0.663822494000387,86.76120019536842,2,Graduate,1
0,16,3,6,0,1,147.6240806316252,8,5,1,7,9,130.8073228990858,0,0,0,0,0,0,44,0,1,3,3,3,9.650505301309073,1,1,5,5,5,9.493660587159937,0,6.0,1.477810981159949,1.418414313724933,54.4743400360629,0,Dropout,0
0,13,2,12,0,5,90.0,6,2,4,6,5,124.98877149933516,0,0,0,0,0,1,44,0,1,4,5,3,13.674875426266764,0,2,3,3,3,14.65800615050238,0,9.946588897774742,1.947300831673053,1.1103264189248911,87.80161156562464,2,Graduate,2
0,16,5,11,0,5,113.8163900882674,17,2,3,1,7,138.6127848908192,0,0,0,1,1,0,43,0,0,5,6,5,5.32283713115252,1,1,3,4,3,0.0,0,6.0,0.8875496094275646,3.297046976235926,71.79360613292002,0,Dropout,2
0,11,2,17,1,7,146.30599943031305,5,4,1,0,3,133.26615458316766,0,0,0,0,0,0,33,1,2,4,5,4,11.77013686229823,0,1,4,4,4,11.657078978852116,1,14.518421528840996,0.1797911858938985,2.2577949125886576,72.82350727234501,1,Enrolled,0
0,11,2,3,0,11,141.2439395794971,4,6,4,9,3,158.88732851075946,1,0,1,0,0,1,25,0,1,5,6,4,15.882922835949689,0,2,6,6,6,14.626479200834668,1,9.190986783787556,2.274932707836141,-0.036773108512814,59.92440776734402,1,Enrolled,1
0,16,7,15,0,8,126.67313363654968,4,4,5,0,1,106.83109498638916,0,0,0,0,1,1,49,0,2,3,4,2,12.93875929020713,0,2,5,6,5,8.371560371188707,0,13.353145398641768,-0.8449399253174832,2.759573919960487,91.8982730452098,1,Enrolled,0
0,10,2,5,0,11,144.9784317383768,19,3,6,3,4,153.1616891153671,0,0,1,0,0,1,36,1,2,4,5,4,11.838882727650216,0,2,4,5,3,12.94938194779754,0,16.343235822070874,1.9581472670020208,0.6344470791494256,46.44664483098032,0,Dropout,0
0,17,6,4,1,7,155.40060422921698,9,4,2,4,9,138.846540855239,0,0,0,1,0,0,29,0,0,3,4,3,12.95348868244574,0,0,5,5,2,13.431717808111824,1,6.133527581817962,0.5352968938408329,2.0484066646342307,87.83204784480317,2,Graduate,0
0,12,2,1,0,6,124.59781874144758,13,2,5,6,7,150.85695401653018,1,0,0,0,1,0,44,0,2,6,7,4,17.489966435661074,1,2,3,4,2,17.602289557627035,1,7.957721819823628,1.7926165301852814,1.3321824982527493,40.63623138346472,0,Dropout,2
1,5,8,3,0,4,121.29397105035348,7,1,1,7,0,105.27245050202144,0,0,0,0,0,0,45,0,1,4,5,3,12.143544201449997,1,0,6,7,4,13.369757455226775,1,12.61604300645374,2.892611755372121,0.4163739590223295,82.463042127906,2,Graduate,1
0,12,4,10,1,9,129.3683536593357,18,3,1,1,1,162.07615806157477,1,0,1,1,0,1,29,0,2,5,5,5,13.25425474565157,1,1,5,5,5,13.757379554878623,0,8.101299004201987,0.6763917771757036,-1.5825009679468682,77.22901495568296,2,Graduate,1
0,3,7,13,1,2,145.95901818615266,18,4,3,8,0,153.5760136043139,0,0,0,1,0,1,22,0,0,6,6,6,18.31788108929469,1,1,4,4,1,16.17313525149892,0,10.871107145099698,1.05818740778648,1.1660530462011818,59.068405515226274,2,Graduate,2
0,10,1,7,0,6,122.40290479902652,17,2,6,6,3,181.83018776598112,0,0,0,1,0,1,34,1,2,5,6,3,12.200873380259432,1,2,3,3,3,13.708330408702404,1,10.307731946885031,0.9952872288412552,-0.4150301321787029,37.37568214396082,0,Dropout,2
0,16,3,14,0,10,153.76420352671977,8,6,4,5,6,119.18157741037555,0,0,0,1,0,1,21,0,2,6,7,4,7.272168882600821,1,2,5,6,5,9.20776266562999,1,6.0,4.0,-1.4142201833504238,47.11923606578935,0,Dropout,1
0,11,1,13,0,6,124.39572283012592,11,3,4,7,2,125.37559742604536,0,0,0,0,1,1,41,0,2,5,5,2,17.789428064955363,1,2,5,6,5,14.774909531189028,1,12.831007655276094,1.3464267438304411,2.294833449509412,53.85397032373477,1,Enrolled,1
0,16,6,5,1,11,122.68960374646691,6,1,3,1,7,95.39543382001877,0,0,0,1,1,1,18,0,1,5,5,5,16.554581834128868,0,0,4,4,4,18.455868269620066,1,9.588564524927309,1.2913716978161478,-0.3355560107318975,96.01698093853484,2,Graduate,2
2,10,1,11,1,4,186.6218858510237,8,1,6,0,5,119.41004137076824,1,0,0,0,1,0,26,0,1,3,3,3,5.241670693952717,0,1,5,6,4,4.232820998765416,0,6.417920160550419,1.3962137600692703,-2.4494383768751185,72.90230878335991,0,Dropout,0
1,15,5,14,0,3,107.83914937401128,8,6,5,4,1,175.85760381451638,0,0,0,1,1,0,46,0,2,6,6,6,12.544351840312409,0,0,3,4,0,13.776404451419694,1,14.640525074932178,3.12347055175096,0.8040287513321646,63.7471141897784,0,Dropout,2
0,3,1,1,0,11,152.1977968495831,19,2,4,8,8,147.37657159330888,0,0,0,1,1,1,21,0,2,3,3,2,12.92243060379201,1,2,5,5,3,13.002310298651098,1,7.891355335531816,0.7344426977002565,0.5263715814964164,91.60677622457295,2,Graduate,0
0,10,1,5,0,3,95.25832725481854,15,5,6,6,8,121.84107713274643,0,0,0,0,1,1,49,0,0,3,4,3,17.7902777541497,1,0,6,7,6,17.06021763661285,1,7.726522302616179,2.4519972420161498,0.6888538531620985,82.46789730283763,2,Graduate,1
0,12,4,3,1,2,149.47990936720052,19,6,5,6,6,143.32728401887482,0,0,0,1,0,0,17,1,2,3,4,3,12.949664114716384,0,1,6,7,5,13.997689449677932,1,6.0,0.5891979846650068,0.6867766285188799,56.17414881397488,1,Enrolled,0
0,9,2,1,1,3,190.0,6,2,2,8,9,138.46123950819197,1,0,0,1,1,1,34,0,0,3,3,3,13.580713598836146,0,2,4,5,3,12.447877773441345,0,11.785121118157193,0.5059450051603207,-1.0108140346742711,54.18274726813311,0,Dropout,0
0,1,1,17,0,4,158.2549297463133,4,2,1,4,7,95.0,1,0,0,1,1,0,48,0,0,5,5,4,13.68945117496294,1,0,6,7,4,16.090183070266544,0,10.127451390318116,1.944986286213529,0.0812359330458464,63.23808022357928,1,Enrolled,1
0,13,1,12,0,10,164.43751776452407,7,2,2,4,9,96.7960770830368,0,0,0,1,0,0,27,0,2,3,3,3,11.368683585177116,1,1,6,7,4,14.180511503753175,0,6.0,2.957073281313761,2.6706703147412583,79.0724332933523,1,Enrolled,0
1,7,6,13,0,4,132.88618749790888,2,5,3,6,0,167.66936563150665,0,0,0,1,0,1,37,0,1,3,3,2,17.540306237291258,0,2,5,6,4,15.872621595987264,0,10.736880367666656,1.0400056188442235,2.338945583121006,41.61727877864119,0,Dropout,0
2,7,5,6,0,10,155.72990565083924,2,4,4,5,5,158.41526910517211,0,0,1,0,1,1,42,0,0,3,3,1,10.227062049127005,0,2,3,3,2,9.508992125754686,1,12.4826113032778,1.031553632111608,0.163677721208179,88.8303338571486,1,Enrolled,0
0,6,3,3,0,7,140.4704743007658,14,4,2,9,8,102.88675183861056,0,0,1,0,0,1,41,1,1,5,6,4,11.300931531069384,1,2,3,3,1,10.06556992854961,1,11.386402731698716,2.262278134894549,1.8533084050601671,78.36667027717283,0,Dropout,2
0,12,5,11,1,4,179.57119925607952,9,1,1,5,5,136.82833049905284,0,0,1,1,1,0,38,0,1,6,6,6,12.979222507359182,1,2,5,5,5,13.617360649219076,0,13.974131341181964,1.4872202975057462,0.9674704022792624,69.94045720266983,1,Enrolled,1
0,4,3,11,0,9,110.65402312394735,7,4,4,7,2,122.10737918196246,1,0,0,1,0,0,43,0,1,5,6,2,8.316814848127786,1,0,6,7,6,11.291955386560716,1,8.18702752060965,2.3160012188495447,0.2064699534019036,56.51830608696633,0,Dropout,1
0,10,3,10,0,8,161.1246548741369,5,2,5,3,1,167.22094413496154,0,0,0,1,1,1,29,0,0,5,6,5,19.178932247156133,1,0,5,5,4,14.710009807285465,0,15.303163172328368,-0.4504378008255736,3.043980334303864,70.26841253851352,2,Graduate,1
2,2,3,11,1,1,144.40946017568868,12,6,4,1,7,151.18922945222565,0,0,0,1,0,1,49,0,0,5,5,5,12.997005401504868,0,2,6,6,4,9.151248131070227,1,10.010931293505251,0.2527914117088972,-0.8107378480310106,63.009251152872864,0,Dropout,1
0,4,4,16,0,10,114.91825763277136,18,4,6,2,3,112.38487614611566,0,0,0,1,0,0,17,0,2,6,6,3,15.886125521727095,1,2,6,6,6,15.377311331262856,0,12.401485919521086,1.4260479937614696,1.3517539579548834,58.30546598775757,2,Graduate,1
0,15,4,10,0,1,128.96188571139686,19,5,1,9,0,143.0060208580992,0,0,0,1,1,1,37,0,0,3,4,3,9.648795996143903,0,0,6,7,3,9.813621733786816,0,13.83287726250848,2.0421865890393534,-2.1941421956080305,41.48864655946963,0,Dropout,0
1,6,2,12,1,6,99.7790891953399,16,6,4,3,7,138.97223169589927,0,0,1,1,1,0,22,0,2,3,4,2,15.491070287999342,0,0,3,3,3,12.83783744765789,1,17.94880641609375,1.3441661501510862,1.4489139508288864,91.77950662847589,2,Graduate,0
0,1,3,9,0,4,90.0,12,4,2,4,0,139.04070164264178,0,0,1,1,1,1,44,0,0,6,7,6,15.78808005953029,1,2,4,4,4,15.939930597851143,1,6.756497521564405,1.5958130562681452,-0.3880768926673552,80.75732638368024,2,Graduate,2
0,8,4,4,1,10,108.60980970523651,6,2,3,1,1,127.24701537397526,1,0,1,1,1,1,33,1,1,6,7,5,16.29304233395654,1,2,3,4,3,14.14065066631613,1,7.781708965759556,2.2278656796338723,0.1129172693948457,75.44490821406711,2,Graduate,2
0,13,7,15,0,6,126.46306240730894,1,4,2,7,0,140.62063385402163,0,0,0,1,1,0,21,0,0,4,5,3,19.667499441435865,0,0,6,7,3,18.250555867345515,0,10.56958365270515,0.0039772688192758,0.2759228332931276,87.03063118353032,2,Graduate,1
0,16,4,7,0,9,136.78612436564129,12,6,6,4,7,118.73075479147047,0,0,0,1,0,0,47,0,1,3,3,3,11.046170732455469,0,0,5,5,5,13.92024378391398,0,8.887422216945808,2.227646733882778,-3.1933298301821864,69.75891830319227,1,Enrolled,0
0,1,6,5,0,10,106.1847681550722,11,1,4,6,2,110.30480232288778,1,0,0,0,1,1,21,0,0,5,5,4,12.34673221790444,0,0,5,6,4,11.18889943525519,0,7.594646326992765,2.760739306810668,-2.105373190445551,67.39846337077248,1,Enrolled,1
0,2,6,15,0,5,128.0347342569327,11,4,6,8,8,108.83631289600224,1,0,0,1,1,1,19,0,1,5,6,3,10.04162848720027,0,0,6,7,6,8.839816437303735,0,6.0,1.088590125468566,2.2942146835971577,42.56441670305634,1,Enrolled,1
0,14,8,6,1,8,140.20108560612917,9,1,5,6,6,113.77238385308227,0,1,0,1,0,1,39,1,2,3,4,3,12.663201200308832,1,2,4,4,3,12.692605890309808,1,10.377619990060364,0.4666389082247866,0.9882678609180192,56.61666471728815,1,Enrolled,0
0,15,8,15,0,2,122.319075721944,2,3,4,3,5,150.55707823758405,0,0,0,1,0,1,26,1,1,6,6,6,15.324408988105583,1,0,3,3,1,17.75513574316742,0,12.386449874047251,2.5665342699406324,3.4250501299042906,77.5666844489355,2,Graduate,2
0,2,7,17,0,8,111.22113362376598,21,5,6,2,5,151.23679593987757,1,1,0,1,1,1,26,0,1,4,5,4,15.13582602101632,0,2,3,3,3,14.728270213605674,0,11.05676598671073,3.5634289369566754,-1.662246799247428,84.26553676097136,2,Graduate,2
2,13,6,3,0,8,118.91038308941528,8,1,1,7,9,176.51313233689086,0,0,0,1,0,1,35,0,0,5,5,3,18.74263290395465,0,0,6,6,4,17.047030262871175,0,6.0,1.677341452094226,2.332154930676368,49.15102803818429,1,Enrolled,1
0,11,1,10,1,2,164.40481802941724,1,6,2,8,0,134.28827356694137,0,0,0,0,0,0,33,0,2,4,4,3,14.715689996462,1,0,6,7,3,15.863503464318269,0,6.0,0.4405111354292388,1.6292414540674636,99.75465966929082,2,Graduate,0
0,10,7,15,1,7,97.01246121419985,1,3,2,4,7,157.53522986688245,0,1,1,1,1,0,37,0,0,5,6,3,13.001966494142236,1,1,4,4,4,14.733805655897,0,10.183621011901815,1.4929852795113894,2.8961226696285305,84.30444048393889,1,Enrolled,2
2,2,8,15,0,8,160.3957554588069,12,3,4,5,9,141.17656532960356,1,0,0,1,0,0,30,1,1,5,5,5,9.178876997714823,0,1,3,4,1,11.740530646713864,0,9.283453267158732,0.4995029193206515,0.6063517995077675,53.07864168945923,0,Dropout,2
2,17,3,5,0,7,165.03775994112846,4,2,3,9,2,147.48995581899027,0,0,1,1,0,0,25,0,1,3,3,3,16.03212127688317,1,1,4,5,4,15.642964642828582,0,9.046479388006547,2.359319983336245,1.0063476226778518,61.69174150046507,1,Enrolled,0
1,3,5,11,0,6,127.16257967556172,1,3,4,9,2,160.20918575144808,0,0,0,0,1,1,17,0,1,5,6,5,12.452262632999084,1,0,3,3,3,13.3402005252343,1,9.167227790904962,1.4392653661550785,-0.7794867284948797,84.80738191987352,2,Graduate,2
0,4,6,9,0,3,145.12316548686738,12,5,3,5,2,154.55117701443538,0,0,0,1,1,0,29,0,1,4,4,4,16.11164620107028,0,1,4,5,3,17.787625226535287,1,8.505491244449988,0.3864448243186593,0.3129233359662938,92.1677284119816,2,Graduate,0
0,5,1,5,0,11,117.81986676384264,14,5,4,2,8,142.71099974318682,1,0,0,1,0,1,20,0,0,4,4,3,11.513299280591108,0,1,4,4,2,11.667956563728666,0,10.44647501287646,1.739311732465595,-0.0844374797507231,53.84118672023267,0,Dropout,0
0,2,4,11,1,11,140.88970161621103,1,5,2,3,4,124.66060201522632,0,0,0,1,0,1,17,1,0,3,4,0,17.202477129142903,0,2,4,4,4,20.0,1,13.303674230594556,0.7135494849559534,-1.5858924056048684,69.49077966278419,2,Graduate,0
1,4,4,7,0,3,183.9817094214291,12,5,6,8,1,146.89496022702582,1,0,1,1,1,1,48,0,0,5,5,5,14.352109387854703,0,1,5,6,5,15.680569789119511,1,7.1973868047265945,-0.078071404118476,1.045095705283452,91.29335871521673,2,Graduate,1
0,12,4,2,0,8,162.96531356270967,5,2,3,5,3,174.10752923734466,0,0,0,1,0,0,44,0,2,4,4,1,16.472882440143557,0,1,5,5,2,20.0,0,11.358548459356154,2.4111328283977334,2.4954627728499075,55.93740648366128,1,Enrolled,0
0,6,8,16,0,4,123.92251187940111,2,4,1,4,6,144.3833099317117,0,0,0,1,0,0,47,0,1,6,7,6,14.35034446123024,1,2,5,6,3,16.344620772630872,1,10.248074891203649,1.8583574194191617,2.923850271794433,91.29424444070663,1,Enrolled,1
0,15,4,1,0,10,105.97711391833764,4,6,6,8,9,130.11647717292374,1,0,0,1,0,0,24,0,2,3,4,0,9.761322699965156,0,0,3,4,3,4.6445487085128,1,6.0,0.9370197874338164,-0.6591018625301499,52.909099747464765,0,Dropout,0
0,7,5,3,0,8,128.53919086015534,11,6,3,7,0,160.53500757140273,0,1,1,1,1,0,42,0,1,6,6,6,11.7211789745017,0,1,4,4,3,10.425248631807357,1,8.033060107851139,3.0264877714139944,0.734462359500924,70.54218127315724,1,Enrolled,2
0,6,2,9,0,10,141.01247226096066,18,1,5,8,1,105.37191523288487,1,0,0,0,0,0,19,0,0,4,4,1,8.518544688041931,1,2,6,7,6,4.173931813649714,1,10.030315177608545,0.6039153885397456,0.5576830271067925,69.21372060465741,0,Dropout,0
1,14,2,17,0,6,150.87546237679982,19,2,6,8,7,131.00116241495022,1,0,1,1,0,1,28,0,1,6,7,6,13.646260499476394,1,2,6,7,6,11.749208912420608,0,16.49318098997542,0.978381377536584,3.454279245561147,81.87477832106094,2,Graduate,1
0,7,3,8,0,3,132.5972615341081,18,6,1,3,7,115.48062699620884,1,0,0,1,1,1,17,1,1,3,4,0,7.880781164853413,1,1,3,3,2,6.652375841523687,0,7.824457352930207,1.950058201896632,3.5,49.91727957388395,0,Dropout,0
0,6,7,16,0,10,174.292799020184,20,2,4,7,2,136.9628467366754,1,0,0,1,0,1,21,0,2,6,7,6,14.028566741475514,1,2,3,4,2,15.900381804085054,0,8.16924051957419,2.551518064971873,-1.54878053333848,87.47245747271032,2,Graduate,2
1,6,7,12,1,2,135.7171350259993,15,1,5,9,4,171.16200003193944,1,0,0,1,0,1,46,0,0,4,4,4,0.331619905110557,0,1,6,7,6,0.0,1,11.239471569565858,1.96916381127821,1.675669082192099,72.99653374958169,0,Dropout,1
0,6,8,4,1,1,124.54183467623636,21,6,1,8,7,156.0219909314119,0,0,0,0,1,0,46,1,1,6,7,6,15.834765552908696,0,0,4,5,2,19.020286189445923,0,9.660172523315756,0.823251615561341,1.756018702107769,88.15049248737796,2,Graduate,2
0,10,6,5,0,4,146.53991684079597,15,1,4,4,9,95.0,0,0,0,0,1,1,33,0,0,6,7,6,9.137157551614834,0,1,5,5,5,7.165829610551447,0,6.214912855116329,1.215178279203026,0.4390921100419709,64.60254919643916,0,Dropout,1
0,4,4,7,0,8,150.4012078781914,9,4,3,3,8,124.53214513375688,0,0,1,1,1,1,39,0,2,6,6,5,9.661293503014278,1,0,3,4,2,8.640097995804526,0,6.0,0.7256347181205975,-1.4732586851998206,68.24909551769545,1,Enrolled,2
0,10,3,14,0,4,118.21756256943912,8,4,4,9,1,102.52338173116304,0,0,0,0,1,0,31,0,1,5,6,2,17.80155405273496,0,2,3,3,3,14.40227855280909,1,6.0,1.1012075140075617,2.06977274469779,83.71722247506622,2,Graduate,2
0,1,8,8,0,8,114.35055629560355,10,5,2,0,9,166.45722945247155,1,0,0,1,0,1,37,0,1,4,5,3,14.119242391958853,1,2,3,3,3,17.430612580657407,0,12.550077094458342,1.1920591979246264,2.98923846454891,81.65824904002994,2,Graduate,2
0,14,5,13,1,8,98.87698234499696,8,6,1,2,7,125.43832087901592,0,0,0,1,0,0,30,1,1,6,7,5,15.962173262985594,0,0,6,7,6,19.608015001332348,0,6.908630404672644,1.999542388527432,-0.1845635922849731,75.26293489003406,2,Graduate,1
2,9,3,4,1,11,128.64319896445352,11,4,3,9,2,141.89732051937133,0,0,0,1,1,1,18,0,1,4,4,4,9.48132782949087,1,1,5,6,4,8.851015641705459,0,17.109714797127616,0.6719829210976327,2.953502492141382,52.57528092767312,0,Dropout,0
1,10,2,12,0,1,161.7686812439439,21,4,4,1,8,143.10106058951422,1,0,0,0,1,1,27,0,0,6,7,5,16.366635645415837,0,1,4,5,4,12.364971198674109,1,8.415599700585727,2.645778501713358,0.8072610723932935,61.62043751590234,1,Enrolled,2
0,4,2,3,0,6,149.65457042797118,19,1,3,6,4,145.14637924619433,1,0,0,0,0,0,34,0,2,3,3,3,12.518876805913456,1,1,4,4,4,11.698408946460418,0,12.314427402458628,1.4700281729699578,3.359487172746901,81.04589945006757,1,Enrolled,0
0,13,7,5,0,11,159.7250629052224,12,3,3,3,4,95.0,1,0,0,1,1,1,46,0,2,3,3,1,13.411683944261949,1,2,6,7,6,13.692070864670782,0,6.514750220335179,0.4753109510025766,3.3558949602200814,63.211526048609,0,Dropout,0
0,10,6,4,0,10,120.60385665656376,7,5,6,8,3,149.028185915987,1,0,0,1,0,1,31,0,1,3,3,3,18.216039120842545,0,2,3,4,2,16.328883179238584,1,10.569706075140491,1.966325255704365,0.7575983981926793,47.260414975426514,1,Enrolled,0
0,13,2,15,0,8,131.40552960289287,1,5,1,8,7,126.28842340226352,0,0,0,1,1,1,43,0,2,6,7,5,8.929866393132697,1,0,6,6,6,14.50699645871926,0,14.240477971638724,1.3558411113133595,1.551250449570334,80.50935251826797,1,Enrolled,1
0,12,3,5,0,8,93.07378147477932,3,2,3,1,0,161.14502972550838,1,0,0,1,0,0,49,0,2,4,5,4,16.195625946261917,1,1,6,7,5,20.0,1,8.950539679792202,0.9479031483511688,-0.4643534874110009,76.7222107261381,2,Graduate,1
0,3,7,9,1,1,157.17310379221345,13,4,1,2,5,145.0690317269066,0,0,0,1,1,1,40,0,0,3,4,3,14.348935619262168,0,2,4,5,4,9.6768825205653,0,6.7432201422461695,3.199818068408913,-2.1223470049119646,62.91511700651135,1,Enrolled,0
0,9,4,14,0,8,164.54031423801905,4,4,3,7,6,155.7924586688685,1,0,0,1,1,0,31,0,0,5,5,5,12.254183593232186,0,2,5,6,4,9.069674360142418,0,8.88310099058944,1.1248190585278417,1.2513126914588972,44.867633000761614,0,Dropout,1
0,13,8,16,0,9,111.53542577241076,10,1,3,9,7,121.79587749654254,0,0,0,1,0,0,46,0,0,3,3,3,9.17052610278703,1,2,4,4,1,10.017333215792195,1,9.351323290746851,0.9551045719680334,-1.8393211380707848,97.98287972071032,1,Enrolled,0
0,8,1,3,0,11,170.76648734842271,6,4,4,2,3,111.7770346838311,1,0,1,1,1,0,33,0,0,3,4,3,12.2148853728831,0,0,6,6,5,9.235189472701276,1,7.04294547398756,2.65284093444128,3.5,74.23915586585692,0,Dropout,0
1,4,2,15,0,6,129.84123691352718,4,2,5,3,8,162.2587336828557,0,0,1,0,0,1,21,0,1,5,6,5,10.135766382702256,1,2,6,7,4,10.29302928134789,1,14.958867782918368,2.104642574739322,2.8492794195119817,76.70530793374851,1,Enrolled,1
1,9,3,14,0,7,111.16792475303824,8,1,1,2,2,154.08511262260143,0,0,0,0,0,1,45,0,0,3,3,1,17.153988266767062,1,0,3,4,1,16.880749083557678,0,10.05625817803201,2.4053093378835024,0.5271688372683117,69.80112605749525,2,Graduate,0
0,7,1,7,1,6,128.04930128139205,14,5,2,1,7,145.5553602003661,1,1,0,1,0,1,20,0,1,6,6,6,13.32115414364432,1,0,3,3,0,12.92223457914944,0,13.840713677370823,0.8243032256581172,3.5,54.87869561884924,1,Enrolled,2
0,11,2,6,1,5,148.82530930536902,18,4,6,0,9,145.51942250352448,1,0,1,1,0,1,26,0,2,6,6,4,10.63060398128546,0,0,6,7,6,12.877603931667998,1,13.223147037756275,1.763902326153084,-0.3346026461002658,78.56329366798994,2,Graduate,1
1,15,2,16,1,1,133.81514949394062,8,4,1,2,9,150.5156901513512,1,0,1,0,0,0,33,0,2,3,3,3,7.968391123609556,1,1,4,5,2,12.186939572166,0,15.103610882344952,-0.1636609944484499,0.0936048196114168,47.46766566880616,0,Dropout,0
0,13,5,9,0,2,122.2832151505592,5,2,3,8,4,107.69352270079798,0,0,1,0,1,0,26,0,0,4,4,4,11.379338089912318,0,1,3,3,0,12.069531909833778,1,6.222781487068405,-0.8045363915022077,0.0718441491316289,75.1406337356231,1,Enrolled,2
0,3,2,1,0,10,148.03114402051474,14,6,6,7,4,166.88919844999987,0,0,0,1,1,0,33,1,1,4,5,3,17.32682293374289,0,2,5,6,5,13.996624695968972,1,11.933649177661604,0.7909002815516586,0.6848169288876691,94.95576931364616,2,Graduate,0
0,3,7,14,1,2,150.0584216017346,15,2,5,8,6,136.14860652970972,0,0,0,0,0,0,36,0,1,3,4,2,13.390013164535093,1,1,5,5,5,13.449727231164449,0,8.488512164244485,1.556603640452208,0.2419467384815786,76.83578384463955,1,Enrolled,0
0,11,1,14,1,11,131.17374212283264,20,1,6,9,4,136.86155800272192,0,0,1,1,1,0,40,0,1,5,5,5,12.369330836176347,1,1,6,6,3,10.608953186673617,1,9.57380075912274,4.0,1.621811342365748,56.60464022214176,0,Dropout,1
0,5,1,8,0,9,127.15131873794624,17,5,1,4,6,129.54710813501197,0,0,0,1,0,0,21,0,2,6,7,5,18.94540853824257,0,2,5,5,4,20.0,1,6.757280793108295,2.9997267940220063,-0.9977874175037432,49.73611320460705,1,Enrolled,1
0,12,4,17,0,6,122.9964679947186,4,6,3,4,8,95.0,1,0,0,1,1,0,22,0,0,6,6,6,11.549088599992746,0,0,5,5,5,12.981992394500088,0,16.97520574537593,0.1878001872913237,1.0302512525440728,65.02624875453526,1,Enrolled,1
0,4,7,15,0,3,145.52850844817672,21,6,6,7,4,154.37992664128848,0,0,0,1,1,0,18,0,2,6,7,5,10.170881614908666,1,0,3,4,1,10.877180223019248,0,7.794471614473377,2.5507178924436547,-0.1765562245054547,68.52990855055839,1,Enrolled,2
1,8,8,10,1,3,99.7069027110575,20,2,2,4,1,115.04029138436836,1,0,0,1,1,0,29,0,1,3,3,2,14.4143136497592,0,2,3,4,3,15.73832843350999,1,11.958387350693418,-0.1146526468400039,0.9128157213080894,94.94911133064436,2,Graduate,0
0,14,1,16,1,10,118.22201665971676,13,2,6,3,9,142.70145626986974,0,0,0,1,1,0,27,0,2,6,7,6,14.46847860595906,1,2,4,5,4,14.07257033869418,1,6.14307261748246,3.3396432769537503,-1.1492466036509903,77.22786289955454,2,Graduate,2
0,16,3,7,0,10,131.43510990062944,15,5,6,8,5,119.49470700097496,0,0,0,1,0,1,39,0,0,3,4,1,10.946239173851223,0,1,3,3,2,13.776376902746422,1,9.236624609272251,0.8936172518881368,-0.7561372444339489,79.41923666589389,1,Enrolled,0
0,8,3,17,1,2,117.65894578548772,9,3,4,0,8,131.41185560294056,0,0,0,1,0,1,32,0,0,3,3,2,10.208171208333948,1,0,4,4,3,8.480948707785815,0,13.181782523629792,0.8105208585521958,3.5,55.59264525090784,0,Dropout,0
0,5,8,5,1,7,140.58747549483553,17,1,4,5,8,130.02117361172375,1,0,0,1,1,1,47,0,0,4,5,4,18.0647460560715,0,1,3,4,1,20.0,1,11.042027525386786,2.724255592972037,-0.8581601696651218,65.82184182579726,2,Graduate,2
0,9,6,14,0,1,138.59423096585272,3,6,1,6,4,118.91645426506668,1,0,0,0,1,0,27,0,1,5,5,3,11.484549319153816,0,0,6,7,5,15.16455616161092,1,7.175035807232847,0.8290590193350478,1.742241011572005,84.250061803552,1,Enrolled,1
0,2,6,15,0,1,189.5746422729701,9,3,1,5,1,134.35260415594442,0,0,0,0,0,0,32,0,2,5,5,2,7.918442340943907,1,0,4,5,2,5.583570786318747,1,7.854712084348485,3.597921182950991,-0.1662532049746734,36.811347344968375,0,Dropout,0
0,8,6,11,1,10,118.25229669508516,21,5,2,9,5,127.97724989251472,0,0,0,0,1,1,24,0,1,5,6,4,13.675043867743462,0,1,6,6,6,14.219185861978373,0,10.488384941636031,0.8158474662992784,-1.0312111418742782,39.91391565037951,1,Enrolled,1
0,7,8,5,0,3,134.75483359267346,11,6,4,7,3,113.98837902807296,0,0,0,0,0,0,20,0,0,6,7,6,16.131070188992307,0,0,4,4,3,16.872454593064926,0,9.948133007868378,2.5649760623156705,0.9153901663771444,38.300487619741546,0,Dropout,2
0,9,2,16,1,1,113.94739601666436,20,6,3,7,3,169.32176859638992,1,0,1,1,0,0,20,0,1,4,4,1,12.332870124842728,1,0,5,6,5,9.34658324583434,1,6.060978810485856,1.639159191704322,-0.7640299110315196,61.405156792275776,0,Dropout,0
1,11,8,8,0,11,177.67565477709817,21,4,1,4,2,119.96398989627362,1,0,0,1,0,0,41,0,0,4,5,4,14.879945230580562,0,0,4,4,4,11.15749151630587,1,8.856874689767173,2.3145577833509767,1.732400962854245,87.58649164761673,2,Graduate,0
0,12,4,13,0,3,172.42684320195286,5,6,5,3,0,154.0518501561246,0,0,0,1,1,0,19,0,2,3,4,3,9.334324369821974,0,1,4,4,2,6.744329695931598,1,9.5622012575753,0.2907413292112399,0.5754650878679706,52.52792052082374,0,Dropout,0
0,8,2,17,0,9,100.50576408049004,18,1,4,6,8,156.70596520598653,0,0,0,1,0,0,48,0,0,4,5,4,15.198908137605937,0,1,4,4,4,14.768720227748489,1,11.70520077571918,-0.7001368093611959,3.2049439383047327,53.894330327709866,0,Dropout,0
2,17,4,9,0,7,131.3816340571681,12,5,3,8,5,163.09830610044753,0,0,1,1,1,0,19,0,2,3,4,2,9.65674585326304,0,2,4,5,2,10.403913170555091,1,13.03917096421646,0.3735151161923236,-1.550082962466756,62.83370750614422,0,Dropout,0
0,1,8,15,1,9,135.79272320809446,19,5,4,1,9,126.36288660366225,0,0,0,1,0,1,43,0,2,4,5,1,14.068106140951308,0,0,4,5,4,12.84405306000119,0,12.013424806340277,1.0153334685260609,1.2969725653798574,63.1615763153686,0,Dropout,0
1,3,7,7,0,7,127.51588151802814,5,6,6,6,2,135.03151111410523,0,0,0,1,1,0,45,0,0,3,4,2,15.686843210675288,0,0,5,6,5,20.0,1,11.01861017024594,1.2600886668753697,1.4666027863000537,65.23402806385468,1,Enrolled,0
0,14,5,14,0,11,124.35465758443802,12,1,2,5,0,135.80395908717787,0,0,0,0,1,0,48,1,2,6,6,3,13.345463889453685,1,0,4,4,4,15.610903806604613,0,11.08796585732502,0.9191291305130272,-0.9938478740892924,52.34284857304385,0,Dropout,2
0,2,4,8,0,9,151.95985255717596,6,3,5,2,5,153.18036210037786,0,0,0,0,1,1,35,0,2,4,4,4,8.675932587570014,0,1,6,6,4,9.507630527970171,1,11.431151787896331,-1.0,-0.3952407558411506,48.985286026151975,0,Dropout,1
0,8,5,2,0,11,174.3331379001329,17,4,3,1,3,133.9406667968982,0,0,1,1,0,0,37,0,0,5,6,5,8.827726073984639,1,0,4,4,4,7.451607727293565,0,12.870327831105104,0.7335305205037376,-1.7622169196169966,97.79548016714416,1,Enrolled,2
1,17,6,4,1,3,152.75521296557915,14,3,3,0,0,151.4619965119421,0,1,1,1,0,0,21,0,0,3,4,2,18.575923697785115,0,1,4,5,3,18.45050271852083,1,15.07568474704749,1.5474644818195644,-2.008078854894599,41.80568306839857,1,Enrolled,0
0,9,7,2,1,7,154.01127064971678,3,2,1,1,9,133.60520056932063,0,1,0,0,1,1,34,0,0,4,4,1,10.31150512277384,1,1,6,7,5,12.765391747915215,1,7.082118750064051,1.2079780389147323,0.5865548475292485,81.14251426323324,0,Dropout,0
1,12,7,10,1,6,127.19367073617715,1,3,2,4,3,167.9299041085449,0,0,0,0,1,0,44,0,1,4,4,3,15.67793390880297,1,1,3,4,3,17.677968422658598,0,8.655350980889445,1.0507786753196249,2.2523175146660166,93.12346085861073,2,Graduate,0
1,7,8,6,0,2,157.3814479233725,13,2,2,0,1,139.7064211994609,0,0,0,1,1,0,38,0,0,3,4,3,13.414315598663354,0,1,3,4,2,15.387311471236702,0,13.031581171019663,0.9478929905228424,0.5631106782282068,88.2984386519301,2,Graduate,0
0,1,7,11,0,6,157.3090514007908,18,1,3,7,2,136.6976255760938,0,0,0,0,0,0,37,1,0,4,4,4,9.485856986429203,1,2,5,6,5,8.426692539146199,1,7.014845927748475,1.5677041432150938,0.6383307856153632,48.32366396418082,0,Dropout,0
0,14,5,10,1,3,124.55795367444506,10,6,4,3,9,148.48769420931984,0,0,0,1,0,0,22,0,2,5,6,5,11.135348611885732,0,1,4,5,1,9.52811320615242,0,6.113352195801026,0.2433448436051379,-1.536987292682179,91.0992690159108,2,Graduate,2
0,2,8,17,1,2,129.8720454756041,19,2,3,2,9,180.88750743058745,1,0,0,1,0,1,17,0,2,3,4,3,18.94941554817325,0,2,4,5,4,15.08097813048559,1,8.075014446657692,1.2056645049886967,-2.9829093737880576,44.175693017920665,1,Enrolled,0
0,17,7,8,0,5,100.34510272945354,19,5,3,9,6,124.87036806173828,1,0,0,1,0,1,21,0,2,3,4,3,20.0,1,1,3,3,3,20.0,0,10.220575232752823,1.0109274145488842,1.415693313918846,59.124892927800005,2,Graduate,0
1,7,2,6,0,5,105.24321369805394,17,6,3,1,6,165.98562488146703,0,0,0,1,1,0,28,0,1,3,3,0,11.88940683489901,1,1,4,4,4,7.793097346825512,1,8.564820317975041,0.0013706632941665,-0.3892391919551283,69.75852083802982,0,Dropout,0
0,15,8,16,0,11,125.4578747191506,7,6,3,0,4,119.56034470842545,0,0,1,1,1,1,42,0,1,3,3,2,11.647676158469809,1,0,5,6,4,11.308900233936376,1,11.10861255016836,1.2822068383644372,-2.441627820395912,49.26493041756657,0,Dropout,0
0,9,3,10,1,2,111.46496326884292,8,6,3,7,9,141.0957286921327,1,0,0,1,0,0,30,0,0,3,3,2,7.265964300291626,1,1,6,7,5,5.915306663563932,0,9.147307695665654,-0.8833623053076223,-0.1792675717289882,70.70484407309903,0,Dropout,0
0,8,4,4,0,3,152.6970746810525,16,2,3,8,1,120.13060827078654,1,0,1,1,0,0,42,0,2,5,5,5,7.225296127902863,1,0,4,4,1,7.481458283759045,0,8.964494408256616,0.68528334639894,1.2488145470731216,56.23407093001034,0,Dropout,2
1,7,2,2,0,8,131.50265172526534,16,5,4,2,8,130.7171996336759,0,0,0,1,1,1,43,0,2,3,4,3,9.99961834842171,0,1,6,7,3,12.613501974654206,1,6.0,1.9042368626401536,1.524638317206787,95.51639634521248,2,Graduate,0
0,4,8,2,0,5,146.71666101314244,16,5,5,2,8,123.03634845479252,0,0,0,0,0,0,25,0,2,5,5,4,11.442487811117928,0,2,5,5,5,14.5266143308194,1,11.796338893245082,1.9942864825298328,1.158004164306077,72.63680720331917,1,Enrolled,1
2,10,5,12,0,8,108.14284149213525,20,3,6,8,8,157.45543877009374,1,0,0,1,0,0,42,0,1,5,6,3,12.910953645823913,1,2,3,4,2,14.366917956710434,1,11.835766669246132,1.5158240094323114,-0.4519565130642491,88.70796004382363,2,Graduate,2
1,7,5,4,0,10,163.57277460982235,9,6,5,6,5,127.56889651126868,0,0,0,1,0,0,38,0,0,5,6,4,15.415468218528538,1,2,5,6,3,13.204834706214212,0,9.438999476104607,1.7697498481615437,1.869977869517425,97.01608340155764,2,Graduate,1
1,15,7,16,0,4,145.77048210806245,13,6,1,8,0,153.25517535262702,1,0,0,1,0,0,46,0,1,3,4,1,13.773066791302842,1,1,5,6,2,13.4172322470075,1,10.446988965905115,2.243830302233172,0.7632201871156719,75.39679472168064,1,Enrolled,0
0,13,1,2,0,4,143.89821598345517,4,4,5,1,5,126.82927568436985,0,0,0,1,0,0,33,1,2,5,5,3,15.47347964570808,0,0,5,6,5,12.989069413839328,0,10.440657907581352,1.6255640080950295,-0.7772359418963537,95.2108293949657,2,Graduate,1
0,8,1,16,0,6,155.83093700630843,10,6,4,6,7,139.86154114466612,1,0,1,1,0,1,42,0,1,3,3,3,10.851178992099154,1,1,5,5,5,8.91564870275329,0,13.154100809577624,2.911840790822995,-1.210796185499057,83.4749627297125,1,Enrolled,0
0,9,8,15,0,10,142.0129406852588,21,3,3,7,3,176.43996196178114,0,1,0,0,1,0,17,0,0,5,6,5,12.75222651185348,0,0,6,7,3,13.658272073665362,1,10.66824772536623,-1.0,1.1533277266335304,84.17986424101518,2,Graduate,1
0,9,4,14,0,11,112.70504029597876,9,3,2,3,5,121.36271826701211,0,0,0,1,0,0,24,0,0,3,4,2,11.725650314441037,0,2,5,5,5,8.99012637971824,0,6.0,2.4897561780565023,2.3641428790045067,71.71980039392406,1,Enrolled,0
0,5,3,11,0,5,148.79164202865454,18,5,4,9,7,121.83679329015716,1,0,1,1,0,0,31,0,2,4,4,4,8.56647754253949,1,0,5,5,4,7.130461261560768,1,15.723900779910426,-1.0,1.86860435220675,44.26840578039134,0,Dropout,0
0,6,1,15,1,5,117.6768747762252,12,4,2,3,5,133.84478807911282,0,0,0,1,1,1,38,0,1,4,4,4,6.090958157339063,0,2,5,5,2,3.1164939021427984,1,13.866875920896543,0.7479977326629464,1.0938000536544477,65.19881077079692,0,Dropout,0
0,16,6,6,1,9,139.6395777988373,10,5,1,1,3,139.56046378404417,0,0,0,1,1,1,30,0,2,5,5,5,10.658000372664333,0,0,5,5,3,12.003743435674204,0,10.149124433659932,2.376550770783388,1.9400965844338665,51.11157985547605,1,Enrolled,1
0,16,7,16,0,6,117.99783343681338,17,6,6,1,6,155.52010450048945,1,1,0,0,1,1,42,0,2,6,7,6,4.316589014444395,1,0,6,6,6,3.1152164490143446,1,10.464569337623008,2.2441407406916247,3.5,87.02806914665405,0,Dropout,1
0,14,6,1,0,3,171.5687614057577,12,4,4,3,4,141.07462232730887,0,0,1,1,0,1,44,0,0,6,6,3,9.034930962534062,1,0,5,5,5,3.194058572469213,0,10.867881402690132,0.3360805903675579,1.3181036271153097,55.72756682885479,0,Dropout,1
0,16,5,11,0,11,149.7324089712702,2,2,3,3,0,146.12992725454595,0,0,1,0,1,1,39,0,2,4,4,4,14.908093114277854,0,2,3,4,3,18.692195590286804,1,7.687991557453494,1.442397110171704,1.0833634508366052,74.1335848874905,2,Graduate,0
0,5,7,14,1,4,157.1637354672656,14,5,3,4,2,111.1418125159432,0,0,1,1,0,0,30,0,2,5,5,5,13.630567512982692,1,2,5,5,2,15.864010317096954,0,13.344637801830984,0.7856682920475535,1.7802888917815949,82.7675378686877,1,Enrolled,2
0,1,2,2,0,9,118.29680152404566,6,3,6,9,2,147.5392132146591,0,0,0,1,0,0,40,0,0,5,5,4,13.074914158902828,0,2,5,6,2,7.736651909810947,0,13.031639278204356,2.51688890019768,2.150568032048936,53.24683808372159,0,Dropout,1
0,5,3,16,0,6,141.57599090039565,11,5,6,9,0,148.20752205950228,1,0,1,0,0,1,18,0,1,5,5,4,17.131842019311026,0,2,4,5,2,18.66892021147403,1,9.740563986888564,1.4071953179802907,-1.6045928269474543,68.59617935689457,2,Graduate,2
0,9,8,4,0,11,139.18444620714538,14,1,4,9,3,156.79000538058585,1,0,0,1,1,1,42,0,1,6,6,5,10.450340944403369,1,0,4,5,3,13.957083378192962,0,12.017161868858905,0.7221814392451371,1.1188201495291568,60.83090835840148,1,Enrolled,2
0,7,4,14,0,8,137.42707623725062,14,1,4,8,1,131.79120195235183,0,0,0,0,1,1,30,0,1,4,5,1,15.386838584584376,0,2,4,5,4,14.620688727043897,0,13.13004020743236,1.9581133738470424,2.6069635206638315,72.00670286727447,1,Enrolled,0
0,10,2,16,0,11,92.37664168686383,6,1,3,8,9,139.8316463559407,0,0,0,0,1,0,23,0,0,5,5,3,10.175103304532737,0,1,5,5,4,10.247681120392778,1,10.681031597382152,2.194902214683617,3.5,51.71859419446152,0,Dropout,1
1,15,8,15,0,7,178.21420669216127,1,3,2,6,0,157.65891905988218,0,0,0,1,1,0,19,0,2,4,4,3,13.971086401795722,0,0,3,3,3,12.874296129815612,0,6.907501824318162,1.26578952208171,0.836337874432817,97.04069689022243,2,Graduate,0
0,12,4,2,0,1,134.15378340892718,17,3,4,5,5,113.53395073036334,1,0,1,1,1,0,39,0,1,4,5,4,13.5374199399106,0,1,3,4,2,14.536768053324828,0,12.0573571957499,2.284014518943291,-0.0176898526709787,80.06196534687814,2,Graduate,2
0,13,2,13,1,1,146.03980954899458,17,1,6,9,6,95.12550245691692,1,0,1,1,0,1,34,0,0,3,3,3,13.726318732006426,0,2,4,4,3,16.00925313386516,1,10.169103893098203,3.373932936621564,1.0969436950194922,98.21751701870548,2,Graduate,0
0,10,7,17,0,10,106.0756241442717,17,6,3,4,3,112.2762761823918,1,0,0,1,0,0,31,0,1,6,6,5,11.646534105535949,1,0,4,4,3,8.36880120003696,0,6.715766814488743,-0.9965869381415232,-0.3590493371371768,83.5630377191475,1,Enrolled,2
0,1,2,10,0,7,167.20253966693895,10,3,5,3,4,124.0170042551867,1,0,0,1,0,0,41,0,1,4,5,2,14.11762660125528,1,2,5,6,2,12.052221084200106,0,13.104616797958188,2.9472536061953,3.5,67.56817172327061,1,Enrolled,0
1,4,8,15,0,2,165.346670667393,10,6,4,1,8,166.81015216242068,0,0,0,1,0,1,44,0,1,3,3,0,14.39127080781842,0,0,3,3,3,14.345388515189605,0,10.710979183265469,3.218473899421216,1.6655642507035602,86.94965172827482,2,Graduate,0
1,17,3,17,0,9,153.7963015123656,14,3,1,3,7,190.0,0,0,1,0,1,0,26,0,2,6,6,5,7.992716201975664,1,0,3,3,1,8.468262515112697,0,9.311455788818002,2.0389608714873924,0.7053533826224436,88.10559365469919,0,Dropout,2
0,13,4,8,1,10,141.00266353968237,1,3,6,6,1,117.263926332778,0,0,0,0,1,1,33,0,0,5,6,4,15.969736241150214,1,2,4,5,4,16.6883769815898,0,16.216161732704688,1.1249839212760817,2.804436127165058,83.71359271743293,2,Graduate,2
1,2,1,2,0,9,186.38145966264503,2,1,1,0,9,137.89519022404048,0,0,0,1,0,0,38,0,1,5,6,5,8.674292686671889,1,2,3,3,1,7.892992108994665,0,8.364605958776867,-0.3704052840907583,-1.2761553587355767,70.5178094751392,0,Dropout,2
0,15,2,1,0,2,156.62816677584138,18,2,6,2,2,126.82855480818527,0,0,0,1,1,0,42,0,1,3,4,3,9.929271486667549,1,0,4,4,3,7.424123306568839,0,7.171361323380536,1.5509554646370376,-2.929544401758223,54.25747044728581,0,Dropout,0
0,12,6,5,0,9,104.9453113796954,20,6,4,3,8,152.0298774784383,1,0,0,1,1,0,41,0,0,5,5,5,13.846892088193917,1,1,4,4,4,16.01004726445356,0,10.469419702302377,1.0169371086885282,1.5590806326808757,92.04695165202254,2,Graduate,2
2,2,2,3,0,9,139.93870869668578,3,6,3,6,4,146.99739172454673,0,0,0,1,0,1,33,0,0,3,3,3,15.092697275896285,1,0,6,6,6,11.738577625161914,0,9.534669541383874,-0.1692850648717416,2.733155212877224,88.00757802337424,2,Graduate,0
0,7,6,11,0,10,147.8425031605862,4,2,2,2,0,118.08540028913224,0,0,1,1,0,0,29,0,0,3,4,3,13.770108514242876,1,2,6,7,6,12.239417580747764,0,8.324026740326715,0.7119778820643797,0.5438526277416201,65.684617948198,1,Enrolled,0
0,4,1,16,0,6,137.31111720984728,5,4,4,3,8,124.47140302526496,0,0,0,0,1,0,36,0,0,5,6,5,14.139461424882631,0,2,5,6,5,13.883993731584717,0,14.22631422550077,1.4521496280961734,-0.4224073225689877,49.92841100510175,0,Dropout,1
1,14,3,9,0,5,147.60830815597782,20,5,1,0,7,136.42448621264123,1,0,0,0,1,1,41,0,0,6,6,5,9.02159334243846,1,1,4,5,2,9.934440840768392,0,6.633266397411539,1.8233076196279807,-0.922245185086781,86.69314638754284,1,Enrolled,2
0,11,3,4,1,10,166.70713447907596,3,2,2,0,9,170.75632454498017,0,0,0,1,0,0,20,0,2,3,3,2,11.167138591805696,1,1,5,5,5,10.137462288855776,1,10.92927545271421,0.2703998176896913,-1.4220557876232192,55.97599134188687,0,Dropout,0
1,3,3,9,1,2,130.8495994708206,3,4,5,9,6,123.65523294073364,0,0,0,1,0,1,26,0,0,6,6,5,5.823697592737514,0,0,6,6,5,7.406386507317832,0,10.26197456344636,-1.0,1.9973098102756728,63.20944529836991,0,Dropout,1
0,3,5,14,0,6,126.64213592883776,4,2,2,2,6,101.21601947758556,0,0,1,1,0,1,19,0,1,6,6,6,9.784251418927813,1,0,3,4,3,12.61122315733503,1,9.966921582027805,1.1932027616245295,2.272325811339356,87.45914690584023,1,Enrolled,2
0,1,5,10,1,11,111.11871350115588,6,1,5,6,7,172.57556575260602,1,0,0,0,1,0,34,0,2,3,3,3,8.304333584891111,0,1,6,6,5,6.447267648508026,0,13.46611685983116,0.3984221215943586,2.452565656725975,50.698594851412736,0,Dropout,0
0,13,3,16,0,9,93.9494030443684,7,4,6,5,3,152.43232955333045,0,0,0,1,0,1,38,0,1,6,6,3,13.046623568331428,1,0,6,7,4,13.725552828044144,0,16.162237617212035,0.976382692060654,0.8130857000197772,42.40798243633505,0,Dropout,1
0,5,3,9,0,3,128.13063644848555,4,1,1,4,6,110.92783224693169,1,0,0,0,0,0,24,1,2,3,4,3,20.0,0,2,6,6,6,20.0,0,10.000897198685893,-0.9562073704970776,-1.280928935169998,40.857044563098896,1,Enrolled,0
1,4,1,3,0,3,120.09969267143197,15,1,5,7,7,147.6585709842608,0,0,0,0,1,1,35,0,0,5,6,2,15.660422831694046,0,0,3,4,2,14.507917286332672,1,12.664541869410536,1.1150784271952787,-0.4868360541852294,85.53292395401172,2,Graduate,2
1,3,8,1,1,11,130.4541182463447,6,4,2,7,9,160.29168407400002,1,0,0,1,1,0,22,0,2,5,5,5,5.142989066937611,0,0,6,7,4,0.0774373629548561,1,10.1222600082059,1.94682504674216,1.8775553548292736,84.63496428846187,0,Dropout,1
0,13,5,11,0,4,122.12504598849006,5,6,1,3,2,142.34363800838102,1,0,0,0,1,1,42,0,1,5,5,4,7.688269083247564,1,1,4,4,4,8.273741816284952,0,10.236545370549912,0.9679157660974136,-1.067148190204474,69.70813950796806,0,Dropout,2
0,16,6,1,0,10,111.36249317107496,8,6,2,9,1,174.0644215105516,0,0,0,1,1,0,22,0,2,5,5,5,8.454099136654149,1,2,4,4,2,9.314260805917083,0,11.354082157109078,1.6239857162330544,0.6166915570516615,87.48954447663766,1,Enrolled,2
1,1,7,5,0,11,122.8892801921796,6,4,4,5,1,153.88320368009764,0,0,0,0,1,1,49,0,2,5,6,5,6.856919420035069,0,0,6,7,6,9.27512278408733,1,10.505560615964836,1.146987736712025,-1.031470704763523,62.93067771018981,0,Dropout,1
1,7,8,9,0,4,146.28635047726164,17,2,2,0,6,147.63738715182032,0,0,0,1,0,0,38,0,0,6,7,6,12.01132801225871,0,0,5,6,5,10.87372897135415,1,7.265947347223492,-0.8653570515402174,-0.4542803832772413,66.10691835183695,1,Enrolled,1
0,3,7,3,1,1,123.22448397055324,16,2,4,9,8,145.09710179399136,1,0,0,1,0,0,37,0,1,6,6,5,13.800644530760136,0,2,5,5,4,11.832981324435718,1,13.993630699195714,1.5972322893541058,-1.2734236222603557,62.64433854675303,0,Dropout,1
0,10,4,12,0,2,130.8492922436334,11,5,4,9,7,143.39735910467178,0,0,0,1,1,0,22,0,2,6,7,6,8.474565267176843,0,2,3,3,3,5.888152967195298,0,11.348399339490596,0.5585454343447247,0.8293061408785097,39.02118285898673,0,Dropout,2
0,8,3,2,0,6,181.08233196833527,1,2,5,8,9,161.95170022447803,0,0,0,1,1,0,22,0,1,4,4,3,12.219345603455364,0,2,3,3,1,4.4238277072293295,1,9.859868917724487,-0.0896974377217849,-1.8335327451837813,62.58034261386939,0,Dropout,2
1,2,3,10,1,5,158.65375611024766,14,6,4,4,9,136.26044763340371,0,0,1,0,1,1,20,0,2,4,5,4,13.770746148006808,1,0,4,4,4,12.458953520051008,0,8.12059338384165,2.3138455646273104,-0.5686634400972819,47.57662109327633,1,Enrolled,2
1,10,3,7,0,10,140.01283113126456,13,4,5,7,6,163.73833169724946,1,0,1,1,1,0,46,0,1,3,4,3,15.446415364206684,0,1,4,5,4,20.0,0,10.87596855712864,1.8232628890707532,2.3320214347292594,54.19679666582549,1,Enrolled,0
0,12,2,16,0,4,140.741712467047,10,2,4,9,8,147.79844063851573,0,0,0,1,1,1,27,0,1,4,5,1,13.54636873368772,0,0,6,7,5,16.42372171763104,1,9.270534796662387,0.7653106501728987,2.687878193267822,83.92870431312906,2,Graduate,1
0,14,5,13,0,10,119.37316354122154,10,4,6,9,3,142.63905991845223,0,0,0,0,0,1,46,0,1,5,6,3,14.156403888520249,0,0,5,6,4,11.37594206942248,0,10.546508083162893,1.313846243344281,2.0074152177695144,37.55698217392133,0,Dropout,1
0,2,4,1,0,9,125.76188490906472,8,5,1,0,9,132.29905230897458,0,1,0,1,0,1,47,0,0,5,5,4,12.86906273139148,1,2,4,5,2,11.282349272829558,1,9.433348727526909,1.6925124402969691,3.347750963504919,60.13896056648876,0,Dropout,2
1,17,2,7,0,2,128.89967313541965,9,4,5,3,6,132.5328050395937,0,0,0,0,0,0,40,0,0,5,5,5,9.450306754369834,1,2,5,5,5,7.847733562290092,1,7.506797810133686,-0.5384287606236997,-1.5752855229474532,59.0782108807632,0,Dropout,1
1,12,2,11,0,8,137.31015872762697,4,5,2,1,4,147.97548795162942,0,0,1,1,0,0,25,0,1,3,3,3,10.21570557206797,1,0,3,3,1,13.412036183763142,0,14.831160995816902,0.1314107347687516,0.6355510596323336,74.94284881747676,1,Enrolled,0
1,7,7,6,1,11,134.02944783122058,11,5,5,1,0,165.32758568073913,1,0,0,1,1,1,19,1,1,3,3,0,8.370211367162828,1,2,3,4,0,13.631547214090856,0,7.168616828525243,0.1886922087606564,0.9358807627178016,50.44738303723402,0,Dropout,0
0,15,8,5,1,4,110.17420437009288,9,5,6,1,9,152.60997991438637,0,0,0,0,0,0,47,0,0,3,3,3,18.24542311064894,0,0,6,6,5,18.1699133281238,0,7.657717795552331,2.097209233252787,3.5,77.18615646515218,2,Graduate,0
0,2,4,10,0,9,148.1129274567014,12,1,1,1,3,122.13819984035128,0,0,1,1,1,0,40,0,2,3,3,1,7.857657967408699,0,2,6,7,4,8.216831329115452,0,12.034498070875106,3.3785674760902813,0.3725656546508589,53.89785103426087,0,Dropout,0
1,12,4,3,1,4,122.3831505619971,13,6,4,7,0,100.02681585144724,0,0,1,1,1,1,47,0,1,6,7,6,16.332307197863962,0,1,4,5,3,17.333288759262295,1,10.929333001798666,2.209438187963584,2.242358780096792,84.69327545930494,2,Graduate,2
0,17,4,15,0,2,177.29160842866617,8,3,1,5,0,158.49395459943594,1,0,0,1,1,1,22,0,1,3,3,0,7.891767863907786,1,0,5,6,5,7.552130029188828,0,11.982180535684774,1.64123350862123,3.5,75.00675061352547,0,Dropout,0
0,1,4,12,0,6,162.4918669117432,13,6,3,8,6,190.0,0,0,0,1,0,1,18,0,0,3,4,3,15.686036944504162,0,0,4,5,4,16.09099755124022,1,11.5094199001939,0.2673232967871388,1.0345358591839546,75.15230004501166,2,Graduate,0
0,8,6,5,1,9,98.44584261427696,1,4,1,1,2,133.1034699398445,1,0,0,1,1,0,36,0,2,4,5,4,16.402448461650327,1,2,4,4,4,16.222881721033115,1,7.740892439645845,2.388746495477271,-0.0444203009997417,56.0706353726047,1,Enrolled,2
1,5,4,14,0,7,129.42938333945568,11,6,1,0,8,128.4096665549099,0,0,0,1,0,1,44,0,1,6,7,5,17.031949480466096,1,0,5,5,2,17.926874424464184,1,12.009890884414563,1.0650174098376743,0.1114074879896775,47.13212402039862,0,Dropout,2
0,8,6,12,0,1,170.38222948913585,2,2,1,7,6,160.51315520968237,0,1,1,1,0,0,27,0,1,5,6,2,9.35486744270429,1,0,4,5,4,4.050527114319197,0,8.070987779245545,0.2862697274106631,-2.2805747218783674,64.28290869014313,0,Dropout,2
0,14,8,11,1,9,149.57942796927395,5,3,2,9,5,118.4779225729105,1,0,1,0,1,0,20,0,1,4,5,1,13.574975675169997,0,0,6,7,5,12.076274536594097,0,13.16132739457838,2.3670901682078918,-0.0265005061191191,86.15919150252658,2,Graduate,1
0,6,3,13,0,6,136.95961432215412,11,6,2,2,1,177.40495887068744,0,0,1,1,1,1,31,0,1,3,4,2,10.897748320350672,1,2,5,6,5,7.639262884276748,1,7.005907174086035,3.095820072066303,-1.7584468553084156,55.36875243580894,0,Dropout,0
0,5,6,10,0,9,90.0,4,3,1,2,4,150.30775485083834,1,0,0,1,1,0,22,1,0,5,6,3,9.896857343660928,0,2,5,5,4,11.322094337667636,0,7.621040038389367,2.3864343350135755,2.2079936823180777,87.10770631076065,1,Enrolled,1
0,10,6,10,0,2,130.21352050438406,8,6,3,7,7,139.33470245097166,1,0,1,1,0,0,46,0,2,5,6,4,13.153492841949095,1,0,4,4,4,10.88947463913794,1,7.705522212991812,4.0,-2.0118862904978734,86.21968703100421,2,Graduate,2
0,15,4,14,0,11,139.62797026447612,12,1,3,4,3,120.64711926203609,0,0,0,1,1,0,18,0,2,5,6,3,15.848624847386487,0,1,5,5,3,11.636387549797044,0,10.930726651964134,0.5897661393493222,1.506032809196899,54.03166562257232,0,Dropout,1
1,3,4,16,0,7,90.0,3,4,5,7,7,162.05172493307956,1,0,0,1,0,1,31,0,1,4,5,2,10.91697577606743,1,1,6,7,6,6.146003458056565,0,9.843901355818554,0.9373571763591504,2.847846502672206,75.25096365006095,0,Dropout,1
0,3,5,12,0,8,148.49428973272344,17,4,1,1,8,128.89506742143075,0,0,0,1,1,1,27,0,2,6,6,6,14.152098577927504,1,0,6,6,3,14.975540175489527,1,10.34421218637379,0.4431838919566999,2.1121349941182315,92.98974980394556,2,Graduate,1
0,17,3,4,0,8,119.5594203978258,8,2,5,9,7,157.7303670971703,1,0,0,1,1,1,24,0,2,6,6,5,9.822875173053626,1,1,3,4,1,7.200983773831976,1,9.646191095890044,0.435898394659846,-0.0694333186357633,58.05033346181317,0,Dropout,2
1,14,7,10,0,5,141.62853572274437,6,1,4,8,5,149.97723362330717,0,0,1,1,0,1,42,1,2,5,6,4,9.348648067889656,1,0,3,3,2,8.703196834558973,1,9.840529458351872,3.17664802694929,2.1749219817585788,79.34264605256492,0,Dropout,2
0,10,2,1,1,7,137.9001758605845,4,6,3,1,1,172.28560298144376,0,0,0,1,0,0,21,0,1,3,4,2,11.864589780181598,1,2,3,3,3,15.521789893490654,1,8.55394139508893,0.1704774206615857,0.8174185321224804,47.55262161786393,0,Dropout,0
0,16,3,15,1,7,129.38059163439897,4,6,4,8,7,143.97444202598535,0,0,0,1,0,0,22,0,2,6,7,4,12.074341755660813,1,1,3,4,3,12.712297536788526,0,6.0,0.8431240018898184,-0.0231615067878021,72.18135164125636,1,Enrolled,2
0,17,1,17,0,3,152.41451510211257,7,6,4,9,3,190.0,1,0,0,1,0,0,42,0,2,6,6,6,15.337235462086651,1,1,4,4,2,13.761922838677208,0,6.0,3.012919137269259,0.1458417564784381,56.98646151764194,1,Enrolled,2
1,13,8,1,0,11,141.18832157329143,10,6,1,5,0,153.87428822750343,0,0,0,1,0,0,20,0,1,3,4,3,8.619663360246296,0,0,3,3,3,5.381758369926587,1,7.595673118509775,1.9634716539344736,1.5972236854181978,78.84491866288342,0,Dropout,0
1,1,8,14,0,11,190.0,6,3,3,4,4,143.6567502590459,0,0,0,0,0,0,35,0,0,4,4,4,20.0,0,0,3,4,3,20.0,0,9.033771774836625,0.2809779033224782,-2.001965347129037,91.68259466266376,2,Graduate,0
0,1,4,12,1,2,174.11410647003464,4,6,5,6,2,130.273873248576,0,0,0,1,1,1,36,0,0,4,5,4,6.727068279756491,0,2,3,4,2,6.104311508572183,1,14.393746929545896,1.4031183653467632,-0.1073173415236063,68.53726538377501,0,Dropout,2
0,17,2,11,0,5,112.72616604429814,21,4,4,6,2,161.91676338167443,1,0,1,1,1,0,49,0,0,3,4,3,13.798234036786168,0,1,3,4,3,14.944697307317549,1,6.942182964508016,-0.5384654453119238,1.4745298546925534,66.00950143352802,1,Enrolled,0
1,17,1,4,0,4,161.1099525152851,10,1,1,3,6,130.83479763117748,0,0,0,0,0,0,36,1,0,4,5,1,12.00223489982988,1,1,4,5,4,5.743181749703021,0,6.722618202063349,1.2587806370035983,-0.1227805056225865,50.58895262040302,0,Dropout,0
0,12,6,17,0,8,118.7940915516064,20,5,2,6,0,120.64490972227816,0,0,0,0,1,0,28,1,2,5,6,4,10.73080585549602,0,1,3,4,2,13.274440625305512,0,6.0,1.5920974066758664,-1.5252408485445386,93.01460131683908,2,Graduate,2
1,6,2,4,0,5,109.16513959710284,17,4,3,2,2,128.28288220864297,0,0,0,1,0,0,17,0,1,6,7,4,12.387038855262295,0,1,5,5,5,7.805019822520569,1,11.503716597156972,1.6691640553369176,-0.8043877928180121,98.35756372166846,2,Graduate,1
0,7,3,1,1,9,102.5253026919208,20,6,2,2,9,135.19615161232872,0,0,1,1,1,1,42,0,0,4,4,4,15.35258653788322,1,0,6,6,6,13.842185274711738,0,9.359621317559697,3.752952200944809,1.1098042405019988,73.6158978364686,1,Enrolled,1
0,17,7,6,0,7,127.12056962860696,6,3,6,6,5,190.0,0,0,0,1,1,0,30,0,1,5,5,2,15.896299751559232,0,2,5,5,4,19.07126235974025,1,6.11762853423327,2.391871308168996,1.6691670822606626,96.96336625838347,2,Graduate,0
0,16,6,7,1,11,157.12918331231566,11,5,5,0,7,147.31182605557726,0,0,0,0,0,0,27,0,0,5,6,4,12.238527098104452,1,1,4,4,4,6.354513983115536,1,9.914221321183993,0.0952409270221836,2.7522436972954774,84.07258974243331,0,Dropout,2
0,1,1,1,0,1,138.48392334915184,18,5,5,7,5,123.47486510260984,0,0,0,0,0,1,29,0,2,5,5,5,14.161258110983637,0,2,4,4,2,13.644248605814738,0,8.250033006800159,1.6304598260009513,2.205409154616383,35.59095958180811,0,Dropout,2
0,11,6,6,0,2,146.18609439526452,9,6,5,1,3,167.21984082826347,0,0,0,1,0,0,19,0,1,5,5,4,8.34397675289842,1,0,4,5,4,7.357069312670929,1,13.885577823045654,1.4215632944284404,2.184360450349512,48.247384951637166,0,Dropout,1
0,10,6,3,1,8,90.0,12,5,3,0,7,144.71273211084113,0,0,0,1,1,0,49,0,0,5,6,2,12.355056844338623,1,0,6,6,5,11.983155905563056,1,7.9884895749927,3.738725736114144,-2.658845437403832,60.97698340561185,0,Dropout,1
0,1,6,16,0,10,129.96162979635915,11,6,4,5,9,172.36908578530654,0,0,0,0,0,0,22,0,2,3,4,3,14.380308458873564,0,0,3,3,3,14.97080993070388,1,15.09436639930929,0.9703728468692618,2.155390998623302,78.47557295226747,1,Enrolled,0
0,11,4,2,0,8,111.8452759874271,18,3,1,3,4,187.79394503274744,1,0,0,1,1,1,26,0,2,6,7,5,5.009463696512956,0,2,4,4,4,4.747156293470015,0,10.516681397384271,1.6564074258314094,-0.1309374076597917,39.39021873343846,0,Dropout,2
0,3,4,2,0,2,100.24041967212366,2,1,6,6,9,102.70598093630434,0,0,0,1,0,1,21,0,2,6,7,3,13.283203289344922,1,2,3,3,3,9.633193301783471,0,8.8153475009713,1.820499954741149,-1.7947788828633005,78.85023817390318,1,Enrolled,2
0,16,1,11,1,7,108.5151147293583,16,4,4,2,5,95.0,0,0,0,0,1,1,39,1,0,3,3,3,12.4112814827876,1,1,4,4,4,12.354545862544926,1,9.229108985198474,0.2162669596871174,1.8042382918493023,91.74002335126404,2,Graduate,0
1,1,3,11,1,8,136.56035067546202,9,1,3,1,0,189.78672349706176,0,0,0,0,1,0,26,1,1,3,4,2,17.444348768334113,1,2,6,7,4,17.09858220656714,1,10.879698119749456,-0.3292699963661234,1.1220563470166514,66.27881351568911,1,Enrolled,0
1,7,7,8,0,4,149.47073998798265,16,6,6,3,3,122.8169393685636,0,0,0,0,0,1,18,0,0,5,6,5,13.584908097287416,1,2,5,6,5,13.134373398250602,1,9.195468679549066,1.2282741285847338,2.392586977469249,73.5136439684214,2,Graduate,1
0,11,1,15,1,3,114.97125096037767,12,3,2,3,3,97.53725202510046,1,0,0,1,1,0,29,0,2,4,4,4,14.679399300318211,1,1,5,6,4,19.59441226412356,1,7.223097598969248,2.3001680579118244,-0.1619764466343152,77.52782870811988,2,Graduate,0
0,17,3,14,0,10,147.95989364944117,17,2,1,3,4,126.87842654677468,0,0,0,1,1,0,18,0,2,6,7,5,12.049710859136402,0,0,6,7,3,15.093276493637468,1,11.89277275117856,-0.0755543780296748,0.7897305878884024,74.4148958784445,2,Graduate,1
0,14,2,5,1,9,152.96107274845653,13,6,5,2,0,115.80972849550172,0,0,0,1,0,0,36,0,0,4,4,4,15.212169669923696,0,0,3,4,2,19.480061563871963,1,12.974557191130751,1.380267559825241,-2.441473921602074,58.94513675718446,2,Graduate,2
0,16,8,2,1,2,142.2516011567591,4,4,2,6,3,120.687066995881,1,0,0,1,1,0,17,0,1,6,7,4,14.968011212651438,0,2,4,4,4,15.528247291812262,1,13.08153249841965,0.6967656816723254,3.5,82.58556242518716,2,Graduate,2
0,17,8,2,1,3,116.118321305809,13,4,6,4,6,161.39358608892056,1,0,1,1,0,0,25,0,0,5,5,5,8.426871906714029,0,1,5,6,5,12.59021974845606,0,9.519180361539744,-0.8232555667382973,-1.608998779484056,62.79166692378947,1,Enrolled,1
0,14,7,2,0,8,124.0585000327464,12,6,4,3,5,131.01507410265512,1,0,1,1,0,1,33,0,1,4,5,4,14.08841720754978,0,2,6,6,3,11.648414619363669,0,13.275532545482838,1.77976688277061,-0.6585240011727163,75.90065467815532,1,Enrolled,1
1,9,3,2,0,2,142.211053737926,2,2,1,4,9,99.55317885613766,1,0,0,1,0,1,25,0,1,6,7,5,17.13784136450457,1,2,3,3,2,15.939749988635311,0,10.946424849131793,1.991052899700514,-1.055364744077158,67.76928627038392,2,Graduate,2
0,13,1,9,0,5,119.25488508857204,17,5,5,6,4,140.81350253218116,0,0,0,0,0,0,27,0,0,6,7,6,16.443271131836223,0,0,5,5,4,14.692907968797323,0,9.12190780433232,2.3045162121710687,1.1718130314807476,59.35068495605616,1,Enrolled,1
0,2,1,12,0,10,149.22611644812778,15,4,1,3,0,118.72120766341008,1,0,0,1,1,0,31,0,1,5,6,5,13.09580367542623,0,1,6,6,6,11.556058284686292,0,8.316961458855861,2.439873726500004,-0.7265565734819921,74.80139324448263,1,Enrolled,1
1,8,2,3,1,8,110.6241153968116,13,4,4,9,7,133.76630748766323,1,0,1,1,1,0,40,0,1,4,5,2,14.125912795281046,0,2,4,5,2,13.929166339943206,0,12.762014826717454,1.3809941627557685,2.740787950636557,90.56204505324548,1,Enrolled,0
0,4,6,16,1,7,143.38091956266564,2,6,3,4,4,135.1973860862526,0,0,0,1,1,0,46,0,2,5,5,2,16.202178712448692,1,2,6,7,4,16.412092714726803,0,6.0,1.980543156737634,1.3666443701684916,42.14360670322291,0,Dropout,1
0,5,7,11,1,4,154.95266503339536,6,4,4,5,7,161.13705710363058,1,0,0,1,0,1,47,0,2,4,5,2,9.0140076144255,0,2,3,3,3,9.79148566262147,0,14.166243136145772,1.725461728070342,-1.8822616700348709,70.80741452791816,1,Enrolled,2
0,15,1,15,0,10,139.21221024901752,21,3,3,5,5,127.36530208407432,0,0,1,0,1,0,21,0,2,4,4,3,14.660340636435924,1,0,5,6,4,18.72197829120765,0,10.377992227682148,-1.0,2.2037744944298066,45.20374180317899,1,Enrolled,0
2,2,8,11,0,9,113.20931241655155,12,2,5,6,6,157.44458475113936,1,0,0,1,1,1,30,0,2,6,7,4,6.1018111896911,0,0,4,5,4,1.9902328903884952,1,8.208953216871919,-0.2997656061276876,2.4414446244064143,41.76893109818597,0,Dropout,2
0,9,5,10,0,2,99.1304492207964,1,4,4,9,9,100.12210694081188,0,0,1,1,0,0,27,0,1,3,3,0,16.018246575645055,1,2,3,4,3,12.70512866439766,0,7.855428309137133,0.6114761193247119,-0.5113453666169352,51.46347715760672,1,Enrolled,0
0,8,6,5,0,7,110.63995319077893,15,6,4,2,9,162.4691167184916,0,0,0,1,0,0,25,0,1,4,5,4,11.65335398876251,0,1,6,7,4,5.248565081450452,0,8.67024382484155,1.5628560531566498,-1.2598360873880308,93.09138269319892,1,Enrolled,1
1,11,7,14,0,7,145.72259877469293,3,2,4,7,0,172.47325814330344,0,0,0,1,1,0,28,0,2,4,5,4,12.697399027994486,1,0,5,6,5,10.292457705339231,1,12.117720818493488,1.8212956296706908,1.517605554321641,72.68931059441034,0,Dropout,1
0,13,7,9,0,7,130.46886762523835,10,5,4,4,5,134.2441218766873,0,0,1,1,0,0,17,0,0,5,6,5,11.05621110111992,0,2,5,5,4,9.645792547710636,1,10.93475880864396,2.28255261713241,1.9855921146054445,61.50051413514619,0,Dropout,1
1,7,1,6,0,7,121.78849985242948,6,4,3,0,2,119.53524416877458,0,0,0,1,0,0,38,0,2,4,4,4,12.856332519043445,1,0,3,3,3,10.8102764223169,1,8.623081026072338,2.309601933827764,-1.0062292041348115,60.572294684046575,1,Enrolled,2
0,15,5,1,0,5,143.75017536064473,5,1,3,3,2,113.05997781338206,0,0,0,1,0,1,45,0,0,4,4,1,13.893841778848662,0,0,4,4,4,10.746471262098744,0,8.377401079554069,1.7232256314660197,2.462407539254394,83.36588899897747,1,Enrolled,0
2,12,1,12,1,1,91.30884850281772,8,6,2,3,2,139.36282407360972,0,0,0,1,0,0,24,0,0,4,5,3,15.640098890752952,1,2,3,4,2,15.562783315038104,0,10.942113160935577,2.090649511564063,-0.2326377702850703,74.83001166541419,2,Graduate,2
1,13,1,14,0,4,129.2327761261472,6,1,5,7,5,170.40179797800948,1,0,1,1,1,1,27,0,2,4,4,3,17.548252684523057,1,0,5,6,2,16.281536879563077,1,18.0,3.3396350806194297,2.929749837640607,58.95470455635821,1,Enrolled,0
0,1,2,4,0,5,110.65200032019204,11,6,5,9,7,129.355545942138,0,0,0,1,0,0,30,0,0,4,4,4,13.169919906383626,0,0,5,6,5,10.658082812700943,0,18.0,1.9930433941605303,-2.043667113791648,46.56297125779405,0,Dropout,1
0,8,6,15,0,10,105.28827407387018,14,1,3,8,2,167.78605615951648,1,0,0,1,0,0,46,0,0,3,4,3,7.1844341658041335,1,2,5,5,5,7.262073558097312,0,13.15358117659277,1.459737078852332,-0.5199678609349929,51.59749024392049,0,Dropout,0
2,15,5,17,0,4,123.67922988350772,21,1,2,2,2,111.2154066223279,0,0,0,1,0,0,37,0,2,6,7,6,17.569762288406675,0,0,4,5,3,15.83677276973446,0,7.676594991593319,2.049805139198642,0.4248670169889821,94.45423175324036,2,Graduate,2
0,14,7,12,1,7,189.3877719299757,20,6,2,9,4,131.2114270887897,1,0,0,0,0,1,21,0,1,4,4,1,7.8480725303969985,1,2,5,5,5,10.439392745347234,1,12.26221280846814,2.4787873909701865,-0.9841397174670308,75.35744449702145,0,Dropout,0
0,8,8,1,0,2,148.90718358562674,5,3,4,0,5,138.91009913872963,0,0,0,0,0,0,35,0,0,5,5,5,11.522101473975091,0,2,5,6,5,10.813032838765045,0,7.767604284337429,3.3593579553542554,0.7430244032776605,61.13206512930951,0,Dropout,1
1,3,8,13,0,2,110.12683160915084,13,6,2,7,5,145.40987185619872,1,0,0,1,0,1,30,0,2,5,5,3,11.28375191216361,0,2,3,4,3,10.108840873398906,0,9.313378785636278,0.1861843810125134,0.1757584578950912,80.08960406798644,1,Enrolled,2
0,12,2,10,0,11,161.64019704093008,9,5,5,8,6,131.68099583227485,0,0,0,1,0,0,42,0,1,4,5,4,13.040452729699968,1,0,5,6,5,13.394308455764502,1,14.096919475218252,-0.4673360534433959,0.4225857944128802,83.72141791475434,2,Graduate,1
0,15,5,4,1,2,106.25327691851788,10,4,1,3,6,171.16608265715874,0,0,1,1,0,1,20,0,1,4,4,3,8.577803882286126,0,1,6,6,6,3.263288328250952,1,9.267755913804136,1.7487834907324802,0.0728366451507456,60.09849387693076,0,Dropout,1
0,16,5,6,1,10,168.38068752162582,11,5,3,4,2,171.55859491850575,0,0,0,1,1,0,41,0,1,4,4,3,8.407828930241996,0,1,3,3,3,11.141711293725752,0,9.151519773125454,-0.2343443746113283,-1.5230496976832726,62.19623834363344,1,Enrolled,0
0,7,8,9,0,3,115.60639920745209,6,6,4,3,4,135.62948891506457,1,0,0,0,0,1,41,0,1,3,3,1,12.9246765189607,1,0,5,5,5,14.586925818332244,0,8.482770285544035,1.2009748024950115,0.7586366495840628,67.68329883507772,1,Enrolled,0
0,13,7,2,1,5,137.4097989292377,21,1,2,3,0,126.9875822784131,1,0,1,1,1,1,34,0,1,6,7,6,10.207733059876889,1,0,3,3,1,7.925062083094652,0,7.548680401343041,3.6731521809911447,0.5740003960091493,88.4168554304752,1,Enrolled,2
0,6,8,6,0,10,180.88382895218277,5,6,3,2,0,124.98962288707526,0,1,0,1,0,1,24,0,0,5,6,5,17.711327433551457,0,2,3,3,3,14.584686157187088,0,9.214426419321534,1.5041471534455748,-1.016131743287536,93.33093218583168,2,Graduate,2
1,2,7,11,1,9,127.2918246761231,5,5,3,9,1,165.85979055748905,0,0,1,1,0,0,30,0,1,3,4,3,11.071919848782514,0,1,6,7,3,8.246930510168099,1,12.221287051746671,1.5173012524160738,3.0482950655040666,70.58383156873347,0,Dropout,0
0,2,4,13,0,3,175.43035953660865,16,5,3,3,1,123.37460967226778,1,0,0,1,0,0,48,0,0,3,4,0,9.40087376285941,1,1,3,3,2,5.576007758135478,0,12.03062194815883,1.019339745274804,1.3668384448480886,90.51430618490056,0,Dropout,0
0,6,5,6,0,6,133.4130107241226,8,3,5,8,6,103.46524840160616,1,0,0,1,0,0,49,0,2,4,4,4,18.851425505605363,0,0,3,3,3,14.309585648727754,0,10.881471407538532,3.3060569282729304,2.095383208487881,35.635516285295424,0,Dropout,2
1,10,2,12,1,6,133.08368548211234,15,6,4,6,4,107.19604290491156,0,0,0,0,1,1,39,0,2,6,6,6,14.644776815777885,0,2,4,4,1,10.738756865187824,1,13.52914458004139,2.0079672279807648,-0.6556565474150562,56.8602196862056,0,Dropout,2
0,17,2,12,0,11,115.506312996931,15,1,1,5,2,156.67439367263393,1,0,0,1,0,0,31,0,2,4,5,3,20.0,0,0,5,5,5,13.082219729862045,0,6.0,0.938397164750712,-3.3561708544136426,91.22436465606252,2,Graduate,0
0,16,3,13,1,6,166.0731196868033,9,2,4,8,6,105.8660188160909,0,0,0,0,0,1,49,0,1,5,6,4,6.271900343845084,0,0,4,5,4,5.062875003240057,0,10.157722469148329,3.2759442614590712,3.5,70.77706452626754,0,Dropout,2
1,2,6,4,0,5,124.0966480386726,15,5,6,1,2,130.02697027139115,1,0,0,1,1,0,41,0,2,6,6,4,13.727180576471662,0,1,5,5,5,13.085789236183004,0,7.873015119354811,1.7222161916535483,1.103583491309253,79.06071854954301,1,Enrolled,1
0,3,6,6,0,2,176.91345532387376,8,6,2,3,2,142.55396577374373,1,0,1,1,1,0,33,0,0,4,4,1,14.69964403052332,0,0,3,4,1,17.602335010751272,0,15.953091648007572,1.002020810618797,1.454551359154392,64.80717796879998,1,Enrolled,0
0,15,6,13,0,1,121.18893457506034,14,5,6,8,3,97.94737263317988,0,0,0,1,0,0,49,0,0,5,5,4,13.097380099697174,1,1,5,6,4,15.265090954071676,1,9.231778337930484,-1.0,1.3770719745019078,76.82956069609108,1,Enrolled,1
0,15,8,10,0,5,124.98339097934,7,1,4,7,4,144.55681523060528,0,1,0,1,1,1,18,0,1,3,4,0,11.732998113533236,0,0,3,4,3,9.59801241633663,0,12.22489773435798,1.6648984177999453,1.5182822483789156,74.72140015842587,1,Enrolled,0
0,12,1,3,1,8,157.08700303460083,12,3,5,0,7,131.88578338511326,0,0,0,1,1,1,30,0,1,5,6,4,17.35966409276375,0,1,5,6,5,16.4405250831703,1,12.991836780006356,0.9583398626099868,-1.1146789511024682,84.28891387724758,2,Graduate,1
1,13,4,9,0,10,132.61349899459253,1,6,1,8,8,95.0,0,0,1,1,1,1,22,0,2,5,6,5,14.632392122366642,1,1,3,4,1,17.090122706263834,1,8.879969035589296,1.1223237208238932,-1.051787356348856,50.72045147575211,1,Enrolled,2
0,2,1,15,0,5,141.34538157434093,15,4,4,9,4,144.88064125409954,1,0,0,0,0,0,22,0,1,5,5,2,7.087656769560549,1,1,5,5,5,5.666400434402913,0,12.788905010487532,1.054877096420171,-1.046780032813144,42.12745636640796,0,Dropout,1
0,15,2,5,0,3,106.20196944778336,7,1,2,1,7,149.8950251304375,1,0,0,1,0,1,19,0,1,6,6,5,9.957211124190582,0,1,5,6,5,10.083680657073767,0,13.126994160286426,-0.6967223070823252,1.7923336700372765,48.04830833525588,0,Dropout,1
1,13,4,9,1,3,137.42448028561867,15,6,4,0,2,144.61691823084283,0,0,0,1,0,1,23,0,2,3,4,3,8.925982814988263,0,2,5,5,4,7.111122407870536,1,12.36937259521106,4.0,-1.3839498287357193,89.38135544761715,1,Enrolled,0
0,6,5,15,1,2,143.16348129672994,10,4,5,1,6,152.60778728691113,1,0,0,1,1,0,24,0,1,6,7,5,12.575946827832514,1,1,3,4,1,12.374041964882448,0,8.433520907171275,0.6674285049645813,-1.9517989139178755,42.39055345862575,0,Dropout,2
0,8,8,13,0,7,172.9344998435361,6,2,3,9,2,146.4529403992605,0,0,0,1,0,1,31,0,0,3,4,3,16.321028359063945,1,2,5,6,5,16.23025290900616,0,6.0,2.301988891619581,-0.3565149073825706,63.4118783686698,2,Graduate,0
0,16,7,3,0,2,124.4746192023166,16,4,5,5,9,158.2538028515554,1,0,1,0,1,1,45,0,1,4,4,4,11.672639322800592,0,2,3,4,3,10.50033500669806,1,16.41524575301461,1.2373202206847274,0.3099245846266659,58.019817380384126,0,Dropout,2
0,3,8,2,0,6,142.42497829191865,14,5,5,1,2,116.35344484919918,1,0,0,0,0,1,49,0,2,4,5,3,12.114074482999657,1,0,4,5,2,14.478848950878714,0,9.12772097887539,-1.0,0.7105845440512153,87.31012902136477,1,Enrolled,2
0,17,6,14,0,8,161.62486269337742,12,3,5,0,3,105.07932977742698,1,0,1,1,0,1,46,0,0,5,6,3,9.57342254648471,1,1,5,5,5,7.112653258911035,1,13.013038481715546,1.3221211268823292,-0.0752903814934105,70.16960770794473,0,Dropout,1
0,12,8,13,0,8,135.93773689729,17,6,1,4,1,110.96695975031317,0,0,0,1,1,0,43,0,2,5,6,4,15.664698248777292,0,0,6,7,5,15.653047724761883,1,8.605990289264405,1.6433392642317557,1.671796427895969,83.16274497635192,2,Graduate,1
0,7,2,8,1,2,158.89574236084758,10,6,6,1,6,119.69604082802032,0,0,0,1,0,0,45,0,2,6,6,6,17.314266265336453,1,0,6,7,3,20.0,1,16.293451295225395,0.8459049916666312,2.900520705632881,39.11212079566561,0,Dropout,1
0,12,7,10,0,6,189.96201434436009,10,2,4,3,5,190.0,0,0,1,1,1,1,49,0,1,3,3,0,12.886450683372445,0,1,3,3,1,13.364697226948424,1,8.505110060899202,3.2410899927503625,0.888475704801699,53.9832541218869,1,Enrolled,0
0,3,2,2,0,3,135.65087938803958,8,3,2,7,2,119.91719054193712,0,0,0,0,1,0,43,0,2,3,4,3,18.53006566813353,1,1,6,6,6,16.238762398874673,0,10.30173413602197,3.650376644542874,2.8915812065684747,84.30216355189732,2,Graduate,0
2,12,2,10,0,9,164.11986370820844,11,6,3,9,0,126.95572686022945,0,1,1,1,0,1,49,1,0,3,4,3,11.095715411438466,0,0,3,3,3,11.66450490700574,1,16.966051120245027,1.8445289393731372,1.789839452052117,66.81286047281873,0,Dropout,0
0,15,2,2,1,3,146.32652824321588,18,3,3,5,9,134.14224172757517,1,0,0,0,1,1,20,0,0,5,6,5,8.110560919794633,0,0,3,3,3,13.890628357744944,1,6.0,2.007941924765504,-0.9190070088676376,62.7312643626236,1,Enrolled,2
0,17,4,4,0,1,153.8638205398841,13,6,6,7,2,131.08130021905308,0,0,1,1,0,1,38,0,0,5,6,5,15.815289854782778,0,1,6,6,3,15.613357930687355,0,13.618562613120892,0.1169420209989637,-0.7241162850857645,68.21264419149222,1,Enrolled,1
0,12,7,9,0,9,150.51027656742605,20,4,1,4,3,185.38025140093848,0,0,0,0,0,1,18,0,0,3,4,3,12.664450428081144,1,2,6,7,3,14.348502297401252,0,9.924165928369892,0.1124751174135736,-0.8150462423443186,72.79064982027523,1,Enrolled,0
0,9,8,10,0,8,158.46298492361137,16,6,2,1,9,96.85987794051336,0,0,0,1,1,0,26,0,1,5,6,4,10.965662810408496,0,2,4,5,4,10.678619021292636,1,12.122974143484653,0.7146651878572625,0.4563443987023508,66.14768155260283,1,Enrolled,2
0,1,1,4,1,2,157.00640355144654,14,3,6,0,0,190.0,0,0,0,0,0,0,21,0,2,3,4,1,13.268349219651514,0,0,3,3,2,13.656976965559798,1,8.955992138357477,3.9001764686208777,0.2980349442717213,46.14793669846688,0,Dropout,0
2,16,8,3,0,10,133.45408124811323,12,2,3,7,7,143.61735532982712,0,0,0,1,1,0,26,0,1,6,7,3,7.454658006666635,0,2,6,6,4,6.959019967832951,1,14.908104589318366,0.8417170179077222,1.8704978023689236,79.83643995861723,0,Dropout,1
1,15,1,7,0,10,122.7685032232394,13,3,2,0,1,164.03714126772925,0,0,0,1,0,0,49,0,0,4,4,2,6.881763848301749,0,0,4,4,4,4.03665250478909,1,7.564248661161636,3.0804827230872807,0.5176286319500889,86.51828825729791,0,Dropout,0
0,11,6,16,0,3,144.35826278764318,13,2,2,9,2,140.50922637365727,0,0,0,1,0,0,29,0,1,3,4,3,13.323972437677975,0,1,4,5,4,13.958867095327532,0,10.111501796889058,0.6329350650844184,1.2458032382517148,55.1225805463616,1,Enrolled,0
0,5,5,5,0,7,103.03191869963896,16,5,4,8,4,160.3817275375393,0,0,0,1,0,0,47,0,2,5,5,4,14.52026871443848,0,0,3,4,3,11.162732560851529,1,12.806273838468844,0.3453214953597356,-1.302142033744296,63.520711503053526,1,Enrolled,2
0,7,2,13,0,6,148.60968783016546,1,6,1,3,8,116.39101023636503,0,0,0,1,0,1,40,0,2,6,7,4,17.87850465539272,0,2,5,5,5,16.797404300925777,1,7.538757766300288,0.8995600987543353,1.2349215246019063,76.53960254595654,2,Graduate,1
0,3,7,10,1,8,151.40932703402163,12,5,5,5,5,106.12568073216391,0,0,1,0,0,1,31,0,1,5,6,5,16.103235523898086,1,2,6,6,3,20.0,0,10.382177852662606,0.868906871584577,-0.0611043026638448,93.1263297420724,2,Graduate,1
0,13,7,2,0,10,131.06512171329936,9,4,5,5,2,190.0,1,0,0,1,1,0,45,0,2,5,5,3,15.223775614099916,0,2,6,6,3,14.743861481675951,1,6.924573323450142,0.6293833897011447,-0.1923195109906532,67.38129784382683,1,Enrolled,1
0,13,6,16,1,5,135.971970860286,13,1,6,2,2,187.8367889676581,1,0,0,1,1,0,24,1,0,5,6,5,17.446516744826706,0,1,6,6,6,14.838412483899408,0,8.794262419677427,3.3738468267773243,-0.3636751177547814,69.65236095852673,2,Graduate,1
0,10,2,1,0,5,155.06090118684796,13,6,3,0,7,113.65554113425044,0,0,0,0,1,1,21,0,1,3,4,3,14.714632872433754,0,1,6,6,6,15.016846872922509,0,17.873650310945315,1.4349780787730215,3.5,68.94793196208175,1,Enrolled,0
0,7,6,6,0,2,151.43723674654532,8,5,3,5,3,157.91367881836155,0,0,0,0,1,0,45,0,2,6,7,5,11.795294408172484,0,1,6,7,6,10.11133938083174,1,14.024578813570766,1.2612413202733732,-1.3234700342127093,69.26628694769397,0,Dropout,1
0,15,1,1,0,6,155.38936141041378,18,6,1,9,4,168.94692286189118,1,0,0,1,1,0,20,0,0,3,3,2,16.193353007747962,0,2,6,6,4,16.164881402852515,1,11.998515609224592,1.530454046129275,2.0181610689078666,70.75300455437285,2,Graduate,0
1,7,7,5,0,11,152.09406517538017,18,1,4,4,3,156.5047059964486,0,0,0,1,1,0,28,0,1,4,4,3,16.064617257876712,0,1,4,4,3,12.823247323023605,0,11.107710457783927,2.597896802291583,0.7160852423353542,73.47380684794355,2,Graduate,0
1,3,6,12,0,11,137.33867589281493,9,2,3,3,8,134.7918108551522,0,0,1,1,0,1,18,1,2,3,4,3,12.972644290182972,0,1,3,4,2,14.62183182611289,1,6.0,1.5300989372538747,-1.6480799817841494,61.99968801199687,1,Enrolled,0
0,10,5,17,0,5,134.67277575119866,1,6,6,8,7,190.0,0,0,1,1,0,0,43,0,2,4,4,3,8.800678390828885,0,1,4,5,3,8.812276750698507,1,9.439432576005554,1.866639803399122,0.2644605507456219,99.23280971099466,1,Enrolled,0
0,15,6,8,0,9,144.2912116005064,7,1,6,3,6,157.1915655948754,1,0,0,0,1,1,47,0,0,6,6,3,6.75225689298737,0,0,6,7,6,3.947510016302031,0,12.76688916595296,2.7212131033179894,-3.40579854129592,42.21722354907835,0,Dropout,1
0,12,3,10,0,3,166.97684754936586,13,3,6,0,3,116.8024083560233,1,0,0,0,1,0,42,0,2,6,6,3,15.94839195387608,1,2,3,3,2,16.547699266735027,0,8.673286424151941,0.2171364809098401,3.5,58.70518168076969,1,Enrolled,2
1,16,4,3,0,5,140.81403309260202,15,2,6,9,8,130.3278424715448,0,0,0,1,0,0,43,1,1,3,3,3,14.67536028655283,1,2,6,7,3,19.213304041462347,1,11.081689005206634,0.4947271591059761,0.137497488828264,80.4376402349118,2,Graduate,0
2,12,7,9,0,3,163.71348856197207,2,3,6,5,7,113.2505761344027,0,0,0,0,0,0,21,1,0,3,4,3,15.166845908541664,0,2,3,3,3,12.877160693957496,0,6.989805284483159,1.6301405237769566,2.8078936621286994,75.7536521824165,2,Graduate,0
1,2,8,7,1,9,90.27951419369242,8,1,3,6,7,137.31507871377949,0,0,0,1,0,0,36,0,1,5,6,4,16.0790853597696,1,1,4,4,3,17.67315679126346,1,6.736602782760022,0.6506718885470103,3.222339562062418,80.02353736784502,2,Graduate,2
0,8,7,6,1,9,142.07546330695706,20,3,2,0,9,136.5063646383126,1,0,0,1,1,1,27,0,0,4,5,4,9.853419101963334,0,1,3,3,3,10.598255753522103,0,16.843684274203895,1.22148502809868,-0.2225245083188058,61.452260616954376,0,Dropout,2
0,13,6,15,0,10,136.8181798770447,5,2,1,8,1,158.8840653967118,1,0,0,0,1,1,26,0,2,5,6,5,6.431567120386726,0,1,4,4,3,7.139813978016191,0,16.3873717075315,0.1766223279286667,0.8527941537854682,84.00174719179347,0,Dropout,2
0,1,7,13,1,7,98.35223728929384,9,6,5,9,4,158.51620397006084,0,0,0,1,1,1,22,0,0,5,6,5,14.805493648088651,0,0,6,6,5,16.756141206140068,1,9.7433901510251,0.4646025992579305,1.13372012988841,49.800797772232485,2,Graduate,1
0,2,6,14,0,1,101.66551488258078,17,3,1,1,5,149.70848215547528,1,0,0,0,0,1,24,1,0,6,7,4,17.192096778195097,0,0,3,3,2,16.199593820685443,1,7.665601191273122,2.832464731570536,3.5,73.3813805304948,2,Graduate,2
0,14,1,5,1,9,145.14905374751817,21,1,6,6,5,149.03497428164812,0,0,1,1,0,1,39,0,1,3,4,1,14.231508003063013,0,0,5,6,3,14.31234590263118,0,7.173375762484518,1.0597200008564145,0.455686188826805,57.72914643377197,0,Dropout,0
0,4,8,2,1,9,137.35685527673752,14,3,5,7,8,166.08166888536238,0,0,0,0,1,1,42,0,2,6,6,6,7.797763443326994,1,1,5,6,5,7.743410980997478,0,11.204863968075884,0.9494816516452962,0.7032381205622222,57.74805188079243,0,Dropout,1
1,6,4,7,1,10,152.3902648296192,9,3,2,7,3,134.35405640715737,0,0,1,1,1,1,28,0,1,3,3,3,13.842414378028572,0,1,4,5,3,11.403085406421384,1,15.80409710693084,0.5075385348998656,-1.7182955573278875,46.98326373706659,0,Dropout,0
0,13,1,1,0,5,90.0,15,4,4,0,6,95.0,0,0,1,1,0,0,42,0,1,6,7,5,9.063387141974674,1,2,4,5,4,9.910380890158022,0,7.903570619834007,0.4375396429712048,-0.8092710535373742,74.96476726773719,1,Enrolled,2
0,9,8,16,0,11,158.52710282409785,20,2,5,9,8,190.0,0,0,0,1,0,0,29,0,2,6,7,6,7.601543286389659,0,0,4,5,2,6.395438733663178,1,10.597458489765652,0.2550009390268279,-0.0994513059477825,75.31108325793066,0,Dropout,2
1,16,5,7,1,2,158.68947882324434,1,4,2,0,4,117.23150321026424,1,0,0,1,0,0,34,0,0,6,7,5,12.973162692831762,1,1,4,4,4,17.248708717683115,1,10.446193155141296,-0.0493296450175442,3.1424167022896734,87.26194571570377,2,Graduate,2
0,1,2,15,0,1,104.56829131849224,13,1,4,9,5,157.38666602846538,0,1,0,0,0,1,41,0,1,4,5,4,13.56874478587181,0,0,6,6,4,11.9990958311951,1,14.997023256544658,0.6554551988804282,3.5,86.17531670916334,1,Enrolled,1
1,9,3,6,1,2,165.9759015597859,10,5,2,3,0,131.4844687338606,0,0,1,1,1,0,49,0,0,6,6,6,12.654822634830447,0,0,5,6,5,9.054052444509876,0,10.84199765035348,1.3612159700932789,1.70198153985886,46.47600835091703,0,Dropout,1
1,7,4,9,1,4,174.38899741737418,12,1,4,1,6,174.9507741258715,0,0,1,1,0,0,28,0,2,4,5,4,14.533478002495102,1,1,4,4,4,17.034518581698233,1,6.0,2.2687675859932748,1.4316881964518648,91.14718289046552,2,Graduate,0
0,16,3,6,1,4,105.65978015475162,14,1,3,9,4,115.95770962435375,0,0,0,1,0,1,20,0,0,6,6,5,10.232902726040557,1,0,3,3,3,8.072287573191128,1,12.257714486159584,1.3986694791539038,2.0327409427032395,93.34657864227276,2,Graduate,2
0,7,2,17,0,1,137.3681606769963,6,1,6,3,3,122.23036253496336,0,0,0,0,0,1,21,0,2,3,4,2,13.299883890742116,0,0,3,3,0,9.966654000607315,1,10.51299324523462,0.29095784509595,-0.4323943590237027,89.74621966214139,2,Graduate,0
0,9,8,5,0,8,139.36014907425678,11,1,4,5,2,127.55582939167375,0,0,1,1,1,1,24,0,2,4,5,4,11.3012704122505,0,1,6,6,6,11.970090307855864,1,7.398569782462013,0.8504041532386066,3.3018787671692857,51.01901596822695,0,Dropout,1
1,2,1,15,0,10,95.4519242407914,7,4,5,2,0,153.85739743641173,0,0,0,0,1,0,44,0,0,3,3,3,12.119086782308312,1,1,4,4,4,15.150322682185047,0,13.18020836947975,0.7778659601460988,-1.7758681757950665,50.22466990369526,1,Enrolled,0
0,5,5,7,1,8,127.73912477370769,20,1,4,9,4,145.57592627882752,0,0,1,1,0,1,47,0,2,3,3,3,13.939444029485172,1,0,3,4,3,15.48281342963035,0,9.061446053659973,0.7066157145103609,-0.0186324983829277,88.38462694383314,1,Enrolled,0
2,9,8,14,0,8,165.89027557451223,4,3,1,2,2,154.1302058268739,0,0,1,0,0,0,25,0,1,3,3,2,16.70873377225524,0,2,4,5,4,14.979366548710034,0,11.000348667607131,1.0455050212231216,1.9759654016225368,54.51368108762527,0,Dropout,0
0,4,2,17,0,5,116.0805628578048,21,1,4,0,7,143.1689260934766,0,0,0,1,0,0,45,0,1,4,4,4,14.023036044149,1,2,3,4,3,14.044433347572465,0,10.433457990624987,2.5675162969452927,-0.0661542671015562,50.35145394882639,0,Dropout,0
0,16,3,2,0,10,175.23056681664693,12,5,2,4,3,163.3007223511722,0,0,0,0,1,0,30,0,0,5,5,5,15.18403196239487,0,2,6,7,5,14.165602863150378,0,9.104155710798056,2.3085319896723924,3.5,90.06186091596732,2,Graduate,1
2,3,7,14,0,2,143.10805832652855,2,2,5,6,2,163.71998513411043,0,0,0,1,1,0,38,0,1,4,4,3,13.03578915988461,1,1,3,3,3,16.887926438894933,0,7.565044821006474,3.416043709215182,2.001703803048037,67.75120989645222,1,Enrolled,0
0,6,3,4,0,4,117.58973477569172,20,4,6,5,0,177.86200744395663,0,0,0,1,1,0,27,0,2,5,6,3,14.706653785472673,0,2,4,5,3,13.313388220003194,0,11.678693808669816,0.4282396493538316,2.570358644430746,66.3970130230289,1,Enrolled,2
0,17,8,7,0,1,135.9926832824376,14,4,3,3,9,148.5949144969988,1,0,0,0,0,1,39,0,1,4,4,4,16.61829017029925,0,1,4,4,4,16.565785314361243,1,6.339364237185737,0.1598606850528785,-0.566070556141985,57.836623152119344,1,Enrolled,0
0,8,3,7,0,10,102.80388752002769,9,4,6,5,1,148.47552478315814,1,0,1,1,1,0,17,0,1,6,6,6,19.57715759775596,0,0,6,6,6,19.70027825211261,0,12.785293915809136,1.0569911412072497,2.536968537433901,96.4262292811277,2,Graduate,1
0,10,1,1,0,1,144.42116885635974,14,4,3,2,9,184.17521566586976,1,0,1,0,0,1,37,0,0,5,6,2,17.237714326771787,1,1,5,5,4,14.037171684189811,0,7.438291890085566,2.899682277731755,2.2580853337251483,48.59594403127156,0,Dropout,1
0,10,7,8,0,10,130.7702621310316,6,1,2,2,1,169.9350652849637,0,0,1,1,0,0,42,0,2,6,7,3,12.807203358840225,1,2,4,4,4,12.024910427515085,0,6.505458847609873,-1.0,3.5,64.65049337891804,1,Enrolled,2
0,16,6,10,1,3,125.62340419430043,5,5,3,6,0,152.9683608969121,0,0,0,1,0,0,39,0,1,5,6,5,17.00633155046485,1,2,5,5,5,16.26482725329999,1,14.20703455724238,1.6367166058819835,-3.14588723238231,69.86721791582748,2,Graduate,1
0,6,3,9,1,4,103.18573998359172,20,6,5,8,7,105.13816609316706,1,0,1,1,1,0,17,1,2,4,4,2,14.92164633971706,0,2,4,4,4,18.063740396764217,0,10.281843038317383,1.093786147695885,-0.6050568845869571,68.4313556813962,2,Graduate,0
1,8,1,7,0,11,133.21963765891087,19,1,2,0,4,97.90796503902504,0,0,0,1,0,0,31,0,0,4,4,3,10.87476344951477,1,2,6,7,6,11.062613573912252,0,6.0,2.248237378185416,1.4054490168537424,80.13306278936403,1,Enrolled,1
0,3,7,3,0,11,139.51284461617888,18,2,5,3,1,155.31765824048256,0,0,0,0,1,1,37,0,1,5,6,2,14.969838394825306,0,2,3,3,2,13.724032274847572,0,9.961637026055405,2.0042870814121487,1.459293440802212,61.24548988622006,0,Dropout,2
1,2,3,12,1,3,104.85257579199327,7,2,3,9,7,156.34812050502234,1,0,0,1,1,0,25,0,2,6,6,6,9.049562832375935,1,0,5,5,4,8.386766424035596,0,11.833885669637894,2.242942860369621,0.7189354357524134,37.301983522013714,0,Dropout,1
0,10,4,3,0,11,158.7848044306389,21,1,6,4,9,121.93033700848484,0,0,0,0,0,0,25,0,1,3,4,1,14.975054728996676,1,0,3,4,2,14.50765639424311,1,11.915846567914736,2.08816863646691,-1.9502684812555893,62.36243174578481,1,Enrolled,0
0,8,6,5,0,3,141.1141695102176,1,1,3,1,4,148.84743066674454,0,0,1,1,0,0,26,0,0,5,5,3,19.1312867597471,1,0,6,6,6,18.73400239747216,0,7.6786607281170225,4.0,1.1537141842334038,68.18484067608087,2,Graduate,1
0,12,7,7,0,8,116.33711628116494,20,1,1,9,9,117.17136067317064,1,0,0,1,1,0,42,0,0,5,6,5,15.879153794907769,0,0,6,7,6,17.89772821788678,0,8.103770854411334,3.6411571968041,1.35531269088988,36.29076910476731,1,Enrolled,1
0,12,7,12,0,4,132.90064103298306,9,5,2,2,4,154.30448459311617,1,0,0,1,0,1,41,0,2,6,6,4,17.188162076016873,0,1,6,6,6,19.33492740015386,1,10.48950410536126,2.490475728231788,0.7945984641437598,67.95798386988614,2,Graduate,1
0,9,4,17,0,3,153.4124255746936,8,4,4,4,1,154.955520327214,1,0,0,0,1,0,42,0,1,3,3,3,11.67632210212448,1,2,4,5,3,8.899565204790859,0,13.115567062329273,0.9177285322693328,0.7336773841160242,45.619018641098144,0,Dropout,0
0,15,6,14,1,9,165.13210211842312,11,2,2,7,7,154.79356635952703,0,0,0,1,0,1,27,0,1,5,5,5,14.683089288768397,1,2,4,4,3,17.05298847510362,0,6.054492584740171,1.04910425584191,2.4959488812505075,68.19685576435168,2,Graduate,2
2,14,2,3,0,1,169.91294643935288,7,2,5,2,2,148.38839135242344,1,0,0,1,1,1,18,0,2,3,4,3,15.443575476128116,1,0,4,5,4,17.021944129003444,0,6.225703234662457,2.8789627864791587,0.522718727232479,42.12872195460583,1,Enrolled,0
0,5,8,1,0,8,174.60502783886642,21,4,3,2,3,132.646943246866,1,0,0,0,1,1,23,0,0,3,3,0,11.931931950199562,0,0,4,4,2,11.50011923961211,0,14.112404444755033,2.925440432889994,-1.4501801061939357,65.79541558020995,0,Dropout,0
0,12,2,14,0,5,105.73130487206478,17,6,6,5,4,134.70766026072758,1,0,0,1,1,1,34,0,0,4,5,3,15.392982026408728,1,0,5,5,5,11.40807157546849,1,13.652932277457651,0.479039807204765,3.326206939133152,75.58804470971853,0,Dropout,1
0,6,6,13,0,8,119.37946657250671,21,4,1,7,9,168.97746454654185,1,0,0,1,1,1,43,0,1,6,6,5,14.591411331837728,0,1,6,7,3,14.823017537654792,0,7.17295574596346,-0.8988993200307283,3.2247325554921584,96.1671020004442,2,Graduate,1
1,11,5,12,0,10,104.17419387154408,15,2,6,0,8,150.37287139290507,0,0,1,1,0,1,43,0,2,5,6,4,15.431856500230827,0,1,5,5,5,14.247000293913398,0,8.837518021217582,-0.698346356231502,0.7286070803515942,77.63641314367177,1,Enrolled,1
0,15,3,5,0,3,159.00153916632715,8,2,2,6,1,152.2022249916886,0,0,0,1,0,1,33,1,1,5,5,5,9.394734411316191,1,0,4,4,2,10.481940174055406,1,16.323736292108823,2.9071883347858334,2.3751272352513464,88.00990480396732,1,Enrolled,2
1,4,3,3,1,6,131.19669450017568,20,5,6,6,7,142.16224543514844,1,0,0,1,1,0,40,1,0,3,3,3,17.46634590086237,0,2,3,4,3,18.78285439462178,0,12.64053686936063,3.13242139798983,-1.943239346366697,62.26724077777666,2,Graduate,0
0,14,1,14,1,11,162.7800092724562,12,2,5,2,4,156.2862459003306,1,0,0,0,1,0,41,0,0,5,6,4,14.577250278533874,1,1,5,5,3,17.574939348681923,1,9.851942843232386,1.5207676124029592,0.539965678743261,74.23770549598373,2,Graduate,2
0,5,6,7,0,7,103.82192080851492,5,1,1,2,8,163.97326721423636,0,0,0,1,0,0,23,0,0,3,4,0,12.58652263521341,1,0,3,3,3,9.633553392111336,0,13.427599991467693,1.8886223769634196,-2.285557680976579,75.12372174675109,1,Enrolled,0
0,11,7,7,0,8,119.8379631897222,8,1,1,8,8,124.30082354686758,1,0,0,0,0,1,22,0,1,5,6,5,12.670957145646764,1,0,4,5,4,17.71687525059314,0,8.55254918624714,3.638810924375466,2.824343763829787,46.33739590273585,1,Enrolled,2
1,7,2,17,0,7,117.43795494332994,5,4,1,9,9,154.81868211269585,0,0,0,1,0,1,40,0,2,6,7,6,12.864107989703664,1,0,5,5,5,14.802326306955154,1,10.47327667623649,3.916915388556847,-1.8927627228542192,64.15483887028688,1,Enrolled,1
0,13,6,6,0,7,162.24537909963678,14,4,3,0,2,134.34790341807314,0,0,1,1,0,0,49,0,1,5,5,5,10.0987567984322,1,2,5,6,2,11.584383913179453,1,9.070266737671233,2.3155993552886733,0.0595864530969696,67.55321029448898,0,Dropout,1
0,4,4,15,0,2,150.4168811750231,4,1,5,0,8,147.84633328583843,0,0,0,1,0,1,45,0,2,3,3,3,17.162060044956647,1,1,5,6,2,20.0,1,12.122885605908412,1.473961999498799,1.188311675403169,84.06808582512505,2,Graduate,0
0,12,1,15,0,3,90.36152688843552,15,4,1,1,6,160.88091367569615,0,0,1,1,0,0,38,0,1,3,3,3,16.370881542152105,1,2,3,4,3,16.865475622088848,0,12.106364058214822,0.981177775201521,2.283064511689786,97.86327960211672,2,Graduate,0
0,14,4,7,0,6,124.74512863846738,20,1,6,5,8,103.7074676587314,0,0,1,0,1,0,42,0,2,5,6,4,16.60615056287554,1,1,4,5,3,18.890268507072385,0,10.669402071979173,1.1622092484138369,1.7490463604202835,83.81029946870926,2,Graduate,2
0,1,1,5,1,3,156.10750201360364,10,5,6,7,6,112.90450407971863,1,0,0,1,0,1,44,0,2,5,6,5,18.29617089512073,0,2,6,6,5,18.42059939470641,0,11.51228702393028,0.5704953116820304,2.857393528674703,89.29154681758126,2,Graduate,1
0,8,2,15,1,9,159.49759609093385,17,4,6,9,7,123.5151737495452,0,0,0,1,0,0,37,0,0,3,4,3,13.664221648742346,1,1,6,6,6,15.466268912931625,1,13.41024661829805,2.282067528720064,2.246975814512802,86.7639835731027,2,Graduate,0
0,16,3,13,0,9,144.1001172770377,4,3,3,0,3,121.74138800697202,0,0,0,0,1,0,23,0,0,4,5,2,7.204929213257159,0,2,4,5,4,9.80894656442419,0,11.398797151932737,1.3423508184902933,3.1553236201099857,67.87625876351923,1,Enrolled,0
2,5,6,7,1,6,138.9760496191311,1,6,3,0,4,135.94127747743036,1,0,1,1,0,1,33,0,1,4,4,1,15.201049390583762,1,0,5,5,2,17.54836955087727,1,10.676651433334785,0.5164535306102491,-2.35912735482173,57.79062327857125,0,Dropout,0
0,14,3,13,0,1,114.52591808655636,6,2,3,1,5,182.30952196154985,0,0,1,1,0,1,36,0,2,5,5,5,15.070686531496309,1,2,6,6,5,10.990723305075704,1,11.28014636638597,2.8550512714224068,-0.072304576493585,46.86671320004964,0,Dropout,1
0,12,2,13,0,1,158.54419015611845,8,1,2,6,3,169.46117213438305,0,0,0,1,0,0,36,0,0,6,7,5,18.43841599803488,1,0,5,5,5,17.103871907899386,1,13.636704597556916,2.163512976760892,1.6124714379878036,78.81994406125455,2,Graduate,1
0,12,6,13,0,4,108.6676749615042,4,6,6,3,7,125.48525497881936,1,0,1,0,0,1,38,0,1,5,6,5,16.787294690035615,1,2,4,4,4,19.416800116079813,1,7.227592220117178,1.80922497404738,3.5,67.05524560919952,2,Graduate,2
1,12,7,8,0,11,99.55036775885354,14,2,3,0,4,161.72208400221464,0,0,0,1,0,0,44,0,0,6,6,3,13.468944783801629,0,0,3,4,3,14.414285350401943,1,11.247375192716252,1.3071817266162122,-0.109062084236373,68.76101820154071,2,Graduate,2
0,11,4,5,0,10,139.56864254687264,2,2,5,7,2,138.91943315778167,1,1,1,0,1,0,23,0,2,5,5,4,12.494908236541324,1,0,5,6,4,12.071335636022615,0,6.0,2.048572623195201,3.5,86.4396748977131,2,Graduate,1
0,15,5,4,1,8,125.24854116177454,5,4,4,3,0,148.59373212431885,1,0,1,0,0,0,17,0,0,3,4,1,16.512729074291904,0,2,3,4,3,17.481854320668713,1,9.151371338023182,1.081991776542205,1.435501086139702,63.95579954906128,2,Graduate,0
0,7,5,17,1,3,150.91796273481413,15,2,2,6,0,115.47851679323618,1,0,0,0,1,1,48,0,1,5,6,5,3.70768395784134,0,2,3,3,2,0.6484470324556222,0,15.655088836017402,4.0,-0.4809330587835605,72.91237879478936,0,Dropout,2
0,10,2,14,0,4,145.6591034968711,19,3,1,7,7,106.98291122388972,0,0,0,0,1,0,29,0,1,6,7,5,13.844899881937682,0,2,4,5,4,15.511096179339676,0,7.628847342393056,4.0,-1.2781465257927926,82.31594712800117,2,Graduate,2
0,5,7,11,0,11,172.57093612394857,14,4,3,0,2,158.308713345149,0,0,0,0,0,1,46,0,1,6,6,5,16.309812319872044,1,2,4,5,4,16.938459954749582,1,6.0,0.5192717715935594,2.124243182895022,59.87859474424458,1,Enrolled,2
0,15,1,10,1,6,143.90007335417522,7,6,6,1,9,140.8211452820021,0,0,0,1,1,1,39,0,1,5,6,5,12.576474788649907,1,2,3,3,3,12.489599729382029,0,7.162843076601243,1.1883533925059422,-0.3522392487914401,86.6708924927971,2,Graduate,2
0,2,3,1,1,11,158.31622384704372,9,1,2,1,3,153.0649288265841,1,0,1,1,0,1,35,0,0,5,5,5,11.662447482816871,0,0,3,4,0,10.915167877516218,0,12.137601398230878,0.421585486038323,0.3100232650617486,55.30688375957385,0,Dropout,2
1,13,4,7,0,9,116.27013059219288,1,2,2,4,6,179.84368985110075,1,0,0,0,1,0,48,0,1,4,4,3,14.031952471034373,0,0,6,6,6,14.309597604114328,1,9.6055744691365,-0.7507903545603285,1.0916927626049988,55.00929196031778,0,Dropout,1
1,14,8,6,1,4,150.6550578365393,20,2,5,4,0,134.02999911324892,1,0,0,0,1,1,46,0,1,5,6,4,17.72306338888306,1,1,6,7,4,16.737380538197304,0,6.980997376395706,3.548177701906187,1.1591298947305455,74.40590038591364,2,Graduate,1
0,6,5,7,0,3,128.91484224885656,10,5,1,5,5,134.2591150999376,0,0,0,1,0,0,45,0,0,5,6,5,14.578652718110618,1,1,4,5,4,13.468947115907971,0,13.623409092070276,1.3202866978096894,3.5,47.71052726034556,0,Dropout,1
0,1,3,15,0,10,124.13242614760054,11,6,4,1,0,184.21653098947985,0,0,1,1,0,0,45,0,0,3,4,2,10.630418502217458,0,1,5,5,4,14.802584737927628,0,11.28179536060174,0.1869308793444197,1.5089082670831244,79.07755432922482,2,Graduate,0
2,15,2,6,1,10,115.14454154169326,21,1,4,7,2,140.42473200960086,0,0,0,0,0,0,46,0,2,6,7,6,17.259437137218377,1,2,3,3,3,12.993118028074267,1,6.53017525039485,-0.5795216578011506,-0.2886092615508748,61.03774710551461,1,Enrolled,2
1,11,8,2,0,9,168.93216139365543,12,5,6,0,3,119.91731878102236,0,0,0,0,0,0,32,0,1,4,4,4,17.940762763718453,0,2,5,5,4,13.725840772851376,1,9.33504554687694,1.7674135887768332,-0.5435595973003946,56.14672279582719,1,Enrolled,0
0,13,3,9,0,7,134.84863119775537,1,1,2,8,6,158.39205398231462,1,0,0,0,0,1,35,0,0,3,4,2,10.1743470897751,0,2,3,3,1,11.82814247155936,1,16.397936595109936,1.9299697029330607,3.5,90.66800095073104,1,Enrolled,0
0,17,6,6,0,9,117.6548560697299,21,2,2,4,1,134.0580963931448,0,0,1,0,1,0,34,0,1,5,5,5,20.0,1,2,4,5,4,16.650660984184128,1,9.071155451705057,1.9938047573272928,-0.1278958080356668,94.31021043926089,2,Graduate,2
2,4,5,17,0,11,149.9177601619783,8,2,1,9,7,119.43404455647044,0,0,1,0,1,0,17,1,0,6,6,6,12.997714241295604,1,0,5,5,5,7.688888192765205,0,6.0,2.784290537690992,1.8525674531286045,64.3469371482297,0,Dropout,1
0,11,7,11,0,10,125.32101217113772,6,3,6,7,5,142.2421649988602,1,0,0,1,1,1,30,0,0,5,5,5,16.319490197513595,1,0,4,5,3,18.555157667438365,1,11.410267084439528,2.575576263038731,1.1459592722201444,51.05472931563763,1,Enrolled,2
1,1,4,4,0,6,117.43416103896372,12,4,2,7,9,160.66715052769783,0,0,0,0,1,0,18,0,1,5,5,4,15.546117680862324,0,0,3,4,3,18.396291171287764,1,11.147872372087178,-0.0448445500668925,1.5570697733953744,58.97728862521846,1,Enrolled,2
0,14,1,7,0,4,190.0,9,3,3,1,1,111.02044734923204,1,0,0,1,1,1,44,0,2,5,5,5,10.556994206413476,0,1,4,4,3,6.986904763011464,1,13.997965587168345,0.1937719220590226,3.316915951869503,74.1171309437305,0,Dropout,2
0,5,1,15,0,5,108.40700590411971,4,1,4,8,2,110.43910550576771,0,0,0,0,1,0,46,0,1,5,5,2,11.419658940774116,0,1,5,6,5,6.63133838314605,0,8.824531041035693,2.6695945176866003,1.3089436799545735,58.55947279210534,0,Dropout,1
0,5,6,17,0,10,176.0323575062314,6,1,6,5,3,137.99852350298727,1,0,0,1,1,1,20,0,2,6,7,6,13.236977335055832,0,0,6,6,5,9.890036752082878,1,11.325055609498063,0.7586637243513442,2.2714702611457462,67.76596856237275,1,Enrolled,1
0,3,8,12,0,2,117.17150271618668,3,1,3,2,5,112.49918305056528,0,0,1,1,0,1,17,0,2,3,4,2,6.454786154601191,0,0,4,4,3,4.405012625182691,1,10.73963231116876,-0.2596994164243418,1.3503379079223727,92.14310062662774,1,Enrolled,0
0,9,8,13,0,3,148.772078137813,2,6,5,0,0,108.09818295073572,0,0,0,1,0,0,24,0,1,5,6,5,15.873421466387208,1,0,5,6,5,20.0,0,9.980994328427023,-0.1483759914744531,-0.0164056847683493,76.73025825793172,2,Graduate,1
1,13,7,13,0,5,132.76473438439197,21,1,2,8,4,140.1529016752111,0,0,1,1,1,0,45,0,2,5,5,4,6.364888498055981,0,0,4,4,3,4.9905207823363655,0,10.9709825331703,2.62431538809974,1.689309170264349,66.62638661281247,0,Dropout,2
0,11,6,8,0,3,151.20110349124468,18,4,1,2,7,167.65176183990874,1,0,0,1,1,0,19,1,1,4,5,3,13.051335804399598,0,0,4,5,4,14.830980063433586,1,11.805914502963564,2.603259467731968,-0.3715961194936328,53.90059877490783,0,Dropout,0
1,10,3,7,0,3,104.59642022830978,5,2,5,0,6,159.70043393901597,0,0,0,1,0,1,48,0,0,4,4,4,10.649002200929043,0,1,6,7,6,12.153420340581931,1,11.650956608275422,1.6538298199115369,-1.2945082453135603,72.34090704879907,1,Enrolled,1
0,6,1,4,0,9,101.9105569787814,21,3,5,4,2,137.3264742989659,1,0,0,1,0,0,26,0,2,6,6,6,15.025831884245946,1,2,5,6,5,18.031884839505548,0,12.754095546182684,0.3686830063755166,1.846789157266216,91.26994183634716,2,Graduate,1
0,9,5,3,1,4,151.8727447064484,12,2,1,7,1,172.06429973073938,1,0,0,1,0,0,26,0,1,5,6,5,5.2853931510561845,1,2,5,6,4,3.420441269730631,0,6.0,1.4244487232241898,1.6352283046549032,52.230349364027965,0,Dropout,1
0,13,7,17,0,4,95.8361739418512,2,6,5,6,1,183.37398941922103,0,0,0,1,0,0,35,0,2,5,6,5,7.182301764967725,1,0,5,6,5,6.8568164453454585,1,6.0,1.3083757681085038,1.4504200545798691,51.26254095139802,0,Dropout,1
2,10,4,16,1,1,109.29016897714556,5,5,3,4,9,152.28053728408983,1,0,0,1,1,0,49,0,1,5,6,5,10.911345886932482,0,2,3,3,0,10.063347834996128,0,10.640071859491837,0.9714707720964704,0.7586206548999316,52.00928389377887,0,Dropout,2
0,15,8,2,0,7,133.02615583979014,18,3,5,1,4,130.84520903378413,0,0,0,1,0,0,39,0,1,6,7,5,14.81595373029039,1,0,4,5,3,15.860942852962475,1,10.347587563869908,2.3206873336276432,0.6699716703436107,74.75759315616911,1,Enrolled,2
0,12,1,14,0,10,106.5286557257127,6,6,1,1,7,179.06539561676948,0,0,0,1,1,1,44,0,2,6,7,4,13.775593063478594,0,0,6,6,6,16.51530293662381,0,6.9498067255935405,0.9239866397562309,-1.15023495341787,61.97439547818703,1,Enrolled,1
2,15,1,16,0,9,109.33274213782008,11,1,4,2,5,177.96371391111506,0,0,0,0,1,0,48,0,0,5,5,5,16.675986976892176,0,2,5,5,3,20.0,0,8.995359894206228,2.148253825374456,-2.552267483533785,88.65417624924847,2,Graduate,1
0,14,2,17,0,8,125.95671069531684,7,1,2,5,5,146.33490383723063,0,0,1,0,1,0,23,0,0,5,5,5,13.377648943936029,0,2,6,6,6,12.101077337019342,0,7.520523782714306,1.9006020107315296,2.3980630612330405,66.99215942166829,1,Enrolled,1
1,10,1,4,0,2,90.0,16,5,1,3,6,170.57113725157438,0,0,0,1,0,1,45,0,2,6,6,6,12.937903579199675,0,2,3,3,2,12.991355269952988,0,11.763075600558476,-0.2297582413232948,2.3738517823934453,78.74423495840851,2,Graduate,2
1,1,1,8,0,6,104.18031089811096,8,3,3,8,0,120.46788365197926,0,0,1,0,0,1,24,0,1,5,5,5,9.24947370818806,0,0,3,4,3,11.11626869621194,0,7.325201874393974,3.892011005656972,0.3483673192677504,63.40228299053943,0,Dropout,2
0,7,5,9,1,10,164.4829341870714,3,4,3,2,2,95.0,0,0,0,1,1,0,17,0,0,3,4,1,12.218203817745945,0,1,6,6,4,13.447625085117386,0,10.644091749111618,2.192306677057116,3.449256126382253,77.43299939839665,2,Graduate,0
0,11,7,16,0,10,156.05205456070124,11,4,4,5,4,115.7202723348638,0,1,1,0,1,0,19,1,1,3,4,2,12.931695962085772,0,0,5,5,3,16.91941645041708,0,13.07526192572099,-0.4111970035385053,1.6999137073804074,69.51189738101766,2,Graduate,0
2,4,1,16,1,5,184.8332677977569,20,1,3,3,6,145.16424200361425,0,0,0,1,1,0,40,0,2,6,6,6,5.808358576484902,0,2,6,6,5,5.2387060041690106,1,7.387156988399123,-0.2242636001141882,1.4082551794711404,46.73626752740112,0,Dropout,1
0,4,2,17,0,8,148.0842551530484,19,1,1,0,5,138.14550900391535,0,0,1,1,0,1,39,0,1,3,3,3,9.884232302776551,0,0,5,5,5,8.590637530575743,1,6.0,3.400992038457102,3.5,57.69794812329547,0,Dropout,0
0,10,2,3,1,1,163.6355710034347,11,1,3,0,0,164.04657076627726,0,0,0,1,1,0,24,0,0,4,5,2,14.62174654956404,0,1,5,5,5,17.762486744096037,1,7.716112291065915,1.7157115927227948,-1.458933140603101,75.76588256838724,2,Graduate,0
0,5,6,17,1,9,125.72628249145068,9,6,4,7,8,102.85861251269756,1,0,0,1,0,1,19,0,0,5,6,5,13.628226769769364,0,1,3,3,3,14.085852828819736,1,7.389936047509861,2.172923231231758,0.7150304411574099,67.7836350085915,2,Graduate,2
0,16,2,6,0,9,130.88339540594933,12,5,4,2,2,103.34721050314867,0,0,0,1,1,1,49,0,2,4,4,4,12.114474283396117,0,0,6,6,6,13.165075643606636,0,10.120987143194494,1.965476839263887,-0.73369983382139,58.61182933951213,1,Enrolled,1
1,12,1,6,0,11,144.0839339903494,16,5,6,1,6,159.05761163950763,0,0,0,1,1,0,44,0,2,4,5,3,10.873956866508752,0,0,3,4,3,10.39224998349804,0,6.0,2.804831857929728,0.1381169113759329,41.94821502294826,0,Dropout,2
2,1,6,1,0,7,93.33626244861888,5,2,5,0,0,104.10183357308242,0,0,0,1,1,0,24,0,2,4,5,3,6.899892091640291,0,1,4,4,3,8.917635788868132,1,14.818252202931983,2.858192994369728,0.6789075055479717,41.28600340199368,0,Dropout,0
1,5,3,16,0,8,147.0069933955446,2,5,5,7,0,133.23116271110754,1,0,0,0,0,0,48,0,1,3,4,3,5.386164987862893,0,2,3,4,1,2.923472681277599,0,6.231169104948352,0.4469219013332552,0.7199700088227698,86.49846180467101,0,Dropout,0
2,4,3,17,1,9,121.27605298075028,10,3,3,8,0,140.61407332740177,0,0,0,1,0,0,40,0,0,5,5,3,11.926593272681282,0,2,5,5,5,10.480908484186015,0,6.0,2.103828508198467,-1.1321094194567087,50.973125538105215,0,Dropout,1
0,15,8,4,0,5,124.96503161456091,2,5,3,0,3,123.73777013543908,0,0,1,1,1,0,30,1,2,5,6,5,18.211307710407173,0,0,6,6,6,11.290714782040652,0,10.184121033038348,-0.1859649601481021,0.9224210000769412,71.81858262284356,1,Enrolled,1
0,6,8,16,1,11,156.93972578644676,4,3,6,7,0,154.44653035240722,1,0,0,1,0,1,48,0,0,6,7,5,13.12916868493555,0,2,4,5,2,11.260239483877902,0,9.631070257031585,0.1944966273314416,-0.6848161626880056,66.93079761726733,1,Enrolled,2
0,7,5,2,0,2,100.85376041912104,16,4,3,0,0,95.0,0,0,0,1,1,1,32,0,0,4,5,4,16.574899191086434,0,2,4,4,1,18.60384824859465,1,14.113851117801769,1.1359452730909934,2.95396658280845,46.73819618942268,1,Enrolled,2
0,14,8,12,0,1,136.2136049583831,6,2,3,9,8,185.7982022483343,0,0,0,1,0,1,20,0,0,3,4,2,8.881594024557312,0,0,4,5,4,8.69763486514429,1,9.17859149579956,-0.5406060966457877,2.1761697396494206,84.16349777818121,1,Enrolled,0
1,15,7,16,0,5,144.85267211827926,10,5,5,1,7,131.74659911781615,1,0,0,0,0,1,37,0,0,4,4,2,13.991023234314463,1,2,4,5,4,11.381227256556295,0,9.144937422325649,0.5668217133259131,1.4190208363391603,94.2789962004545,2,Graduate,0
0,16,3,6,0,8,123.33232600328488,21,4,1,0,4,135.74320342868327,0,0,0,0,0,0,30,0,2,4,4,4,10.537096320778009,1,1,6,6,5,13.810758093469396,0,11.942945881130928,-1.0,-0.0566045207593787,58.657064964798295,1,Enrolled,1
1,15,5,16,0,10,135.82119292169122,7,3,6,1,1,190.0,0,0,0,1,1,0,47,0,2,5,6,4,10.40202110071942,1,0,5,6,3,10.448297558263755,1,12.842428193706931,1.4759501897358005,1.0785638480199318,58.18520012826508,0,Dropout,1
0,6,8,7,0,4,136.8795116247775,5,2,1,1,6,106.00248861926543,0,0,1,1,0,0,34,0,1,6,7,4,15.606063610875085,1,1,4,5,4,19.54044017141197,0,6.0,3.4711206949968565,2.072266004792412,57.60430935304497,1,Enrolled,2
1,6,5,14,1,4,154.74357943676958,13,4,1,4,0,113.87255115419435,0,0,1,1,0,1,23,0,2,3,3,3,12.57843551623592,1,2,5,5,4,14.420154989532453,1,10.196402595519166,1.5384359160198176,0.1873356392018561,72.669511565051,1,Enrolled,0
0,6,6,3,0,4,130.9868647790661,9,3,6,9,8,175.11243195236503,0,0,1,0,1,1,26,0,0,5,5,4,8.150630307737934,1,1,3,4,2,8.321135528794978,0,16.465221600296914,1.5418532980297484,-2.062001300601101,70.35034434014935,0,Dropout,2
0,12,2,1,0,8,107.4494410484311,9,2,5,2,0,101.08841270414094,0,0,0,1,1,1,23,1,1,4,5,1,13.34310353855284,0,1,5,6,5,17.63061592670581,0,8.129929911054989,1.068766475903091,2.094406264937561,58.49569122942323,2,Graduate,0
0,2,4,17,0,7,122.28599118365948,15,1,1,0,2,152.37951102121548,0,0,1,1,1,0,49,0,1,5,6,4,10.493410192343184,1,1,4,4,2,9.256756286075056,0,10.450608607900076,2.672183234005999,1.7534360173661243,91.78874469298964,1,Enrolled,2
0,4,5,4,0,11,127.32686971564468,4,5,6,9,5,124.8429687787668,0,0,0,1,1,0,39,0,2,4,5,4,7.944844183020489,1,1,3,4,3,4.907618218827759,0,13.05914444490425,1.437825093827413,1.3781544957564684,65.29713506231349,0,Dropout,2
0,6,7,7,0,1,117.37864896601064,1,1,1,1,3,99.59648595393368,1,0,0,0,0,1,37,0,2,3,3,3,9.516276454788454,0,1,3,3,2,13.21465363182347,1,11.458765223155224,0.1808076952516955,-0.5658140591068606,37.00322186616471,0,Dropout,0
2,10,1,7,0,10,139.16721504139895,20,1,5,3,1,153.17123389268258,1,0,0,0,0,0,35,0,0,5,5,5,20.0,1,0,3,3,2,20.0,0,6.847500475163325,1.70358983199772,2.5277801558556385,73.7525173840213,2,Graduate,2
0,5,2,4,0,6,138.1154401451299,14,1,2,6,4,153.9064347802377,0,0,0,0,0,1,35,0,2,5,5,5,17.243345585114135,0,0,4,4,4,20.0,1,9.797777663053765,3.3629504286354948,2.867973575076162,73.40787326732632,2,Graduate,2
0,6,1,7,0,4,136.97682661533636,19,4,3,0,9,140.03464637107504,0,0,0,0,0,1,45,0,1,5,5,4,5.949118429800066,0,1,5,5,4,7.852529509181135,0,6.280305095376928,-0.2128828561925653,1.3068103938819982,98.26461690583936,0,Dropout,1
0,14,1,8,0,2,115.25462139210428,1,1,3,4,0,190.0,0,0,0,0,0,1,34,0,0,5,5,5,12.340719536831209,1,1,6,6,4,16.149410214273516,1,6.793479061477521,0.370812516096386,0.0867890188781573,83.08268598914978,2,Graduate,1
0,15,8,9,0,3,137.85541122663696,10,6,2,1,0,120.71256688690846,0,0,0,0,1,0,18,0,0,5,5,5,12.595809862629292,0,2,5,6,2,11.017006941689775,0,13.32657069461385,1.374681009006386,0.1245152525843004,42.37989922939349,0,Dropout,1
0,7,3,15,0,4,163.34261330111357,4,1,4,7,5,161.664340595583,1,0,0,1,0,0,17,0,1,3,4,3,12.068869620996889,0,0,4,5,4,11.297282961366449,1,12.568588508234235,1.079400834053799,0.0882922259952148,88.24939918539442,2,Graduate,0
0,12,1,4,1,10,141.480163366798,18,4,1,1,8,148.18353784067625,1,0,0,1,0,0,21,0,1,6,6,6,10.676386730353917,1,0,4,5,4,9.878461255202936,1,15.357745151722153,2.00397317568312,0.0061702603170439,58.52271181061349,0,Dropout,2
0,8,6,12,0,7,158.59121381637053,12,5,2,3,9,164.28804412755753,0,0,0,1,0,0,36,0,1,3,4,2,15.61473561640841,1,2,3,4,0,14.850524376086796,0,12.77130553509613,0.3204325566802322,0.1628603008193744,53.31180991542232,1,Enrolled,0
1,3,5,6,0,1,137.3962011313828,7,6,1,5,6,127.39782927174564,0,0,0,0,1,0,27,0,1,5,5,4,16.29943483624746,0,2,5,6,4,12.081818404232443,0,9.574020599497992,0.8643313123740025,1.3817416421714122,77.5361407741227,1,Enrolled,1
0,15,7,4,0,1,120.98033511874296,6,2,2,8,9,105.38326517410565,1,0,0,1,1,1,18,0,2,4,5,4,16.671502453728902,0,0,4,4,1,16.780095759264256,0,6.957495291570959,1.5629313769556463,2.413629749508328,91.5355853870027,2,Graduate,2
0,10,1,4,0,3,153.9274653246941,9,2,6,9,3,122.94971366449872,1,0,1,1,0,1,19,0,1,4,4,4,14.155378035403032,0,2,4,4,4,15.833066645084408,1,14.191733444674169,1.604067486369504,3.4120058461122804,68.41999613478657,1,Enrolled,0
0,12,7,1,0,2,104.04006309235204,2,5,6,3,7,138.40553590929756,0,0,0,0,1,0,39,0,2,5,6,5,15.130297185219469,1,0,6,7,6,13.12900200451093,1,11.877654046530791,4.0,-0.8436003709304596,58.94676495913964,0,Dropout,1
0,3,1,6,0,3,122.71737984721062,15,4,3,3,0,157.02238847402032,0,0,0,1,1,0,28,0,1,6,7,6,11.794296322660724,1,1,5,5,5,9.210124579045129,1,12.399404535494682,2.4399466052623926,-0.5492465052344639,51.59645933704348,0,Dropout,1
1,14,8,9,1,3,131.89167913402133,13,1,1,6,4,140.43216909415537,0,0,0,0,1,0,36,0,1,5,6,5,7.482462822676188,0,0,3,3,1,6.842592927532002,0,11.719851588537288,-0.3486778166039943,2.319554468764498,88.10922869829301,0,Dropout,2
0,17,3,17,0,11,149.3608885574772,11,2,6,0,1,145.3769255329007,1,0,0,1,1,0,21,0,1,3,3,2,7.390371893753878,1,2,3,3,0,9.05173407519029,1,13.55893464475485,0.2815498876393334,-0.8433134409188721,53.52421100053422,0,Dropout,0
0,3,1,11,0,1,163.0405333325753,19,5,6,4,2,183.1390546527524,0,0,1,1,1,1,46,0,2,6,6,6,10.01907511452563,0,0,3,3,2,7.029849052219595,0,6.0,-0.133914764993466,-1.2852569217127126,88.5929735906245,1,Enrolled,2
0,7,5,9,1,6,153.6223759464032,6,5,5,4,9,139.3944487948479,1,0,0,1,1,0,25,0,1,6,6,3,12.297995084878938,0,1,5,6,5,17.836189551320825,1,6.358345130654931,3.436767475339859,-0.8968524242136202,85.18930634918934,2,Graduate,1
1,17,5,11,0,8,151.41480345549482,9,1,3,0,3,126.6906595832402,0,0,0,1,1,0,38,0,2,3,3,3,8.508978341041583,0,1,4,4,4,4.961113486652348,1,7.384596518745215,0.216978886005867,0.4829056450106116,90.82935467747193,1,Enrolled,0
0,15,1,4,1,5,154.02121290055103,12,5,3,5,0,151.00811663926825,1,0,1,1,0,0,40,0,0,6,7,6,9.045451442135665,1,0,4,4,3,7.318682810326121,0,11.092300228318043,2.2048348052816213,3.5,58.25526540752945,0,Dropout,2
0,10,5,13,1,1,157.0877434435289,11,4,3,8,4,97.10460877429566,0,0,0,1,0,1,33,0,0,5,5,3,11.675625575571694,1,1,6,6,5,14.210826315744162,1,8.628146030200915,2.0845381902444844,0.5698849913638055,71.7634310561669,1,Enrolled,1
0,7,6,3,0,11,109.9721841905102,3,4,1,6,9,97.05107026927465,0,0,0,1,1,1,26,0,1,5,5,4,16.024400372174906,0,1,6,7,5,18.143230003684803,0,13.384699583120234,-0.2588588655778083,1.293656337282069,81.94199351274048,2,Graduate,1
0,3,8,1,0,10,183.50571058778272,18,6,4,1,5,136.64869134220996,0,0,0,0,0,0,46,0,1,4,5,3,14.170148887367336,1,0,4,4,4,16.070117675617155,0,9.950053910466226,0.9973503844468314,-1.3566531007999167,41.44635687131073,0,Dropout,0
0,15,6,17,1,11,159.41383079753157,13,2,2,3,0,116.67748519509226,0,0,0,0,0,0,39,0,1,3,3,0,9.977658779343646,1,1,4,4,4,7.964069880744844,1,16.95617448243732,1.1826985064554756,2.733686956216283,39.58517810421602,0,Dropout,0
2,5,5,17,0,7,131.01838548524535,13,3,2,7,3,124.79403916905775,0,0,0,1,1,1,48,0,1,6,6,6,13.162342452707902,0,0,5,6,5,11.623191417910954,1,15.141074255929766,-0.3971773870108235,2.3687357075926627,45.706652772667326,0,Dropout,1
0,2,3,7,0,11,143.16875220849008,15,5,6,0,1,163.3693360977662,0,0,0,1,0,1,33,0,0,6,7,4,8.349747490204589,1,1,6,7,5,5.9086985578011655,1,10.41746371760217,3.641998682334462,-0.0438616821031535,82.49458230053844,0,Dropout,1
1,9,7,14,1,10,106.10401158077823,19,4,5,5,0,153.15612369077084,0,0,1,1,1,0,33,0,2,6,6,6,9.977672534448503,1,2,3,4,3,8.877189985361886,1,6.0,1.704436008245844,-0.4369375903839314,97.97727397403898,1,Enrolled,2
0,13,2,5,0,9,129.2835811599764,15,1,4,2,4,138.07562378447463,0,0,0,0,1,1,30,0,1,5,6,3,7.199882738944513,1,0,3,3,0,7.856748526315066,0,12.067093528834793,3.4117607280049973,2.5243373310092503,81.50150894036396,0,Dropout,2
0,7,6,14,0,7,127.47329026778878,15,1,3,2,0,142.0741517157959,0,0,0,1,1,1,25,0,0,3,4,3,14.500934042318484,1,2,3,4,2,12.04775186633624,0,6.660126062536444,4.0,0.3935038321996816,97.37322805296692,2,Graduate,0
2,4,2,11,0,9,125.66308289552096,5,3,2,0,7,129.38713138721866,0,0,0,0,0,1,18,0,2,5,6,5,12.010174572107555,1,2,3,3,3,7.339704954005902,1,7.076497554590596,1.6915307092584495,-0.3948357240135629,72.48315058333668,1,Enrolled,2
0,8,4,3,0,10,152.91733141533945,5,3,1,7,1,161.23352260147624,0,0,1,1,0,1,41,1,1,6,7,5,12.447971442255348,0,2,4,5,4,15.071020453124422,1,8.817992490704944,1.948308751562886,0.1402077525847074,87.42491557913456,1,Enrolled,2
0,6,8,6,1,9,137.29391705714744,2,3,3,4,4,159.81354465650827,0,0,1,1,0,1,25,0,0,5,5,5,15.820779935703976,0,1,4,4,1,15.070364451100492,1,8.7611537117355,0.5546497772860776,1.229544432778947,56.19604104365544,1,Enrolled,2
1,4,7,7,0,2,108.7234885219084,18,1,3,0,2,164.77332122762363,0,0,0,1,0,0,38,0,1,6,6,6,9.509620679400175,1,0,5,6,5,11.079838047508202,1,11.657886552770554,3.10030402327087,2.117334483328052,89.3618506693874,1,Enrolled,1
2,5,2,9,1,8,109.13881711288684,6,5,6,4,5,163.62317490131898,0,0,0,0,1,1,20,0,1,6,6,6,14.633622319421004,0,0,3,4,3,13.56076360904865,0,10.982158571509103,1.4426139696360376,1.3816720738650323,83.57087469589815,2,Graduate,2
1,9,8,2,0,7,91.7737502847414,18,4,4,4,5,141.35120349549587,0,0,0,1,1,0,42,0,0,5,6,4,19.947223479538387,1,2,4,5,1,20.0,0,6.972356482354971,0.9919535485591372,1.288716719864726,71.14815480865022,2,Graduate,2
1,8,6,12,0,7,154.3536899556425,7,1,6,8,7,122.54473809394376,0,0,0,1,0,1,45,0,1,6,7,4,9.562601434299712,0,2,4,4,3,15.078074081458752,1,9.112867160018288,0.5787905009580864,0.3671861382568517,66.30665664375121,1,Enrolled,2
0,2,6,7,0,2,130.05847356539522,20,4,4,9,4,135.81738945415051,0,0,0,1,1,0,39,0,1,5,6,4,7.529433845462426,1,1,4,4,3,4.371217678626548,1,6.0,1.5879141986038714,1.062069590520779,69.80393577233795,0,Dropout,2
0,7,8,10,0,1,151.60294107575697,20,3,6,2,4,142.91561350028152,1,0,0,1,1,1,27,0,0,4,5,2,8.59755805398138,0,0,3,4,3,6.3527504768990415,0,11.205573515907073,2.2458244149440003,0.0954596010179398,58.18366792551669,0,Dropout,0
1,10,1,15,0,4,190.0,3,6,2,8,4,123.14933631825168,0,0,0,1,0,1,22,0,1,5,5,4,14.36004851161411,0,0,4,4,2,11.808202420067335,1,6.0,1.7443748963908592,0.314359411325681,67.49915716247159,1,Enrolled,2
2,3,5,6,0,7,115.2252677701214,17,2,2,7,8,180.74672886877687,0,0,1,1,1,0,34,0,2,4,5,4,19.11202270231032,0,1,6,7,6,20.0,0,9.295786548958372,2.05497833792956,3.358942204111745,48.921146851497525,2,Graduate,1
0,17,2,13,0,6,142.19342986895154,20,5,3,9,1,180.87152916541052,1,0,0,1,0,1,37,0,1,4,4,4,18.96865161514163,1,0,3,4,3,18.62346183175232,0,8.061972675482023,1.241203979449785,0.8759020788978009,66.37392127425338,2,Graduate,2
0,2,3,12,1,10,166.75033371136516,19,6,5,1,2,136.99830349333345,0,0,1,0,1,0,33,0,0,5,5,4,15.95717072917598,0,2,3,4,3,17.87586463070038,0,11.636431853918396,2.1057884909224858,0.1383957228043115,57.5354879794574,1,Enrolled,2
0,3,4,16,0,2,124.24216756173216,8,3,3,8,3,165.7719999419693,0,0,0,1,0,1,41,0,1,3,4,3,16.077537839878012,1,2,6,6,6,9.167974244969276,1,7.573133716516317,2.068944495762332,-0.4132554254973579,74.32230175313146,2,Graduate,0
0,5,1,11,0,7,127.53715359040064,21,3,1,4,6,154.0005378834924,0,0,0,1,1,0,28,0,1,3,3,3,14.625949155205026,1,0,5,6,2,15.262096173202826,0,7.450055254742149,2.957801006637476,-3.16135169640215,70.29043261254189,1,Enrolled,0
0,13,8,11,1,10,146.66710339161156,19,4,5,7,9,127.58447835828343,1,0,0,0,1,0,39,0,1,5,5,5,15.537849050447935,0,2,5,5,4,14.33582367750218,1,11.1892792653529,2.4675141588770044,3.5,64.30153360655916,1,Enrolled,1
0,13,8,1,1,11,190.0,19,1,2,7,0,150.30026206441318,1,0,0,0,0,1,38,1,2,5,5,4,14.063152821853244,0,0,3,4,2,17.234677289085585,1,11.348783426644795,1.685547799789793,3.5,61.80078206982763,1,Enrolled,2
0,6,2,1,1,9,149.00011480515667,6,2,5,3,2,120.6435973734308,1,0,0,1,0,0,37,0,1,6,7,6,10.200825552742357,0,0,3,4,0,11.54772769730262,1,6.860868822172132,1.9977056525755188,1.929863179584456,74.64903473533232,1,Enrolled,2
0,14,5,7,0,2,116.45845262821146,20,5,5,0,9,117.99992764979,1,0,0,0,0,1,43,0,0,6,6,4,18.997033031677,0,1,3,4,3,17.647754690393498,0,11.766290106572017,0.1184027430168752,-1.0634411854988262,90.73770692620197,2,Graduate,2
0,5,8,7,0,10,119.11867223313318,8,2,2,8,6,151.92258563962213,1,0,0,1,0,0,47,0,0,5,6,4,17.674011051393546,0,1,6,7,6,20.0,1,17.37016773136701,3.033444628424585,3.5,59.86861632484383,2,Graduate,1
0,1,3,4,0,11,124.2550584707629,3,3,1,5,7,152.22020186008373,1,0,0,0,1,0,22,0,0,3,3,2,10.280535580122962,0,0,4,4,3,14.15960672490572,0,8.58542430728481,1.2005380651245408,-1.7270769145576896,71.54672904611647,1,Enrolled,0
0,9,6,14,0,5,94.96919293193042,5,2,1,1,1,190.0,0,0,1,1,1,0,43,0,0,6,6,3,15.26967764344036,0,2,6,6,5,18.73389976679556,1,6.314586199835258,1.350348179078012,1.5078549219292308,72.32056036042957,2,Graduate,1
0,3,2,5,0,11,131.4946209546134,1,5,6,3,2,136.11325237490928,0,0,0,1,0,1,28,0,1,6,6,6,18.11434779536168,0,1,4,5,3,19.7205801292312,0,10.166334985617446,0.9259123274136316,-2.283578962284146,55.22580248556879,2,Graduate,2
0,6,5,12,0,2,135.16425905306184,1,3,4,9,6,126.7759003212902,1,0,0,1,1,0,23,0,2,3,3,2,14.465380451025062,1,2,4,4,4,13.472172144431028,1,6.0,0.43597400483139,-3.1100202226342057,85.96014665488138,2,Graduate,0
0,4,2,4,0,1,136.0132329421237,1,5,6,4,6,163.06885545887062,1,0,0,1,0,0,26,0,0,5,6,3,12.28124971642415,0,0,5,6,4,12.561440207680713,1,9.223789294513615,0.5189451967414607,1.217745446999136,87.58856878448591,2,Graduate,1
0,2,1,3,1,11,103.1027167357591,6,2,4,5,2,139.3735900021914,0,0,1,1,0,0,33,0,1,3,4,2,18.00405754167323,1,2,6,6,6,16.66226940110286,0,8.484864475949792,0.206887925939746,1.446250401879582,83.95001802587592,2,Graduate,0
0,16,4,5,0,7,142.5966725417749,2,6,1,4,9,123.80949164970168,0,1,0,1,1,0,42,0,2,4,4,2,13.893690350318256,1,0,6,7,6,14.146952585259648,1,12.076816179774443,1.2126765117112202,1.0141874831708326,53.00282181996238,0,Dropout,1
2,6,7,6,0,2,113.35305297732974,12,3,1,8,4,125.3546673689374,1,0,0,0,1,1,37,0,2,6,6,6,10.802428613428164,1,2,3,4,3,9.015854342794682,1,6.0,2.50002723008544,3.487601958565601,55.66659639537018,0,Dropout,2
1,14,5,14,1,6,129.74340636159212,17,3,4,9,6,135.51170629448572,0,0,0,0,0,1,44,0,0,6,6,5,8.974409059416226,0,0,6,6,6,8.25020948824559,0,6.0,1.4727855805740329,0.7135863280377795,96.93502671999184,1,Enrolled,1
1,10,8,6,1,7,118.6629046850285,10,6,6,1,2,166.36127686697316,0,0,0,0,0,0,18,0,1,6,7,6,2.7411613270061146,0,1,4,5,4,7.8000332304360285,1,11.145295708668874,2.2961165688411884,2.262110412554456,42.27094036041392,0,Dropout,2
0,4,4,12,0,1,160.40242991855771,5,5,4,2,7,150.79064965146168,0,0,1,1,0,1,17,1,1,3,3,0,19.90593633025289,0,1,4,4,4,20.0,1,11.62730865586926,2.077441296128588,-0.6088217462042851,75.6006046179721,2,Graduate,0
0,7,4,12,0,11,119.92563468386209,5,1,6,9,3,119.16519055144714,0,0,0,0,1,0,42,0,1,3,3,1,10.07101952779412,1,2,6,7,3,8.696337692263889,1,6.0,0.9618348334821072,3.131017913915704,45.27141921819268,0,Dropout,0
0,17,6,8,0,9,164.60332505351846,2,3,1,2,6,185.86795561240467,0,0,0,0,1,1,45,0,1,5,6,3,16.373806971778837,1,2,5,6,2,13.323177664776429,1,14.562459054736468,2.985810191300206,3.2846668831173025,76.79590921287027,1,Enrolled,1
1,5,7,2,0,6,137.99879856367318,12,5,2,2,1,117.315503610306,1,0,0,1,1,1,37,0,0,6,6,5,9.778633502575286,0,1,5,6,4,9.229116724690458,1,12.626976334144196,2.699093043581695,0.3417977728344831,81.2451308656619,1,Enrolled,1
0,14,3,5,0,2,144.2368442794932,5,5,1,5,4,121.56679872450538,0,0,0,1,1,1,27,0,2,4,5,4,13.584358650385278,0,1,3,3,0,15.147756087360948,1,7.985328919831481,2.485477192508545,1.475379113200118,47.14954048818149,0,Dropout,2
1,16,7,3,1,1,136.83211307400595,15,5,6,7,5,169.17566726584448,1,0,1,1,0,0,27,0,2,5,6,5,14.574049664271389,1,0,3,3,0,14.615812971164544,1,10.28669719556133,1.999015023608314,-0.4578335652281899,61.50227653988941,1,Enrolled,2
0,8,5,16,0,1,116.25014379843252,20,1,2,4,0,177.4390201886761,1,0,0,0,0,1,40,0,0,3,3,1,8.663051916342061,0,1,4,5,4,8.228145266180228,1,6.0,1.0922804292276418,0.4031303840218318,42.58515785346923,0,Dropout,0
0,16,3,5,1,2,143.93242547295552,18,6,2,5,8,148.8389195414284,1,0,0,0,0,0,38,0,2,4,4,4,16.34962890547678,1,0,6,6,6,17.113544020183237,0,12.112644105741715,1.089594191915062,2.1271549347034657,33.51803966817311,0,Dropout,1
0,6,8,9,0,9,125.5414956880254,21,6,2,0,8,107.7346940559252,1,0,0,1,0,1,21,0,2,5,5,5,12.30616721121603,1,1,4,4,1,12.9918910761189,1,7.461198934398341,1.4641454310781108,1.6727094894846393,90.35404538890084,2,Graduate,2
1,11,6,6,0,2,141.9874119599916,6,4,4,9,3,142.4224529631958,0,0,0,0,0,0,49,0,0,3,3,2,14.934256500632078,0,0,4,4,3,16.39746522557372,1,8.932147841461832,3.153508134109914,-2.3124295884411508,58.15312532963661,1,Enrolled,0
0,2,7,16,1,1,148.28626655051093,14,6,3,2,4,105.8234101249925,0,0,1,1,0,1,36,0,0,4,5,4,18.09081382460464,0,0,6,6,6,19.620629438068853,0,9.670342745806774,2.841268628663341,-1.2470774372729652,95.98512223401367,2,Graduate,1
0,1,4,7,0,4,176.9562750935875,11,3,1,3,8,190.0,1,0,0,1,1,1,35,0,2,5,5,4,15.588680383604288,1,0,4,5,3,15.06725474030718,0,13.624734966204532,-0.2311534091198632,-0.2583714396945418,58.24243423900096,1,Enrolled,2
2,9,7,4,0,9,145.35930342405544,8,2,5,6,9,147.17919860351736,0,0,0,1,1,1,33,0,0,4,5,4,12.668105538335505,0,2,4,4,4,12.021619915327792,0,11.401992468077632,1.811589860726037,1.19563812209635,53.87160255827081,0,Dropout,2
0,5,1,16,0,8,156.0457565935492,9,5,5,4,1,160.03735469073837,0,0,1,0,0,0,25,0,1,3,3,2,19.80417036490765,0,0,5,6,5,19.50622193576524,0,8.921369117791684,-1.0,-0.851576961576735,43.42227994270066,2,Graduate,0
0,2,8,17,0,7,149.53163551641072,6,2,1,0,4,130.74311069043912,0,0,0,1,0,1,42,1,1,5,6,3,12.84372044604982,0,1,3,3,3,13.944396638846282,1,8.23219442243346,0.97039198673338,-1.7449816653288013,59.98474443083494,1,Enrolled,2
0,14,1,17,0,8,130.05030825238475,3,5,2,2,3,185.14167936518248,0,0,0,1,1,0,18,0,2,3,3,3,13.32596535087314,0,1,5,5,5,15.828853908835995,0,10.676330876242758,0.6874255358808322,-3.9328578605940097,55.33752049259167,1,Enrolled,0
0,13,2,13,0,2,149.9403135804468,8,5,4,1,1,127.43803523265647,1,0,0,1,1,1,25,0,0,6,7,6,12.427310929294194,1,1,3,3,3,11.285127297527731,0,9.743460893400012,2.16727934716802,3.5,91.13866334849683,1,Enrolled,2
0,12,2,2,0,5,132.26586949549,16,6,6,5,1,118.52943257983704,0,0,1,1,1,0,25,0,1,6,6,6,8.71038967165473,1,0,3,3,0,8.001069789610552,0,9.27448652512836,0.1943070619081204,1.163565845869877,78.35834457991825,0,Dropout,2
1,9,5,2,0,7,125.9158540213224,19,3,4,4,8,147.6221226846093,1,0,0,0,1,0,33,0,0,4,5,1,8.324749131652974,1,2,3,3,3,5.991112322330519,0,10.018002302154212,-0.334011327026235,-1.796699422658856,98.05254546069447,1,Enrolled,0
0,6,7,4,1,1,111.02336631639902,1,1,2,2,9,162.00160964521407,0,0,0,0,0,0,17,0,2,6,6,6,11.060291407665972,1,0,5,6,5,7.02215511265797,1,9.18868440627578,0.9013707613427826,2.6594517472326897,76.41726133639895,1,Enrolled,1
1,4,1,16,0,6,149.35990832310816,13,1,1,1,7,190.0,0,0,0,1,0,0,41,1,2,3,4,3,9.451933962521936,1,2,6,6,6,6.057350287158584,1,6.0,1.490605353324429,3.4884290452382984,43.68315153874893,0,Dropout,0
0,10,4,4,1,7,122.50051090991832,12,2,5,0,9,180.35744645474531,0,0,0,1,0,0,41,0,0,4,4,3,12.028154310197928,0,2,4,5,3,9.218856817671313,0,9.8273542146448,-0.5866590410567953,1.184044188629478,81.94250061945507,1,Enrolled,0
0,5,1,12,0,8,148.82588195182038,20,4,4,1,9,169.87712224084956,1,0,0,1,0,0,19,0,0,5,5,5,15.891566412032528,1,1,6,7,3,13.927145272512806,1,9.934747106576824,2.8653709575318023,1.921461159901364,75.81931105949309,2,Graduate,1
2,4,5,14,0,5,135.10311944217742,8,1,2,4,7,122.86999424278564,0,0,0,1,0,0,46,0,0,3,3,0,11.568259947868189,0,1,6,7,6,12.417965557152735,1,10.399244341267169,1.258412284559884,3.155785820191701,79.16370196089898,1,Enrolled,0
0,4,2,1,1,8,128.74787770936226,14,1,4,4,7,122.34149055585006,1,0,0,1,1,1,28,0,1,5,5,3,13.76986734935307,0,1,3,4,3,10.791520473957917,0,6.989857673734482,1.5303457937096288,1.890053825075517,61.69338262453474,1,Enrolled,2
1,13,8,17,0,10,116.0013514298642,6,6,2,8,4,118.0538405495061,1,0,0,1,0,1,35,1,2,5,6,4,11.22932782599251,0,0,3,4,3,10.97353600110036,1,7.6003009254481935,2.8231454555290947,1.938632126038045,83.64126482973685,1,Enrolled,2
0,16,6,12,0,11,163.6173371578402,3,4,4,5,3,136.23365253521135,0,0,0,1,1,0,33,0,2,5,6,4,20.0,1,1,5,6,4,20.0,1,14.917632797835193,0.6205813858669984,-1.9616980883116344,53.9517147193634,2,Graduate,1
0,11,8,10,0,1,126.36190544515132,3,1,5,2,9,95.0,1,0,1,0,0,0,26,0,1,5,5,5,18.278822260534117,1,1,5,6,5,15.904180340190342,0,7.778195061472452,3.2775506581440013,-4.112523113659217,40.54928749326135,1,Enrolled,1
0,1,2,15,0,4,169.90481708448772,14,3,4,9,2,174.13644736247494,0,0,1,1,0,0,28,0,1,3,3,2,12.133374982287538,0,0,4,5,4,10.603675692835743,1,11.52764338968992,1.5066548935090611,2.3506344147316645,39.17969025860748,0,Dropout,0
0,4,6,17,1,11,116.99934266687222,21,3,1,2,1,114.38533267136287,0,0,0,0,0,0,32,0,1,6,7,5,13.952697409138269,1,0,6,6,6,10.352550994368787,0,7.609400466991914,2.450370626599745,0.3962705770469502,58.7388817990966,0,Dropout,1
2,9,3,11,1,6,168.168835361481,3,2,3,2,9,111.29753664816258,0,0,0,1,0,1,40,0,2,3,3,3,8.308655352162893,0,2,6,6,6,5.627357698972286,1,6.0,2.032756132339879,-0.0186934866414205,58.85284959494025,0,Dropout,0
0,9,6,7,1,4,136.84670670874158,12,6,2,7,4,129.85420556698165,0,0,0,1,0,1,35,0,0,6,7,6,12.249576603379346,0,2,4,4,1,15.374418403050017,1,9.6883008627968,2.324399554786144,2.551760641031403,65.60976801526827,1,Enrolled,2
0,11,2,11,0,5,153.9360570676366,12,2,3,8,7,106.44042421345958,0,0,0,1,1,0,24,0,0,5,6,2,10.898665133206825,1,0,3,3,3,11.861145045480889,0,11.838385543764073,1.5912255615192312,-0.918696671860104,68.81420977251634,1,Enrolled,2
0,5,7,1,0,11,106.38795876954568,17,2,5,2,4,156.10726482756152,0,0,1,0,1,0,47,0,2,6,6,6,15.600116153394108,0,0,5,5,5,20.0,1,8.998814908311385,0.9382514891937932,0.7342753185745547,95.76988910096634,2,Graduate,1
0,6,4,15,1,11,106.282136810585,11,6,5,0,6,115.84944257267952,1,0,0,1,1,0,37,0,2,5,5,4,9.743909500990172,0,2,4,5,2,7.6014052889832975,0,6.0,3.8265156003874594,0.9026975419659132,92.06352561367598,1,Enrolled,2
0,6,7,13,0,2,140.67607134615787,9,3,3,7,4,152.53673185508148,0,0,0,0,0,1,33,0,0,4,5,4,18.80209192509436,1,1,6,7,4,20.0,1,6.0,1.4758374522107176,2.0416440228159245,76.72069570986945,2,Graduate,1
0,8,5,16,0,7,112.69480908183677,5,2,5,9,9,163.1220223215563,0,0,1,1,0,1,39,0,1,5,6,5,12.771001669522343,1,2,4,5,4,10.64894419326779,0,13.460805429420557,0.1828010223961818,1.4142997774356822,43.09442230582476,0,Dropout,2
2,1,7,6,1,9,164.23774447179397,11,2,5,1,8,126.26606420809878,0,0,0,0,1,0,32,0,1,6,7,4,9.957045989565865,0,1,4,4,1,8.404112156563793,1,9.957234969078623,3.2625749682864296,1.415136263301232,95.83727169366772,2,Graduate,2
0,5,7,16,0,7,143.0081074158548,7,3,6,6,7,122.06367318895306,0,0,0,1,0,0,22,0,2,4,5,4,13.112555168478137,0,2,6,7,5,19.6183324999322,0,11.821458434501553,1.127074391468073,0.0716557098408224,55.74212697129514,1,Enrolled,1
0,2,2,1,0,1,120.82810917750524,10,6,2,6,7,119.94582862595352,0,0,0,1,0,1,24,0,2,4,5,3,15.578713931161086,1,1,6,6,6,13.191073368229382,0,10.694979506195228,-0.5678583710713845,0.1187508225922242,50.59103188438135,0,Dropout,1
0,16,2,9,0,2,114.7591090830332,9,4,2,8,0,112.94450650806697,0,0,0,1,1,1,41,0,2,5,5,5,14.821406169573752,0,2,5,5,4,18.488077122588727,1,6.548834247648275,0.5109249559526213,1.4124670351535646,83.96356283392777,2,Graduate,1
1,2,6,13,0,11,128.65224959794153,20,2,2,7,4,129.49106303939914,1,0,0,1,0,0,34,0,2,3,4,3,13.54800812148858,1,1,5,5,5,13.168030380147584,1,9.232552887242775,-0.8496920256595932,-0.1009341394224093,60.03026938113956,1,Enrolled,0
0,9,4,16,0,8,122.5077672487874,15,1,1,8,8,141.6845150605267,0,0,1,0,1,0,41,0,0,6,6,3,16.071710149410933,0,2,6,7,6,13.079362017748096,1,6.0,0.5661016132834427,-0.6913436679271492,78.26298044304212,2,Graduate,1
0,16,2,1,0,1,145.8963922185227,11,3,6,0,7,105.42459986520788,0,0,1,0,0,0,28,0,0,4,5,3,15.857716199015758,0,0,5,5,5,11.980967769986163,0,12.837389038657443,3.60972997139824,3.1152609471873784,84.62768551834384,2,Graduate,0
0,7,7,8,0,2,133.3116819221199,21,4,1,2,0,123.95018360122138,0,0,0,1,1,1,31,0,2,3,4,0,15.875188537100726,1,2,5,6,4,15.838147686010537,0,10.957857202470969,2.050747507757169,-0.414362814164219,51.81852649077862,0,Dropout,0
0,9,4,10,0,5,160.70427714661884,3,1,1,3,8,143.94441508366526,0,0,1,1,0,0,42,0,0,5,5,2,12.035152373279,1,0,5,6,3,8.92637650982038,1,12.221918768585605,1.4943015787842353,-0.0255118494173117,90.80756169386736,1,Enrolled,0
0,12,2,7,1,6,148.90884965147924,15,1,6,2,9,140.86689812011926,1,0,0,0,0,0,42,0,1,5,5,2,12.01081152158196,1,2,6,7,6,10.971949518434425,0,13.872015386726185,0.8070814306750883,3.0078293147055506,69.65179226176855,0,Dropout,1
0,1,4,3,1,1,115.926448099376,17,5,1,7,0,95.0,1,0,1,1,1,1,48,0,1,5,6,3,12.274296607124016,1,0,3,4,3,7.212985308202399,1,8.930962440606221,1.3343149852117882,-0.4417086884356174,70.67622485623839,0,Dropout,2
0,6,2,13,1,1,125.63778842021615,3,4,3,6,4,155.8407957031036,1,0,0,1,0,0,26,0,2,5,6,5,11.27077499948876,1,2,3,3,2,11.856805653765916,0,7.775764223533195,2.8376924368992844,1.3780676965386982,87.49715937730934,2,Graduate,2
0,2,5,11,1,2,115.9807574465192,20,5,6,4,9,170.9612401895467,0,0,1,0,0,1,32,0,1,6,7,3,13.36986153848294,1,2,5,5,4,9.213748829693625,0,9.68241182777452,-0.6932425039885817,1.5364067358599516,48.90145527589775,0,Dropout,1
1,17,3,5,0,3,116.00045758954153,4,3,6,4,0,125.68396410658283,0,0,1,0,1,0,23,0,2,4,4,4,12.980320954508088,1,0,3,4,1,12.530107036058636,1,13.802856211222574,4.0,0.6376287000975235,72.35623514209075,0,Dropout,2
0,14,3,13,0,9,95.50385270088827,11,4,2,3,7,96.62731308371583,0,0,0,0,0,0,33,0,0,6,6,6,18.792739196392727,1,0,5,5,5,15.033255369169993,1,6.0,0.4408128561956053,0.1009189261675985,48.21640770392354,1,Enrolled,1
1,13,7,12,0,3,155.70749195353952,7,5,5,4,1,120.8903075536129,0,0,1,1,1,1,39,0,2,4,5,4,11.23314622215456,1,0,3,3,2,13.997843842715069,0,10.062041532249404,1.2006007454560703,-1.227531645169475,49.54293725453569,0,Dropout,2
0,11,1,16,0,8,163.43104297231565,20,3,4,4,5,120.15296137004198,0,0,1,1,0,0,42,1,1,3,4,3,9.546523100000153,0,1,3,4,3,3.9717535093264873,0,12.414894692599932,1.30824893715869,1.9301461569491365,56.2125448544504,0,Dropout,0
1,16,3,17,1,6,113.27375486397052,14,2,1,3,1,169.99638338804797,0,0,1,1,0,1,37,1,2,3,4,2,15.26007231479495,0,2,4,5,2,14.252709876384053,0,10.9239329376164,1.2767398227629312,2.7847981355055524,75.70326759616458,2,Graduate,0
0,3,7,14,0,10,111.05854172220566,4,1,5,4,1,112.65879916598722,0,0,0,1,0,0,38,0,0,4,4,4,13.250327154972233,0,1,5,6,5,14.348847740485768,0,13.219417947451864,0.6938552132199763,2.5932051665095432,60.801416476748585,0,Dropout,0
0,1,4,10,1,5,147.34041084636178,13,3,2,6,0,131.04913643108088,0,0,1,0,0,0,23,0,0,5,5,5,10.597794996728584,1,1,3,4,3,11.195009034656294,0,6.0,2.549770219063461,1.4676145955256827,83.4675577164845,0,Dropout,2
1,14,4,13,0,9,116.97374822624587,1,4,3,8,5,181.95591400958205,0,0,1,1,1,1,30,0,2,3,4,3,15.73740461741735,1,1,3,3,3,12.320328317059143,0,13.261853252796232,2.869066201134624,-2.7565366021876523,72.0377433805773,1,Enrolled,0
0,17,6,12,0,8,163.02965344272948,18,1,6,6,4,144.02451400943306,1,0,0,1,0,0,31,0,1,6,7,6,12.023528348989698,1,1,4,4,1,7.3741650177879965,1,8.127358973547754,2.64635070105387,2.184993037536511,72.1948974264558,1,Enrolled,2
0,3,3,4,1,11,119.23162298418696,13,1,5,0,3,144.88993571752746,0,0,1,0,1,1,23,1,2,4,5,2,18.33499701261617,0,0,3,3,2,19.988475765572037,1,6.0,1.606915364830246,0.6048783820497895,37.00024444714045,0,Dropout,2
1,12,6,12,0,3,90.0,3,3,4,8,3,137.47007570945968,0,0,0,1,0,0,25,0,2,3,3,3,9.674492826002366,1,0,4,4,1,9.065312460957154,0,9.019576184569225,0.7927984337664369,-0.2657009465706579,67.14770111679142,0,Dropout,0
1,2,4,1,0,7,132.1342365212042,8,2,5,2,8,164.4421663405828,0,0,0,1,0,0,24,1,1,4,4,4,10.967127736102803,0,1,3,4,3,7.987832537732244,1,7.483231286149261,1.2773310672037177,1.9835907863343152,58.28598897769963,0,Dropout,0
0,2,5,10,0,4,121.96908016143736,18,3,6,1,1,150.10127852863266,0,0,0,1,0,0,39,0,2,5,6,5,13.446814724452071,1,1,4,5,3,15.191307845791377,0,9.507749291134193,1.3962423161831865,1.2068429645089154,92.65193356372674,2,Graduate,2
0,12,4,2,0,8,138.24029824857206,2,6,2,9,9,186.3385752997963,0,0,0,1,0,0,45,0,0,4,4,4,17.75224593220325,0,0,4,4,4,16.04549051778699,0,6.0,0.3234859444970861,2.6161082616462075,71.32579514905362,2,Graduate,0
0,5,6,5,1,7,127.3239336541486,20,5,5,8,6,189.06660244772849,0,0,0,0,1,1,34,0,0,3,4,2,10.502743787509818,0,0,6,6,5,8.559289642838678,0,9.630428599711784,1.7137886417259776,1.4135967973113956,81.02645234023342,0,Dropout,0
1,16,5,17,0,3,147.68391776035077,6,5,6,1,4,147.84292135063325,0,0,0,0,1,1,47,0,1,4,4,4,14.317769883420992,0,1,5,6,3,11.851073330037783,0,8.275281260472239,3.659433313760726,0.319588871591319,72.9118572251314,1,Enrolled,0
0,5,5,4,1,7,144.30878619254108,18,6,3,9,9,139.06935248714714,0,0,1,1,1,0,46,0,0,3,3,3,8.926112485130826,1,1,6,7,4,6.727469185171668,1,15.963764296151783,1.296280888195025,0.1719704548172856,78.99253408018356,0,Dropout,0
1,3,5,7,0,6,142.16618852687574,18,5,2,8,8,144.09051994437462,0,0,0,0,1,0,34,1,0,3,3,3,16.208537025105432,0,0,5,6,4,13.919788513605072,1,10.521392823240618,2.099903730215356,1.9003371977179688,94.61713437331656,2,Graduate,0
0,6,2,15,0,6,139.19698247303572,9,6,1,4,3,125.83924629246962,1,0,0,1,0,1,33,0,1,3,3,3,10.71861712467398,1,0,3,3,2,11.239385063727315,0,10.68475086536864,0.7116969108465103,-1.6082853936412451,78.198908445226,2,Graduate,0
0,12,1,1,0,11,134.9862901082028,15,4,2,5,5,143.34362334136685,0,0,0,1,1,1,30,0,2,6,6,3,15.165704588546822,1,2,5,6,2,18.74229518418546,1,9.315654161425618,2.562901784388723,-0.1028351561420466,86.34333748873436,2,Graduate,1
0,8,8,14,1,10,104.2591074618421,3,3,5,6,1,103.94766730823198,0,0,0,1,1,0,47,0,2,5,6,5,15.34641921170808,1,2,6,7,6,11.554595594800094,0,13.74256847412851,0.7106659119701707,-3.1494931572431284,76.288868633377,1,Enrolled,1
0,6,8,15,1,3,143.56413209347824,9,1,6,6,0,122.19815584869062,0,0,1,1,0,0,40,0,1,5,5,3,6.64423801393062,1,2,5,5,3,5.491721354444985,0,11.455877401454345,1.0041438753980778,1.5584125189654614,91.68351208556707,0,Dropout,0
0,14,6,2,0,4,151.10303810478092,18,4,4,3,0,159.6621738282176,1,0,0,1,0,0,19,0,1,4,5,3,13.732643980221546,1,2,6,6,3,13.022510898331372,1,14.539336461697404,2.120904819612347,1.9611364616352416,90.47559660360534,2,Graduate,1
0,3,4,2,1,4,142.67767073246813,20,5,2,3,3,153.45135941087128,0,0,1,1,0,1,42,0,2,4,5,4,11.230090624120422,0,1,5,6,4,12.091497443283156,0,13.162888438220804,0.3111285448226988,-0.5847607704778097,97.81442302479294,2,Graduate,1
0,11,2,16,0,6,130.5668042578933,20,4,2,4,8,136.81774475647276,0,0,0,1,0,0,39,0,0,3,4,0,14.744787814704136,0,0,3,4,1,16.915595603720043,0,8.844402888120939,2.0190165260376145,-1.1683741748308334,40.524533044633664,0,Dropout,0
0,7,6,2,0,9,147.9875660612968,7,1,2,8,2,150.47233022876893,1,0,0,0,1,0,31,0,2,5,5,3,9.940788311600995,0,1,3,3,3,9.242383063339382,0,12.188705668063632,2.761337219386917,2.515758413312944,74.41496399200014,0,Dropout,2
0,9,1,16,1,5,140.2057174799101,21,4,2,9,2,177.6539153538242,0,0,0,0,1,1,20,0,0,4,4,3,10.964989036989998,0,2,5,5,5,9.072271037143276,1,12.442357426101957,1.6955046033737522,-0.4855500466799376,56.792813899919466,0,Dropout,0
0,11,2,17,1,8,150.62237041302757,17,2,5,0,6,130.35964307810636,0,0,0,1,0,0,45,0,0,4,4,4,17.19462810684827,1,2,5,6,4,18.339804601368293,0,12.834184480882833,2.5424517978231647,1.957949827262493,87.3569898408815,2,Graduate,0
1,13,4,16,0,5,133.07329313387405,3,5,1,7,7,104.11995309621486,0,0,0,0,0,0,38,0,1,5,5,4,16.92376728957154,1,1,3,3,3,12.523523234800782,1,11.204219086880068,-0.0499763055806123,0.7745362944628503,99.75160696763172,2,Graduate,2
0,10,6,4,0,6,103.59811438353708,7,3,4,7,5,155.6801474291204,0,0,0,0,0,0,41,0,0,3,4,3,9.520629930192122,0,1,5,6,4,3.860641773588868,1,6.0,2.037838473652839,-0.1521981649316145,73.63449466483405,0,Dropout,0
0,2,5,17,1,6,131.06711675673944,13,6,2,6,0,153.40637867665205,1,0,0,0,1,0,29,0,1,4,4,4,19.28729771165537,1,0,4,4,2,20.0,0,9.912381738744632,0.9525999868749984,1.8441244256721383,57.40185116738671,2,Graduate,0
2,7,2,1,0,4,114.1293430754452,9,5,6,5,5,158.99240311099044,0,0,1,1,1,0,34,0,0,3,3,1,3.9627929023278607,1,2,3,4,3,1.6430974857903595,1,10.333325684343874,1.9623791296020008,0.8571911565085821,75.9588389757931,0,Dropout,0
0,15,1,13,1,10,124.80018752053262,9,5,4,2,7,110.06950673181046,0,0,0,1,0,0,49,0,2,5,6,3,13.75102624184752,1,2,3,3,3,12.41671293537346,0,10.21298331391446,3.3981061388764475,3.489992623576472,74.74426466594451,1,Enrolled,2
2,10,1,7,0,10,136.9037137037634,5,3,5,7,4,102.49396520793351,1,0,0,0,0,0,32,0,0,5,5,5,8.504421982010829,0,1,6,7,5,9.56396160089014,0,13.442158254665424,-1.0,-0.5232519896375549,87.54378460163457,0,Dropout,1
0,12,1,9,0,5,156.7812564373307,4,3,1,6,7,146.62348487255605,1,0,0,1,1,1,18,0,2,4,5,2,14.299826841660863,0,0,6,6,6,14.867312489474887,1,8.070237636434998,0.7551433083212358,-1.5846324836402876,54.76066363108986,1,Enrolled,1
0,9,6,14,0,4,149.65214111033052,9,1,2,7,0,144.87365563403003,0,0,0,1,0,1,46,1,1,4,5,3,12.084247564847551,1,1,4,4,4,13.997343329198026,1,10.408299618378717,-1.0,0.7708742451476636,95.05366030476576,2,Graduate,0
0,6,2,1,0,2,139.5939818453194,6,1,1,1,3,131.0705616487966,1,0,1,0,0,1,29,0,1,5,6,5,9.438262618581774,1,1,5,6,5,11.482336986532976,1,9.791258750750146,0.0227610240910058,1.6573732150025613,92.442532783801,1,Enrolled,1
0,1,7,8,0,2,162.45873877499102,10,2,2,7,8,176.16854342544633,1,0,0,1,1,0,29,0,0,3,4,3,10.419081290469386,1,1,4,5,4,6.512945145734399,1,12.05056759171286,0.9296736641865052,0.4622247075247357,65.62522494974333,0,Dropout,0
0,2,7,10,0,8,136.04223754833683,18,4,2,6,9,139.75274426979414,1,0,0,1,0,0,34,0,2,3,4,3,10.246795099560126,0,2,5,5,5,13.119996794222942,0,15.430441049890288,2.53192853536025,3.5,73.13466817398762,0,Dropout,0
0,15,7,4,0,4,139.45243704373434,3,4,6,5,4,170.77555126726398,0,0,1,1,1,0,48,1,0,6,6,4,13.267345426561311,0,0,6,6,3,14.244120103958736,1,11.867611563234773,2.46938212790658,2.9831187878879417,61.61115436322277,0,Dropout,1
1,11,1,13,0,9,126.6589927074792,20,4,3,8,9,161.9554651658796,0,0,0,1,0,0,48,0,1,5,5,3,16.41153960317005,1,1,5,6,5,17.0565787225706,0,11.668699644976863,2.434669299400926,-0.1459743315606185,75.54209539159332,2,Graduate,1
0,1,8,9,0,6,111.47242614226552,7,6,6,7,9,112.75242927757834,0,0,0,0,0,0,45,0,2,4,4,4,19.85583523849789,1,1,6,6,6,20.0,1,6.9405065774920605,2.1722167135704,0.9157154864333196,55.19141199278975,2,Graduate,1
0,4,3,8,0,5,147.2523063631841,12,5,4,4,2,117.82669978587624,0,0,0,1,1,1,45,0,1,5,6,4,12.401870306415976,0,0,3,3,0,6.521146916219683,0,6.0,-0.109275502202645,-2.4493407467072776,83.75118157475309,0,Dropout,2
0,4,6,6,0,7,100.5018722009456,5,5,1,4,2,107.94470242427582,0,0,0,0,1,0,32,1,1,4,4,2,14.045849787178517,0,2,3,3,1,13.221042312857412,0,10.767118625261668,2.4624609584951243,2.6928779791440176,56.37427274152752,0,Dropout,0
1,4,1,16,0,6,114.5124440971118,17,3,4,8,8,150.78153427850089,0,0,1,1,0,0,26,0,0,3,3,1,17.15175507040852,0,1,5,6,5,14.43531657762161,0,9.440465471693196,0.6866624451330754,-0.4248525719438925,72.3614031602763,1,Enrolled,0
0,1,1,1,0,4,138.905365645362,19,6,4,7,0,142.4526943735309,0,0,1,1,1,0,46,0,0,4,5,4,11.428722424898211,0,1,6,7,5,8.35218860823486,1,11.381004402394083,2.037490173679835,1.158126807012167,89.84179227870752,2,Graduate,1
0,7,2,15,1,10,116.3222013457993,4,2,4,3,5,173.75234808363092,0,1,1,1,0,1,41,0,0,6,6,5,10.259203463077728,1,2,4,4,2,8.739509461371782,0,8.161238759368333,0.3983583497040825,0.3366853413301966,36.11636821244744,0,Dropout,2
1,14,7,6,1,9,135.3913522878301,12,2,1,8,5,154.87706731558347,0,0,0,0,0,0,36,0,0,3,3,1,19.819488669463446,1,2,6,6,5,20.0,1,14.208760928068829,1.2834407242222323,-1.880830002690604,68.61713875432017,2,Graduate,0
2,16,7,10,0,6,138.2422361241571,21,4,2,5,9,107.55095858836496,0,0,0,1,1,1,21,0,1,6,6,6,12.370813279851138,0,2,6,6,4,12.788796474533124,1,6.411468506155627,1.4187638634282178,2.300403651004267,47.25670767687882,0,Dropout,1
0,15,4,5,0,3,122.67376594421202,15,3,2,4,7,128.44851323054232,1,0,1,1,0,0,17,0,1,5,5,5,13.760678966888912,0,1,6,7,5,14.554365627942946,1,9.411969043020942,1.914609893810332,-1.1055271340615445,68.6422625833265,2,Graduate,1
2,5,2,8,0,4,136.2136194062425,2,4,2,9,7,95.0,1,0,0,1,0,1,46,0,2,4,5,2,7.386465658209103,1,2,3,4,3,5.970633665328856,1,8.825950918699071,0.4927911844149508,-0.1347052097527709,87.90542854888878,0,Dropout,2
0,13,2,1,1,4,135.91941010977206,15,5,2,6,0,147.3343211142308,1,0,0,1,1,1,19,0,0,3,4,3,11.166655884218429,1,1,6,6,5,11.80740033219609,1,13.293093611078096,2.2938890138505483,2.3352004801487585,92.18169193240902,2,Graduate,0
2,5,3,13,1,8,109.90715347519746,11,3,2,8,6,190.0,0,0,0,1,1,0,30,0,2,4,5,2,19.60498635997296,0,2,5,6,4,18.80736232162105,1,9.306647030771185,-0.0757514422169614,-0.9482920422183212,85.82534825762889,2,Graduate,0
0,5,4,16,0,5,147.0243526788974,1,6,6,0,9,143.27045683137763,1,0,0,1,0,0,46,1,0,6,7,6,14.619822607136491,1,1,3,3,2,16.692631579751954,0,8.265962814512786,3.540632624707784,3.4835657786786154,69.94044198344628,2,Graduate,2
1,5,8,17,0,8,90.32112080615462,14,4,2,8,0,145.029634234936,1,0,0,1,1,0,20,0,2,3,3,3,12.899614194769404,1,2,3,3,3,14.33876305551718,0,10.242107084248156,0.5980564436777691,-0.9765400068904442,77.52248282605288,1,Enrolled,0
1,6,2,7,0,11,176.32547537053838,4,2,5,9,7,139.56706294303723,1,0,1,1,1,0,34,0,2,6,6,6,17.87800447546344,1,1,3,4,3,17.977548532281315,0,7.633083134185183,-0.8490458220196935,-1.3053016489182865,79.29257652436672,2,Graduate,2
0,14,3,15,0,8,146.74976903281097,6,1,5,4,4,148.8962902287737,1,1,1,1,1,1,41,0,0,3,4,3,7.242159610510768,0,0,6,6,3,4.938926483926711,0,9.93318554995274,1.4134825884117073,0.8837339755072802,87.65775043049796,0,Dropout,0
0,2,2,14,0,6,157.46553219980063,8,6,6,8,1,136.094140153674,0,0,0,1,1,1,17,1,0,5,6,5,11.54837739151903,1,2,4,5,4,11.930852152745157,1,9.610763144779654,1.0057542831864987,3.5,64.45476502278133,1,Enrolled,2
0,15,3,17,0,5,149.55739421507496,20,5,6,4,2,155.44638534391385,0,0,0,0,0,1,31,0,1,5,6,4,20.0,0,2,6,6,6,20.0,0,18.0,0.3983610564373903,0.7893414353640117,72.03827054225232,2,Graduate,1
0,16,6,7,0,2,134.05831292425162,2,4,2,6,8,120.68956869167224,1,0,0,1,0,1,25,0,1,4,5,4,12.825109232163134,0,0,6,6,4,12.823444199843411,0,8.612538906924065,3.114868503040766,2.5664757266601663,53.418744325538825,0,Dropout,1
0,5,5,14,0,1,118.01724379818305,4,3,6,6,1,121.72561391334906,1,0,1,1,0,0,31,0,0,6,7,3,12.800898476601036,1,1,4,4,4,11.31124081875991,1,9.731870361428028,2.4058636106784017,-1.613541950442431,70.00318563120416,1,Enrolled,2
2,16,1,8,1,7,134.4593949521483,17,3,6,8,3,107.6880050602253,1,0,0,0,1,0,40,0,0,6,6,5,17.12701000682486,0,0,6,6,6,15.190655054129651,1,10.654463795262352,2.054476813560996,0.1404173113373992,92.2437208958908,2,Graduate,1
0,1,8,13,0,10,153.39457737016846,9,4,1,4,6,139.18684625224827,0,0,0,1,1,1,20,1,0,3,3,3,17.370295138613734,0,0,5,6,4,17.876221137932696,0,10.819465132465975,0.3535276492104997,0.2550856901703228,70.96990641400436,2,Graduate,0
0,8,1,1,0,10,116.90149086384798,19,6,4,6,7,112.354415850034,0,0,0,1,1,0,28,0,0,5,6,5,8.44458765885129,1,1,4,5,3,6.000350989019838,1,13.129493550003,0.8640023196247861,-1.4704704726168336,60.085906557429134,0,Dropout,2
0,1,2,4,0,11,138.45454597916537,8,2,4,4,2,176.3134097330954,0,0,0,1,1,1,22,0,2,4,5,3,14.497883356747655,1,2,5,5,4,13.56845766858546,1,15.763764234670848,0.7667445304447521,-2.064284626718657,51.65109481114662,0,Dropout,0
0,7,7,11,0,7,95.17577258199272,9,4,1,3,9,129.22648480515477,1,0,0,1,1,0,40,0,2,5,5,5,19.14526690236544,0,2,5,5,2,20.0,1,7.596839777401175,-0.6922621176888253,0.3650839964816272,51.641586434145,2,Graduate,2
0,6,3,9,1,2,117.21563677190134,13,5,5,0,9,95.0,1,0,1,0,1,0,27,0,2,6,7,6,10.74920553640975,1,2,3,3,3,11.55292563456063,0,11.315939244256931,1.8256942563416567,3.5,40.79975778697012,0,Dropout,2
0,8,7,4,0,3,116.10931954412936,8,3,4,4,8,111.61436148561688,0,0,0,0,1,1,29,0,2,4,4,2,11.696492014369106,0,0,3,3,2,8.503323738433465,1,9.506764449977744,1.913403484531512,1.193382262402778,33.064979512861456,0,Dropout,0
1,5,5,1,0,11,171.96769898510132,14,5,5,3,7,143.37608382409272,1,0,0,1,0,0,41,0,1,5,6,5,13.100865497349258,1,1,4,5,4,13.547177260708198,0,10.99103136943402,1.646572059509941,-0.4293685148968718,65.55274597092989,1,Enrolled,2
1,15,1,11,0,8,105.57631269983236,18,6,3,0,5,156.3088732267147,0,0,0,0,0,1,23,1,0,5,5,5,15.430207130424964,0,2,6,6,6,20.0,1,13.33112079722657,1.772991321302521,-2.8669030220932434,48.79596045748939,1,Enrolled,1
1,16,7,6,0,4,143.76817373281455,18,6,4,9,7,148.84818389317013,0,0,0,0,1,1,20,0,2,3,3,2,8.00317246336341,1,1,5,6,3,9.392161253524206,1,14.88300009444571,0.1406431645010719,0.1303192107756369,55.47723934311272,0,Dropout,0
1,17,2,7,0,5,170.07839752422512,10,1,3,0,9,119.44150914631392,0,0,1,1,1,1,24,0,2,3,3,2,2.106153959676533,0,0,6,7,6,1.1196833457989337,0,12.623928370960025,0.4266516383703356,0.0084639470112384,83.23600337074936,0,Dropout,0
0,11,6,1,0,7,157.11909260509273,20,2,6,4,7,125.71926150161858,1,0,0,1,1,1,36,0,0,6,7,6,13.754227137951638,1,2,5,6,4,16.72296374103099,0,10.945938221245616,1.1202928877000795,1.4921485980447105,63.29543741567709,1,Enrolled,1
1,2,8,15,1,8,168.4719034577241,1,4,3,8,2,122.79149276878488,1,0,1,1,0,1,45,0,2,5,6,3,17.080572340100478,1,0,3,3,3,20.0,0,13.079014151266636,3.1612878019644217,0.3432971368799983,71.00773542207762,2,Graduate,2
0,1,7,4,1,1,171.7389282255313,12,4,3,0,6,154.1658784253773,0,0,0,1,0,1,26,0,2,3,3,2,11.908142404093349,1,1,3,3,3,13.76653369060512,1,7.475810982002731,2.8950658893627117,1.9372601871132904,42.1582029557113,0,Dropout,0
0,17,7,13,0,7,136.2359933691763,3,2,3,7,7,142.9073783778568,0,0,0,0,1,0,42,0,1,5,5,4,10.863600582607589,0,2,3,3,2,6.234708107689941,0,7.822640889566647,2.120388947537708,2.18150770592621,96.77152901517223,1,Enrolled,2
0,1,2,12,0,3,145.45232272523575,20,3,2,8,5,128.8149211046741,0,0,0,0,1,0,19,0,2,4,4,4,12.415617521779502,0,2,4,4,3,13.65765021862599,0,10.50533765791627,3.9178502960962263,0.6742881011236543,83.44287740054284,1,Enrolled,0
0,2,3,1,0,5,139.2883806079208,12,4,2,9,5,123.5135055286778,0,0,0,1,0,1,22,0,0,5,6,2,18.59141159477933,0,2,5,6,5,20.0,1,13.491328918483758,2.111719661640949,0.699547990743817,54.79046190404281,1,Enrolled,1
0,17,4,8,1,1,145.57690765629746,18,2,6,3,6,126.9264993376426,1,0,0,1,0,0,21,0,2,5,5,5,10.67403507387321,0,2,6,6,3,5.21418899986543,1,9.113144400373749,2.2631458401845617,0.8616448579453895,64.59671721160595,0,Dropout,1
0,4,6,11,0,11,144.27953489280603,12,4,1,7,3,140.2121585177897,1,0,1,0,0,0,21,1,1,6,6,5,14.995988065471174,0,0,5,5,5,17.038776835431822,0,9.42876437863132,3.275738359543681,-2.3405914468208966,83.44922015888835,2,Graduate,1
0,12,2,10,0,3,172.78268012753787,7,3,4,0,9,173.52054038170309,0,0,0,1,0,0,39,0,1,4,5,4,8.962501510143667,1,0,6,6,6,8.154697169462414,0,6.0,2.334799756060702,2.0966788048820257,64.9338487718631,0,Dropout,1
0,10,5,2,0,5,141.419164862719,3,2,1,3,9,144.66491854317357,0,0,0,0,1,1,25,0,0,4,4,3,9.130030836031402,0,1,6,7,6,12.118626990674354,0,17.164937544611213,3.4783275355244645,3.5,51.06760564011077,0,Dropout,1
0,10,8,17,1,1,114.01701969242004,7,3,3,9,8,131.5848607491724,0,0,1,1,0,1,36,0,1,3,4,3,15.957650735586723,0,2,6,7,6,15.479760656097405,0,9.310193699902223,1.534217040240054,0.9067313035509372,85.06381880391362,2,Graduate,1
0,15,5,13,1,2,148.10842046890025,13,4,1,1,2,129.63665148246116,0,0,1,0,0,0,34,0,2,4,4,4,18.720292530861784,1,1,5,5,5,19.27835682765429,0,6.0,0.7316066909954305,-0.6088387040768852,91.22848897158909,2,Graduate,0
1,11,4,9,0,3,151.07770621217085,11,2,2,9,6,182.54736093538224,1,0,0,0,1,1,33,0,0,6,7,4,16.111507404680815,0,0,3,3,1,16.711489003232504,1,10.501336213930404,1.3855318983770788,0.7874311842365234,74.6624302716589,2,Graduate,2
0,7,5,16,0,8,116.91700967544485,20,1,5,3,8,160.61815949766054,0,0,1,0,0,1,40,0,2,3,3,3,5.81159695942748,0,1,4,5,3,7.296873679442288,0,11.418627352164416,1.7852668811044268,0.0170988407059482,95.0026574968998,0,Dropout,0
0,10,3,17,1,5,116.0171785269674,20,4,6,1,7,164.46777777935017,1,0,0,1,0,1,19,0,0,5,6,5,11.530195161509551,0,0,4,5,4,12.347955275820391,0,9.310038845495525,0.4142768949170003,0.8493239042789056,86.54182725203145,2,Graduate,2
0,2,2,10,0,5,155.9185591854852,17,2,5,2,6,158.6847589648272,0,0,0,1,0,1,48,0,1,4,5,3,13.836209034848697,0,2,3,3,0,11.288466203320702,1,7.269433564797897,0.6451624289266381,0.2383906915275578,88.4770202621296,2,Graduate,2
2,7,3,17,0,3,123.27320169594483,15,1,6,0,4,138.75148464295614,1,0,1,1,1,1,29,0,1,5,6,4,13.208509388431803,0,1,4,4,4,12.250698071030715,0,12.693468231970115,0.992525784792508,-3.075136203163326,76.06255801986963,1,Enrolled,2
0,14,7,10,0,9,125.90118887955144,6,2,5,9,1,169.94464844868105,0,0,0,1,0,0,41,0,2,3,4,3,6.281135748815981,1,2,6,7,6,5.964684615533436,1,12.349453421027484,0.1819797849188098,0.9717722999026268,35.79158212363244,0,Dropout,1
0,11,8,14,0,9,124.8476434610478,6,5,5,2,1,103.30466768752696,1,0,0,1,1,1,25,0,1,4,4,4,8.459815485983514,1,0,4,4,4,11.235709792554772,0,11.578159759787969,0.7942738223955809,3.5,90.92850696819838,2,Graduate,0
0,1,4,15,0,2,140.39286469766128,7,5,5,6,3,178.77353248367396,1,0,0,0,1,0,20,0,2,3,4,0,10.193838421433856,1,1,5,6,5,11.104652015690618,0,7.707304848687681,2.381891928360828,-1.6050034651409486,69.09290040506298,1,Enrolled,0
0,5,4,9,0,8,159.27111249467407,9,2,4,7,4,158.5534730845158,0,0,1,1,0,1,30,1,1,3,3,2,12.763385564772044,1,1,3,3,2,10.819409859047532,1,8.17373726164499,2.45283405115874,2.774904986112568,68.88283133997322,0,Dropout,0
0,4,3,2,1,1,149.70998837412697,9,2,3,5,3,152.1475001546761,0,0,1,1,0,1,27,1,1,4,5,4,6.230846273883333,1,2,3,3,3,3.631607976980059,1,8.948647091358215,-0.1831032277982056,1.5211398082395862,70.95417114168838,0,Dropout,2
1,14,6,14,0,5,124.83019677264026,21,5,2,0,1,121.07534189529774,1,0,0,1,0,0,19,0,2,4,4,2,15.100787646109032,1,2,3,3,2,16.4376556940127,1,8.756585361358525,1.8708380451482416,-0.8540885663001199,68.4812933879856,1,Enrolled,0
0,3,1,7,0,7,164.4374503935386,18,4,5,6,3,163.27397847037207,0,0,0,0,0,0,44,0,1,3,4,2,12.674561574289172,0,2,3,3,2,11.187502113762989,1,11.876122767661473,1.4168467348453355,-1.617972585572921,90.47140848076056,1,Enrolled,0
0,4,4,4,0,8,154.12738031973046,1,5,4,2,4,168.62617987330927,0,0,0,1,1,1,45,0,0,6,6,6,9.348788095838191,0,1,5,6,3,10.931773580980128,0,8.815487432050018,2.761286914132847,1.2728206617858593,55.13562424218577,0,Dropout,1
0,3,2,13,0,8,156.83421229171623,18,5,2,8,3,122.38977712764132,1,1,0,0,0,0,25,0,1,4,4,4,13.677554482729944,1,0,6,7,4,13.238088915462386,0,7.150139425618711,1.1769374747198815,1.449626593373205,69.47223234818782,1,Enrolled,1
0,10,6,4,0,6,156.1184131421042,18,6,5,1,5,123.15055839149828,0,0,0,1,0,1,19,0,0,3,3,3,7.959921047524368,1,2,6,7,6,11.310185813143876,1,11.26959348033395,0.0125573813945571,-1.9149347904747165,98.28115589796188,2,Graduate,0
2,16,4,4,0,7,123.67904241675828,12,5,6,8,9,114.15977857641384,0,0,1,0,0,0,41,0,0,5,5,3,12.81769983423859,1,2,6,6,6,10.675160144775436,0,17.12984997152654,0.9160636213410356,2.467444612916152,37.79702172682256,0,Dropout,1
1,3,3,9,1,4,114.76322192438478,1,3,6,9,6,153.6997372331395,0,0,0,1,1,0,28,0,0,5,6,5,6.697488790699696,0,0,4,4,3,9.994396571758102,1,7.6395018668001455,0.0632242325183551,-0.0899758501692966,67.72959475124071,0,Dropout,2
0,15,3,11,0,10,127.55469492106788,19,4,3,1,4,137.54607105465257,0,0,0,1,0,1,25,0,0,4,4,4,7.208252668716677,0,1,6,6,6,9.366943770123084,0,7.8713216435513536,-1.0,1.686926297952842,68.70132082848285,0,Dropout,1
0,5,5,1,0,7,156.79330185700525,14,3,1,1,8,190.0,0,1,0,1,0,1,31,0,0,4,5,2,11.410837606441106,1,1,4,4,4,10.009845998661108,0,9.63288104562528,1.4360243390889795,2.065780750755211,66.89410407703106,0,Dropout,0
1,11,6,13,0,7,109.04275348835829,14,4,6,3,3,101.64774575122664,0,0,0,1,1,1,41,0,1,5,5,5,10.493065703388265,1,0,5,5,4,7.997233705603925,1,12.268956821907468,2.123041922238216,2.412495851434665,87.17707602303402,0,Dropout,1
0,9,1,9,1,9,106.06766503391664,16,3,6,1,9,118.23452156120948,1,1,1,1,1,0,21,0,1,3,4,2,14.345010382330392,0,2,4,5,4,18.86423052355743,1,11.69714802640964,1.7244578346584585,-0.9810901630259972,62.12174486118335,1,Enrolled,0
0,13,3,7,1,11,95.09682186059588,6,6,6,6,1,140.30063961979857,0,0,0,1,0,1,27,0,2,3,4,3,12.93470122177831,0,1,6,6,4,10.37812965826276,1,9.645437189181646,-0.0419327796310338,3.5,57.54646647331287,0,Dropout,0
1,11,7,14,1,2,107.36599642645184,17,3,6,2,9,156.62528406081617,1,0,0,1,0,1,40,0,2,3,4,2,20.0,0,2,3,3,3,20.0,1,8.69173194295422,-0.1230605115673173,-0.8574098117656459,96.82460356437116,2,Graduate,0
0,14,5,17,0,11,117.64004913873848,13,2,3,3,7,155.4936297340348,0,0,0,1,0,1,31,0,2,6,6,6,12.071933797180854,0,2,5,5,2,12.63532594901712,1,16.297853241320876,1.761605642619714,2.410098128993152,77.64344634108761,2,Graduate,2
0,1,5,1,0,8,137.738892099474,19,5,3,0,3,142.1124148564164,1,0,0,1,0,1,24,0,2,4,5,4,1.4520634405576178,1,0,6,6,4,1.1770745549273134,1,13.431825370129804,3.5379003796207567,-0.0986116558745633,34.67808796199133,0,Dropout,1
0,9,2,9,0,9,109.6675570729651,20,6,5,9,3,148.8098090519602,0,0,0,0,0,1,21,1,0,6,6,5,5.87981337479315,0,1,6,6,6,7.533171973216768,1,15.205682666555438,3.053892517202592,0.8935801878544364,73.316914987334,0,Dropout,1
2,13,5,10,1,3,149.56285979858777,2,6,6,3,2,142.96084115155747,1,0,0,1,1,0,42,0,1,6,7,5,8.813556694619141,0,0,6,7,5,6.187129925227484,1,12.10862460975155,1.1476323233082215,0.5754464023247652,86.35585829678153,0,Dropout,1
0,2,1,16,0,8,135.9915227267703,10,2,1,3,8,166.23413992544116,0,0,0,1,1,0,34,1,0,6,6,5,20.0,0,1,5,6,4,20.0,1,9.719624159648705,1.753859400482578,1.640566992033575,85.92103209283744,2,Graduate,1
0,4,2,11,1,1,90.0568400697394,9,2,1,3,3,126.09362589641944,0,0,0,1,0,1,22,0,2,6,6,5,12.871469018292286,0,2,3,4,2,10.510172634624602,0,11.196232734697558,2.595837297763107,2.686499548997606,78.99162958973271,1,Enrolled,2
1,16,3,4,0,10,134.59248211334932,21,2,2,8,1,128.9252275139867,0,0,0,1,0,0,29,0,0,3,3,2,16.87986052038555,1,2,3,3,2,16.22002706034538,1,15.41995577135178,1.3273452430934594,-0.3020122822401261,51.695743483326495,1,Enrolled,0
1,10,6,8,1,5,138.113697669546,12,1,4,2,0,157.2358245441214,0,0,0,1,1,1,44,0,2,4,4,3,16.525231860492177,1,1,3,4,2,12.629789602003097,1,11.541588011439314,-0.1126309217007941,-0.778597665722693,79.74207565690011,1,Enrolled,0
0,6,7,3,0,1,177.16307054780327,8,6,6,6,0,179.308496909363,0,0,1,0,0,0,21,0,2,4,5,3,8.565823882796245,0,1,6,6,6,10.881106647415182,1,6.0,-1.0,-2.91279521309592,57.5704364468841,0,Dropout,1
0,9,3,4,1,1,140.3247054213364,9,4,2,3,7,124.14378838993278,1,0,0,0,0,1,29,0,2,6,7,5,6.724063254824259,0,2,4,4,4,11.14434045185556,0,14.207021959624557,1.7181545277502526,1.124479648650726,46.44101488416619,0,Dropout,2
0,2,5,8,0,6,96.07605818942692,11,2,5,0,0,146.0295638788189,1,0,0,0,0,1,33,1,2,4,4,3,15.248096769063483,0,2,6,7,3,19.96845160940708,1,14.49060489399182,1.2615000080505736,0.4956844580588284,52.12133136953788,1,Enrolled,0
0,1,4,12,0,5,140.05105412421673,1,2,1,9,4,130.5393251355062,0,0,0,1,0,0,48,0,1,5,5,4,5.228411869736344,1,0,3,3,3,7.765214458451004,0,13.711847158420802,-0.5470988283031262,0.9957422554793572,87.35515214631332,0,Dropout,2
0,12,1,5,0,5,138.83699246834394,11,1,3,2,7,153.8691447273082,0,0,0,1,0,0,45,0,2,3,3,3,16.421806979377873,1,2,5,6,5,15.193951786990691,1,6.0,-0.2124258897845892,0.6172423490616447,62.3558792444582,1,Enrolled,0
1,16,8,3,0,2,148.3081041980385,19,1,3,8,6,98.9681281701078,1,1,1,1,1,0,19,0,1,4,4,4,12.590306369201576,1,2,4,5,4,12.29460495684332,1,11.160643675886629,1.184909767583356,2.166039361530076,50.35318969213179,0,Dropout,0
0,2,8,5,1,10,190.0,2,5,4,9,6,131.35690816274925,0,0,0,1,0,1,43,0,1,3,3,3,15.156189824379858,1,1,4,4,2,14.048928709463256,0,13.076145965916549,0.844272364389792,-0.1115830461627245,88.59582299780996,2,Graduate,0
0,13,1,4,0,9,123.19544491032018,14,2,6,5,7,125.6447757394554,0,0,0,0,0,1,29,0,2,5,6,2,14.062047876018529,1,0,6,6,5,10.729171157767928,0,10.047870963344607,3.218644976517028,1.4284684933591894,78.33916803790959,2,Graduate,1
0,8,5,11,0,5,120.64227720434504,4,4,5,7,2,131.44115065366856,0,0,0,1,0,0,49,0,1,3,4,1,14.248899745302865,0,0,5,6,3,13.21019790898634,0,11.1429536818674,3.2026649110772816,0.7425622373711849,58.41580743891477,1,Enrolled,0
0,1,1,16,0,3,145.31967182120565,20,2,5,8,4,95.0,0,0,0,1,1,1,22,0,2,5,6,4,13.365702895619906,0,1,4,5,2,15.33760659590598,0,11.679885001029824,0.4801404431274996,-0.9298550945727472,44.51808559097752,1,Enrolled,2
0,5,8,6,1,11,175.1624010734781,15,5,2,7,1,190.0,0,1,1,1,1,0,40,0,2,6,7,6,13.985606138868338,1,1,3,4,1,11.518146087399575,0,7.520811807251865,3.3054114833155195,-0.4355706538439632,65.15282959045837,1,Enrolled,2
1,10,7,16,0,7,149.76301302510495,2,6,6,4,4,95.0,0,0,0,1,1,0,35,0,2,4,5,4,13.161297547391625,0,0,6,6,5,7.158830219884722,1,11.41002415573682,3.440387282646381,2.45627677453285,75.05882766007548,0,Dropout,1
0,3,8,1,0,6,127.46188255784632,16,2,1,5,4,151.90516675004704,0,0,0,1,1,1,32,0,2,6,7,4,8.182342956180076,1,1,6,7,6,4.749834657808289,1,7.043098856640713,1.8515269644602144,2.28302411004395,72.012492511613,0,Dropout,1
0,11,2,16,1,11,156.66691204635913,4,1,6,9,1,107.6520305650174,1,0,0,1,0,0,44,0,1,4,4,2,11.621495014907753,0,1,3,4,3,13.367039806271874,0,9.691917791072749,0.3828989622645287,2.1299702833263017,90.4230755376828,2,Graduate,0
0,5,5,10,1,6,174.4648735451434,2,1,1,1,9,108.88217159058031,0,0,0,1,1,0,49,0,0,6,6,6,20.0,1,0,3,3,2,15.404490261134692,1,8.27045300773288,1.642940610697298,0.4961310450489876,92.9612315648662,2,Graduate,2
0,12,4,14,1,5,118.086635795063,15,5,4,8,5,143.4505711272273,0,0,0,0,0,0,29,0,0,5,6,3,14.099405472820871,0,1,3,3,3,12.619425041262534,1,12.626181021498502,-1.0,-3.2379505264234982,87.02474199461025,2,Graduate,2
0,12,8,13,1,4,112.9848935290867,19,5,3,5,0,157.28117522165516,0,0,1,0,0,0,41,0,2,4,4,4,16.998573470506166,0,1,4,5,3,15.739518640497378,0,12.006462924837976,0.7946213199003229,-2.1950039515181734,94.0325014711878,2,Graduate,0
0,13,3,13,0,6,136.22898896765753,19,1,6,7,7,113.11310720591604,1,0,0,1,1,0,43,0,2,6,7,6,9.55899905806602,0,0,5,6,4,9.904001552239755,1,11.702137292023286,1.819732699979462,0.3267358178780808,61.949982228860286,0,Dropout,1
0,14,1,15,0,7,141.62526994903294,16,1,2,6,0,112.29863606760244,0,0,1,1,1,0,23,0,2,3,3,2,9.498065778428453,0,0,4,5,3,9.784577881084902,0,10.84574636824533,1.9626076523649307,-1.931989408190292,61.46765050543057,0,Dropout,0
0,4,6,4,0,8,165.44924030118327,12,2,4,9,2,107.62750273724818,0,0,0,1,1,1,21,0,0,3,3,2,8.78791651381443,1,1,5,6,5,9.488462490911113,0,11.3077731012571,0.9663001856916767,2.860560972368414,79.4540815962072,1,Enrolled,0
0,3,3,15,0,2,124.6870512595591,3,5,1,1,0,145.36767611884403,0,0,0,1,1,0,47,1,0,6,6,4,8.338808533642375,0,2,6,7,6,7.667110811463798,0,16.02647294305703,1.584174174123421,-0.6563912670027963,64.64153963485744,0,Dropout,1
0,17,4,6,0,4,143.84133770577122,20,6,6,1,1,113.82012520290772,0,0,0,1,1,0,39,1,2,5,6,5,7.3216052613543425,1,2,5,5,3,4.66028161710609,1,13.972988837182278,0.2771069152161531,0.3055755882190495,63.61379222239045,0,Dropout,2
0,8,4,10,0,11,169.25177381970485,15,2,2,4,6,172.21780487008482,0,0,1,0,0,0,26,0,1,6,6,6,13.816250960869215,1,1,3,3,3,15.769756186272677,1,7.115234057873174,3.1891929317266685,3.5,89.97738532572504,2,Graduate,2
0,16,2,15,0,7,139.92753584736647,7,1,5,2,6,111.15541312452213,0,0,0,1,1,0,48,0,1,3,3,3,11.75463407631626,1,1,4,4,3,7.045324385098778,0,8.39760980075101,3.2374690897080924,2.655170156406177,97.41121379696573,1,Enrolled,0
0,11,4,1,0,3,126.30520673386552,9,4,3,0,4,153.545020682925,0,0,0,1,1,1,46,0,0,4,5,4,16.064232091416024,0,2,3,3,2,17.717375068906666,1,9.374100872835845,2.3525826322168237,1.423386435228797,73.91927467432735,2,Graduate,2
1,5,4,5,1,5,147.54433522151015,15,5,1,9,4,178.61686700290596,1,0,0,0,1,1,47,0,1,4,4,3,11.91361230265727,1,0,6,6,3,14.473844039010508,1,9.27295101254412,1.1787622958564254,1.1980173302370103,75.17177174851957,1,Enrolled,0
0,16,1,9,0,10,127.73199852839858,20,2,1,2,6,141.72052161493826,0,0,0,1,0,0,34,0,1,6,7,6,4.588660731565408,1,2,4,4,2,10.1305268666279,0,7.519073998409066,0.5116956790750731,-0.56113732300843,62.77059946965535,0,Dropout,2
0,9,3,14,1,7,142.42767922042603,13,5,4,6,9,95.24091732824654,1,0,0,1,1,1,18,0,2,4,4,4,14.55265880224486,0,2,4,5,4,12.367178505256998,1,11.76007064966154,2.514969782938401,2.1701415871716465,78.1599753129012,2,Graduate,0
0,13,6,11,1,9,130.89901625844075,7,4,3,9,9,150.00171703350594,0,0,1,1,0,1,30,0,1,3,4,3,5.893552484643582,1,0,3,4,2,4.193074532957817,1,9.816819896202793,1.7214937224607187,1.1828786597834138,60.00794712125631,0,Dropout,0
0,8,1,6,0,6,131.82454801656414,16,6,1,8,4,133.8420480099183,0,0,1,1,1,1,29,0,2,4,5,3,13.750380215835898,0,1,4,5,4,13.583700130459494,1,10.652575244948586,0.2977035745797358,0.5561668985526445,75.88441527120591,2,Graduate,0
1,5,1,16,0,2,126.13733338862608,10,3,1,3,7,138.95893954497046,1,0,0,1,1,0,45,1,2,6,6,5,10.30024862534438,1,0,3,3,3,9.947088495314013,0,6.0,2.770137663193971,1.9538602929959352,84.00513803207198,1,Enrolled,2
0,9,7,9,0,9,122.3784528938885,2,1,1,7,2,179.65112141973484,1,0,1,1,0,0,28,0,2,6,7,5,13.813785117801103,1,1,5,6,3,15.600343073420676,0,6.0,0.962995101422916,1.9861039483992136,66.66943722962824,1,Enrolled,1
0,6,5,3,0,6,156.8676499919856,19,4,4,5,1,141.28936477381663,0,0,0,1,1,0,18,0,2,6,6,6,7.947335049565153,0,1,6,6,5,8.953495343040391,0,8.376416854056057,0.4635117951339473,-0.9483513786591372,93.03238614282516,2,Graduate,1
0,2,8,8,0,10,139.17948170804618,6,3,1,3,9,152.83581028748324,1,0,0,1,0,1,48,0,1,3,4,3,15.72413933450928,1,2,3,4,2,14.54443389915815,0,11.823856997174026,2.635987850939346,2.450085765910745,73.08615435089845,2,Graduate,0
0,7,6,17,0,2,163.02371781618112,21,2,4,2,3,123.44872611004254,1,0,0,0,0,0,29,0,0,5,5,5,13.131633062063084,0,0,6,7,6,12.586419531072409,0,11.434080809930292,0.55368827041827,0.6459936703744121,50.90010041619833,0,Dropout,1
0,17,5,9,0,1,90.0,18,4,5,4,6,132.98460596914163,0,0,0,1,0,1,43,1,1,4,4,4,11.79528922341814,1,1,4,4,2,13.828591185047893,1,13.022537144186083,1.6508595802024717,0.9498210477793008,69.60775224972062,1,Enrolled,2
0,12,2,17,0,4,123.5642497806612,2,3,5,2,8,168.0797501860263,0,0,1,0,1,0,33,0,0,6,7,6,7.068373163014993,0,0,6,6,6,3.602883388105827,1,7.897750699929115,3.039746059055055,-1.5681440304987448,73.90968166619967,0,Dropout,1
0,1,6,5,0,2,118.70486481997445,21,4,5,7,2,143.4081858011421,0,0,0,0,1,0,47,1,0,5,5,5,19.33687194473045,0,1,6,7,4,18.45262491091501,0,12.057035095059614,2.9193645016445497,-1.5134918669126962,76.98840527368155,2,Graduate,1
1,15,2,11,0,7,129.41316053353475,21,3,5,5,2,147.1364873170345,0,0,0,1,1,1,40,1,2,6,7,5,9.826225495676733,0,0,6,6,5,10.913033752304036,1,14.590677939477125,1.909960362469062,-1.818683224201622,94.28062947310497,2,Graduate,1
0,11,4,6,1,11,112.2960504915478,1,2,2,5,6,165.0277992434045,0,0,0,0,0,0,22,0,1,6,6,3,13.920292725663836,1,0,4,5,4,10.953620881226932,0,12.779813216177494,0.0928377039844419,3.5,50.19185257690288,0,Dropout,2
0,10,2,14,1,7,99.64004029666133,15,2,2,6,0,180.75492000440127,1,0,0,1,1,0,35,0,0,3,4,3,9.678923693983386,1,1,5,5,5,0.5265208281169791,1,6.122893440725475,0.903115332384358,3.5,73.15961087640781,0,Dropout,0
0,16,7,3,1,3,149.78960227806806,10,2,5,6,6,111.10434023896669,0,0,0,0,0,1,46,0,0,3,4,1,20.0,1,0,5,6,5,20.0,0,13.323522581765165,4.0,-2.263182222197197,85.2525904135723,2,Graduate,0
1,9,2,17,1,11,121.94948722977334,3,2,6,7,1,127.7109985962356,1,1,1,1,1,1,23,0,1,5,5,5,13.52297479742436,0,1,5,5,2,13.171791792501136,0,10.978887128042327,2.6372747725971784,-1.9257672929434493,79.408205273514,1,Enrolled,2
1,12,4,4,0,10,147.22449562085492,10,2,5,4,9,176.45188487602653,0,0,1,0,0,1,26,0,0,6,7,5,10.84859272611902,1,1,3,3,1,7.404675401468229,1,11.362445883525483,1.2226782167824175,-0.1221365846869917,58.12457534943326,0,Dropout,2
0,15,8,8,0,1,109.07721057526535,3,6,3,4,0,189.8123852172494,0,0,1,0,0,1,48,0,1,4,5,3,15.120155791425152,1,0,3,3,2,17.121204049708965,0,17.486737683564535,-0.0113596860641493,2.7928334862920843,62.91572770007644,0,Dropout,2
0,16,3,6,0,2,99.00781125867226,6,3,1,5,9,133.45110921853447,0,0,0,0,0,1,44,0,2,4,4,1,15.625216289873531,1,2,4,4,3,14.804445897449272,0,10.739761472312622,-0.7799830071781702,1.925353403894108,96.42475282249929,2,Graduate,0
0,1,7,11,1,8,140.30695586993352,2,2,6,3,8,146.78334505363236,1,0,0,1,1,1,31,0,0,4,5,4,14.381096273753924,0,0,5,5,4,11.494059052317446,1,11.89363366950976,2.95819435263915,3.5,69.71050890373249,1,Enrolled,0
0,6,4,1,0,4,148.91903429331754,9,4,3,1,0,148.77963393901945,0,0,0,1,0,0,46,0,2,5,5,5,11.867688947951638,1,1,6,7,5,12.492010800536494,0,10.281359279855131,2.982065483452893,0.2518064766590975,62.80374014126017,1,Enrolled,1
0,13,4,15,0,3,121.45779365864983,8,4,3,1,7,145.8571286525539,0,0,0,0,0,0,45,0,0,3,3,3,14.541775104112682,1,1,5,6,4,14.370658059640636,1,9.27021204428008,1.4542028470448585,-0.4552011210478075,75.18802676508389,1,Enrolled,0
0,1,3,16,1,10,112.6244060773856,21,2,3,1,9,146.18971206926392,1,0,0,1,0,0,38,1,2,5,5,5,12.456304560593969,0,1,3,4,3,10.623332524625468,0,11.093741536302094,1.0068067142174075,0.9006523186365216,74.69213183873285,1,Enrolled,2
1,13,4,2,1,7,162.48399751203655,1,4,3,1,6,174.12143468964186,1,0,1,1,0,0,20,0,0,3,3,0,12.91147382411848,1,0,4,5,2,10.687441916550268,0,8.688614328942993,2.8610964715643554,0.4871412649648837,38.71737019139249,0,Dropout,0
0,5,5,13,0,10,133.74097902742346,17,2,6,4,9,95.0,0,0,0,1,0,1,36,0,1,4,5,2,10.2510580233707,1,2,5,6,3,7.3857090793923055,1,10.436516966777384,-0.2745879020678694,0.7509053183697518,66.8865136124206,0,Dropout,0
0,3,2,12,0,4,113.04122766796682,13,6,3,1,8,123.61871775973776,1,0,0,1,0,1,48,0,2,4,5,3,7.877973453936494,0,2,3,4,3,9.416853792637047,0,9.094911143959685,3.8979021278641928,0.9923940474559094,38.82600123546084,0,Dropout,2
0,12,8,14,0,2,102.0639628301019,5,4,3,6,4,155.96848198692825,1,0,0,1,1,1,20,0,1,3,4,2,14.97136450288342,0,1,3,4,1,11.5504733086042,0,6.0,2.385372270524364,3.5,46.28057004718784,1,Enrolled,0
1,10,4,1,0,3,119.85479792163174,7,5,5,3,2,127.5942359877993,0,0,0,0,1,0,43,0,0,4,5,2,15.122050641714836,1,1,6,7,5,12.828284190517316,1,8.524785880396623,-0.0035554839357279,1.0163814001054172,62.40108563485821,0,Dropout,1
0,9,8,11,1,4,126.3249323001577,9,1,3,9,0,147.16175216083798,0,0,0,1,0,1,33,0,2,5,6,5,17.538235694717606,0,2,5,5,5,17.491121431466517,0,12.866636649753469,2.4431711857516207,-1.1138132917791344,86.99115178768048,2,Graduate,1
0,17,1,4,1,1,151.7829306574716,14,4,6,4,1,167.16429762326305,0,0,1,1,1,0,28,0,2,3,3,3,13.169801317768457,1,1,6,7,6,16.517009536059092,1,11.55925503351823,0.6798810109551916,0.2770516980610689,70.44763977907084,1,Enrolled,0
0,6,2,13,0,8,134.63274873023911,19,4,2,1,5,180.00322748601167,0,0,0,1,1,1,38,0,0,4,5,2,12.244932022803075,0,1,5,6,4,12.277181989116633,1,9.297210227322834,-0.1029363246867738,2.1062328425142285,55.52333658624501,0,Dropout,0
0,14,7,6,0,11,132.0192432902671,1,6,6,0,7,146.93616456526985,1,0,1,0,0,1,33,0,0,6,6,6,8.0656548406279,1,1,4,4,2,9.236087957991106,1,10.295738166918156,2.4390507546303013,1.880682394969926,87.5404898905017,0,Dropout,2
0,3,5,5,1,8,114.8620632394408,3,1,1,8,8,177.23758409043077,0,0,0,0,0,0,26,0,0,4,4,4,12.861666538423115,0,1,5,5,3,12.817189037776386,1,7.583604895279704,0.1744890857649019,1.7825664297282349,53.8747307486399,0,Dropout,0
0,7,5,4,1,5,165.37728730733437,16,5,6,5,7,143.54658245517825,1,0,0,1,0,0,17,0,1,6,7,6,14.260693477166257,1,2,6,7,5,16.226785646996383,0,7.906547970412562,-0.1036419613899963,-2.2581872906098406,77.13303508264022,2,Graduate,1
0,9,7,13,0,6,156.48270328113372,8,1,6,4,1,132.4116498320563,1,0,0,1,1,0,38,0,2,4,4,3,6.630914760307388,0,2,6,7,6,11.174821561284649,1,10.020048350920758,2.081638352728956,-2.007019464838653,56.56314758837947,0,Dropout,1
0,15,7,13,0,4,154.72738876365543,7,4,2,4,0,101.42207862972126,0,0,1,1,0,1,42,0,2,6,7,5,16.74157801218971,1,2,3,4,3,15.347264073722588,0,9.352715804343603,1.37568853394565,0.5635646066309917,74.99219788948821,1,Enrolled,2
0,16,4,8,0,11,133.66121897967588,21,2,4,1,9,114.91776272260763,1,0,1,1,1,1,34,0,1,4,4,4,10.507868798272938,0,0,5,5,5,10.24297084329254,1,7.739293924589482,2.713823236769825,1.6029342809099036,92.76060343155552,1,Enrolled,0
0,17,3,15,0,3,143.8225235926533,11,5,2,7,3,140.11789902293228,1,0,0,0,0,1,30,0,2,6,7,5,12.313649012590032,1,2,5,6,3,12.447469077926272,1,9.799921726269991,1.1397499695667468,-0.6959006000955719,72.82055539645316,1,Enrolled,1
0,6,1,1,1,3,90.0,15,4,4,3,4,140.64123872972746,0,0,0,1,1,0,45,0,1,3,4,1,15.092197276177668,0,1,4,5,1,16.116722440386766,1,6.661981359807145,1.0319234137611757,3.4896124877829795,57.4081460578161,1,Enrolled,0
0,1,4,11,1,4,139.4538298558187,13,2,5,3,9,145.73604757301416,1,0,0,1,0,0,28,0,1,3,4,0,12.974403869061826,1,0,3,4,3,13.005441310445912,0,14.722630011525665,-0.9440262627866184,1.7734224333537902,65.53777020775783,1,Enrolled,0
1,15,3,16,0,6,177.30339728368685,20,2,4,7,5,185.91234299849376,1,0,0,1,0,1,28,0,0,6,7,5,17.911764050805807,1,1,6,7,4,16.252411274890996,0,12.686785925685804,2.102786507876237,-0.1326939524092296,69.73987206145226,2,Graduate,1
1,3,5,10,0,2,122.23215974292978,6,6,3,3,3,158.77819578548852,0,0,1,0,1,1,23,0,1,4,4,2,15.200821527746475,1,1,5,6,4,14.883081878815002,1,6.0,1.478626256957566,3.5,68.7493839293518,2,Graduate,0
2,17,2,7,1,6,113.31669916238832,5,5,3,0,4,160.11165226715687,1,0,0,1,1,0,45,0,2,5,5,3,12.4808376279458,1,0,3,4,3,18.26001848427436,1,12.515756122203245,2.92592751179468,-0.0379799788522333,42.70092822072239,0,Dropout,2
0,6,7,8,0,8,131.86762910517982,4,4,3,3,7,185.6994562288893,0,0,0,1,1,0,27,0,2,5,5,5,2.079126585855395,1,1,4,5,3,2.5638360161653297,1,8.88144168606702,2.411899557982028,0.1350791399327903,52.28068043479544,0,Dropout,2
0,4,5,16,1,9,116.04835703112025,19,3,4,9,9,131.0888369793962,0,0,0,0,1,1,49,0,0,5,6,5,16.486653348833567,0,1,3,4,1,11.409727259653216,1,8.359949917122819,1.898512286107528,0.0511002793422701,90.0364937735261,2,Graduate,2
0,8,4,10,0,4,114.66910783775708,15,2,6,0,2,127.27725488212504,1,1,0,1,1,0,22,0,2,5,5,5,8.87155042410813,1,0,5,5,5,7.584315475623726,0,12.259040384767973,0.6231119037224283,0.8751956197212083,80.99791901260969,1,Enrolled,1
0,4,3,4,0,5,140.83017936671106,21,6,4,5,0,170.56140239010233,1,0,0,1,1,0,31,0,1,6,6,6,15.981527240026193,0,2,5,6,2,15.715015064327872,1,9.570800590685328,1.001590395360588,-1.13456477746693,37.42109964851726,0,Dropout,1
0,2,7,12,0,8,153.1389645657415,5,1,4,1,8,152.1458286731476,1,0,0,0,0,0,48,0,2,3,3,3,14.715662459489357,0,1,4,5,4,14.06422635641474,1,8.838591830490586,2.159116418667642,2.1269109527937333,53.73287880677584,0,Dropout,0
0,10,4,16,1,10,141.02922663486254,11,3,1,8,8,138.89134469617284,0,0,0,1,1,0,27,0,1,3,4,3,12.304249065700136,0,2,4,4,4,11.833153143638071,1,6.014089790839526,1.4380575656359085,2.374668721797597,77.29812383625925,1,Enrolled,0
0,12,8,16,0,2,109.78124450412226,18,6,1,9,1,138.48601623436332,0,0,0,1,0,1,39,0,2,5,5,5,16.336519390058818,1,1,4,5,4,16.75218692800617,1,12.746730219544258,3.2018225597429346,2.000836661647144,51.41500245555751,1,Enrolled,1
0,1,5,13,0,10,120.27736415755612,10,1,1,3,2,135.7007582122653,1,0,0,1,0,1,42,0,2,3,3,3,14.823639151484892,1,1,6,7,4,15.795168075175948,1,13.109548419127286,3.077533643492043,-0.015595594178139,77.72257586318865,2,Graduate,0
2,12,8,16,1,2,142.06370825383144,16,5,3,7,7,137.47508396451423,0,0,1,1,1,1,45,0,0,6,7,6,14.149268383667351,0,1,3,3,3,14.496359398838417,0,10.48393246060877,1.19953093910569,-0.0074699755646635,78.03279097184095,1,Enrolled,2
0,10,1,15,1,9,149.46287616353027,4,6,5,1,2,139.93017318344954,0,0,0,1,0,0,20,0,1,5,5,4,6.992855116129752,0,0,3,4,1,9.069416479055167,1,6.502404984745315,1.6119654417477152,1.903577104087954,34.38764718110905,0,Dropout,2
0,12,5,8,0,11,130.42361299010864,19,2,2,4,2,132.56362675338437,1,0,0,0,1,0,33,1,0,6,7,4,13.139468838303634,1,2,3,3,2,9.101094772810995,0,10.907768635713907,0.5467185496321454,1.188135864899284,64.3184808893185,0,Dropout,2
0,3,4,15,0,6,115.34710889629876,5,2,1,7,5,153.88528814623197,0,0,0,1,1,0,29,0,0,6,6,5,8.650108795845613,1,1,6,7,5,7.718465756571226,1,11.923206767170075,1.3773494240392543,-0.6433146370478704,48.06455309614243,0,Dropout,1
1,7,3,7,0,10,152.03727087932074,15,5,2,0,5,158.6635413246819,0,0,0,1,0,0,31,0,0,4,4,4,9.164217771153591,1,2,3,4,1,9.949885944012976,0,9.920356835887468,2.6398614474389444,-2.8433930701747734,51.35614326411579,0,Dropout,2
0,1,4,14,0,9,174.8743903738479,6,2,1,5,6,125.88287207138242,0,1,0,1,0,1,45,0,0,6,6,6,11.736001478858595,1,1,4,5,4,12.07640902799066,1,12.644711428414276,0.8473381279126043,0.0894364384239806,99.31066637325078,2,Graduate,2
0,13,8,6,1,10,159.72374873771216,2,6,4,1,9,162.56551696831568,1,0,0,1,1,0,45,0,1,4,5,4,18.121961067918534,0,0,3,3,1,16.191212556682125,0,10.508640876036123,1.0596749941504822,1.7396433765745027,56.42768258599836,1,Enrolled,2
0,9,2,13,1,7,178.65713260122254,10,3,4,4,3,108.21570372333672,0,0,0,0,1,0,27,0,1,5,6,5,14.2788677452675,1,2,6,6,6,12.649130888109289,0,10.912282981413554,0.0977217550607079,1.6908026823854878,46.674916347958174,1,Enrolled,1
1,16,2,12,0,5,121.3295019104791,20,6,3,0,4,152.5939328354051,0,0,1,1,0,0,48,1,2,6,6,4,14.509439545617695,1,0,6,7,5,12.105133875626224,1,14.44139489905296,0.8239211021294763,-1.9261061623795148,77.97324093882062,1,Enrolled,1
0,15,8,7,1,9,157.69075164223722,6,3,3,3,9,153.84379321771956,0,0,0,1,0,0,18,0,2,3,4,3,15.696493701672122,0,2,3,3,1,17.83815993973867,0,8.52449081378252,2.2363173861564407,2.3071518681941807,87.536428921262,2,Graduate,0
2,15,3,3,0,9,163.34470085082785,19,6,2,2,2,137.90673625811982,0,0,0,0,0,0,30,0,0,5,6,3,9.938618945312536,1,2,6,7,3,5.00836080900123,1,6.0,1.2111401989177335,3.5,47.45925665979399,0,Dropout,1
0,15,7,3,0,2,124.28328012396496,6,5,3,9,1,141.43473786718133,0,0,0,1,0,0,36,0,1,6,7,5,7.48256567266612,0,2,6,6,6,3.9787320539823248,0,9.492937905960344,0.1181879835157009,0.1678656228463563,59.52070324390733,0,Dropout,1
0,10,5,3,0,8,116.8360753364495,15,6,5,4,2,134.1632270376674,0,0,0,1,1,1,38,0,2,6,7,6,6.861060127402372,0,1,3,4,2,7.607665920978136,1,8.308738440570583,1.754521244030776,0.4337254384572447,76.05396385601176,0,Dropout,2
1,15,8,15,1,8,113.85564799263368,1,4,5,7,2,127.30870820644162,0,0,0,1,1,0,27,0,0,3,4,2,13.808748760686722,0,0,6,6,6,14.866686735101842,0,6.0,1.4383721111045278,-0.1417825593520384,89.60269653860823,2,Graduate,0
0,12,4,16,0,2,132.99783735648506,8,2,5,8,1,140.01264754299902,0,0,1,0,1,0,43,0,0,4,4,4,16.453419269980753,0,1,6,6,6,12.192366449537984,1,11.865610217473009,2.8448020848932662,0.1643063987545233,79.58021362083937,2,Graduate,1
0,1,6,13,0,10,101.87473481228758,21,6,3,4,0,126.34251718608294,1,0,0,1,1,1,19,0,2,6,6,6,16.194624229698462,1,1,3,3,3,17.46072360583331,0,10.00250167511868,1.3370033770944616,2.9807510599874165,59.73448082406419,2,Graduate,2
0,13,6,16,0,7,172.1681837559723,11,6,1,8,2,168.488344059329,0,1,0,0,0,1,33,0,1,6,7,5,10.091332530911156,0,0,4,5,4,10.242594115633873,1,6.0,0.3059561764927794,-0.6118237873331205,42.93507933342745,0,Dropout,2
1,17,2,2,1,1,106.7569619623462,14,3,2,9,0,95.0,1,0,0,0,0,1,44,1,2,3,4,0,17.744234365062525,1,2,4,4,2,18.733391377406413,1,14.638539388967397,2.655987504232641,1.236027371261813,57.634279645487965,1,Enrolled,0
0,17,1,6,1,5,144.28011229583348,1,1,6,3,7,136.63559830274878,1,0,0,1,1,1,45,0,2,5,6,3,20.0,1,0,6,7,4,19.881132824527345,0,7.816292387946187,0.336561890946,0.3049271265595909,64.76954126540357,2,Graduate,1
0,7,8,17,0,5,90.0,14,2,2,4,4,95.0,0,0,0,0,1,0,37,0,1,6,7,3,15.12671115771849,0,1,5,6,5,15.890389636668722,0,8.152352250186333,-0.0616927406849066,1.1432943677078722,80.05434210897519,1,Enrolled,1
0,11,2,6,0,10,179.99568975158863,10,3,2,8,5,113.4037592251801,0,0,0,0,1,0,32,0,2,4,4,4,18.20547869545516,1,1,5,6,3,19.055548908246628,0,12.824726869780166,0.2520166113404551,0.2851323901067102,83.52021952342754,2,Graduate,0
1,12,8,12,1,5,162.48762017641354,17,3,6,8,9,125.57977464502764,1,1,0,0,1,0,36,0,0,4,4,4,16.056044615779324,1,2,3,4,3,16.935820653714682,1,11.284593940976626,0.7670824022428945,2.277338595673988,84.44709689763323,2,Graduate,2
0,9,5,12,1,2,99.93650141583362,11,3,1,1,6,173.48968457789073,0,0,0,0,1,1,22,0,2,3,3,3,12.1959954229421,0,1,3,3,2,12.506159699174942,1,13.275623995196836,-0.7684373973332872,2.6736561830070373,70.82784107666197,1,Enrolled,0
0,15,3,17,1,3,141.71100510004203,10,4,3,4,6,168.8420274839999,0,0,0,0,1,1,35,0,1,4,5,4,10.673963644243369,1,1,4,5,2,10.16005903990872,1,6.0,-0.5719679572917244,1.4732864064425035,47.61127525544043,0,Dropout,2
0,1,1,2,1,6,129.68580979002124,15,5,1,7,3,141.81731054189692,0,0,1,1,1,0,21,1,1,6,6,6,7.354226462134664,1,1,5,5,3,6.8551215166202,0,9.141900608291456,2.436988485865561,0.4121792614057031,85.18946738487872,0,Dropout,2
0,11,4,14,0,1,138.41048107708554,12,4,4,0,5,141.5965667219127,0,0,0,0,1,0,19,0,2,4,5,3,11.443330965331878,1,1,3,4,3,11.71874647428036,1,10.401608175195433,1.2946213337772048,2.216173228990302,55.29923799662871,0,Dropout,2
1,5,4,13,1,6,148.97696456358133,3,6,1,3,7,165.9372054011808,1,0,1,0,1,1,17,0,2,6,6,5,12.171089893620495,0,1,5,6,3,13.934625189242336,1,13.904623100170172,1.301845583475145,-0.5485943834650202,70.35062705372737,1,Enrolled,1
0,7,8,6,1,6,117.38728296923767,18,1,6,7,5,168.28386413810577,1,0,1,0,0,0,31,0,2,3,4,0,12.24845412173322,0,1,5,5,5,16.860306625856403,1,7.466013012993793,1.4323839514897465,1.57312982051351,92.13124358412776,1,Enrolled,0
1,14,7,17,1,7,133.82048285927797,7,1,3,9,6,125.63006759382674,0,0,0,1,1,1,41,0,0,4,4,1,12.605964874131184,1,0,6,6,4,13.627135636555046,1,8.978112194425458,2.176985241451044,-0.1260379150312386,95.89153860497724,2,Graduate,0
0,1,8,9,0,9,95.19084103340336,11,5,6,1,2,156.8190460225167,0,0,0,1,0,1,40,0,1,6,7,6,4.972059624203553,0,1,6,6,5,5.6155785839283965,1,10.422386590621198,0.5171725769951799,1.1869816585183872,95.1017121819012,0,Dropout,1
0,9,6,8,1,9,136.83007775433515,18,6,6,0,8,116.08878526912062,0,0,0,1,0,1,28,0,0,5,5,3,15.726603382928998,0,2,5,6,3,18.46517791714414,1,12.28418397269451,2.17246303354209,-0.9275464709151356,54.27271044711223,0,Dropout,1
1,16,7,14,1,4,90.0,17,5,1,5,9,130.26335186505744,1,0,0,1,1,1,34,0,0,6,6,6,16.13280392622517,1,2,4,4,4,16.823953208827522,0,6.672149067213553,1.6352542543095006,2.930816317422134,56.11054155198676,1,Enrolled,2
0,6,7,2,1,2,163.72748489017525,16,3,3,5,1,154.8550932871511,0,0,0,1,1,1,31,0,0,6,7,6,14.298609255951058,1,0,3,4,2,11.347834796447156,1,12.434947469283992,0.3507727448173297,-1.462285092993029,97.4576094890754,2,Graduate,2
0,7,3,10,0,5,102.77387506303452,3,1,1,0,7,123.55750707054756,1,0,1,1,0,0,32,0,1,3,3,1,8.907290876819683,1,1,3,3,2,6.773964143249971,0,8.229733758986752,2.230806343140109,0.5684952935745797,72.25839271297191,0,Dropout,0
2,1,1,3,0,1,141.47502347877804,13,3,1,2,7,131.1252399884955,0,0,1,0,0,1,43,0,1,6,7,6,14.284450147928592,0,0,4,5,3,18.556749335944904,1,11.126049401590906,1.5687256042700524,-1.858646578687159,84.21928478459341,2,Graduate,2
0,16,1,17,0,5,153.22982966501095,8,5,2,9,1,98.53159370395964,1,0,0,1,1,1,24,1,0,3,3,1,13.07913508335094,1,0,6,6,5,10.995551580572124,1,9.42097748924629,0.2441359594101395,2.892596143469696,36.97099590871317,0,Dropout,0
0,13,1,7,1,10,176.0113024356637,5,1,2,7,8,151.270524690577,0,0,0,1,0,0,41,0,1,6,6,5,14.660689436876842,1,2,6,6,3,15.786057748494246,0,10.824867123037931,0.3351911975321777,3.5,88.50183600158277,2,Graduate,1
1,3,3,12,0,3,174.01362240095662,7,3,2,8,2,117.93599473156452,1,0,0,1,1,0,33,0,1,6,7,4,18.42892906313245,0,2,4,5,2,15.657163774197326,0,10.636279816179346,2.0757196188629217,-1.3437371984375637,63.67816180323185,2,Graduate,2
0,17,3,7,0,7,165.6658555276456,19,2,3,7,9,119.47170098779738,0,0,1,0,1,0,45,0,1,6,7,3,12.375358519549428,1,0,4,5,4,15.286092877200163,0,13.831033789256027,2.717369651619784,1.38368739397862,83.68617478581706,1,Enrolled,2
0,11,4,3,0,7,134.64713184910858,19,6,5,0,5,173.88090441929558,1,0,0,1,1,0,24,0,2,3,4,2,13.635339238613266,1,1,6,6,4,12.184914317255956,0,9.293077505088036,1.8391459084503976,0.2675009538383638,68.62733912535451,1,Enrolled,0
0,17,7,6,1,3,159.5444071766702,12,2,5,3,3,122.81658890196816,0,0,0,0,0,1,31,0,1,6,7,6,9.974734741509872,1,2,5,6,5,9.881683583163923,0,9.092900766448455,2.567246505912496,1.7217241932214344,64.93274265931603,0,Dropout,1
0,12,2,3,0,5,141.07094858775454,9,3,5,8,4,158.81216384529776,1,0,0,0,0,1,43,0,1,3,4,3,16.225867118171486,0,1,6,7,5,15.355264748875056,1,13.205153619742516,2.979204242137759,3.5,80.27454171203773,2,Graduate,0
0,12,5,4,1,9,142.94622295791703,17,4,5,0,2,167.4807086347587,0,0,0,1,1,0,23,0,1,5,6,5,15.459578350632988,1,1,5,5,2,16.421744931371187,1,14.2008859994695,1.2297767736893848,1.4937478149871382,69.44247863394472,2,Graduate,2
0,16,4,16,0,4,121.35521576556248,10,3,3,3,9,162.9324624152328,0,0,1,1,0,0,19,0,0,3,3,3,13.757961914984024,1,0,3,3,3,13.886824541392324,1,8.811187904320464,1.6974755152386989,-0.5780318729128526,70.18672300885649,1,Enrolled,0
0,1,6,15,1,2,173.31289489934846,18,1,2,9,7,133.77105171084793,0,0,0,1,0,1,45,0,2,5,6,3,9.314041909830255,0,0,3,3,1,11.288952253358495,1,12.077030833980338,2.3031615627631323,-0.442814155556724,55.83886577212268,0,Dropout,2
1,13,6,1,1,3,117.33685941164606,1,5,2,6,9,129.32010668137497,0,0,0,1,0,0,40,0,2,3,3,3,10.608438349034405,0,1,5,5,3,11.946605571166572,0,7.438360996540684,0.1232797888432759,0.1629823467764999,53.28868922753682,0,Dropout,0
0,2,6,2,1,11,111.45109015864293,15,3,2,6,9,117.16709013821298,0,0,1,0,0,0,19,0,0,3,3,0,6.590594767658932,1,2,5,6,4,6.9951735215752,1,12.094510221045166,2.7410919518754264,-0.5099279866197468,71.40176375196786,0,Dropout,0
0,16,7,1,0,1,143.9682044222954,11,1,3,6,7,95.9623150554669,0,0,0,0,0,1,36,0,1,6,6,5,10.567140682732155,0,2,6,6,6,11.895607463199251,1,12.760314037033329,3.136000822528876,2.16840814962116,59.49353707966843,0,Dropout,1
1,7,1,4,0,5,95.57471795477665,4,1,1,9,6,159.30570253538974,0,0,0,0,0,0,31,0,1,4,5,4,15.482785881041943,0,2,4,4,4,16.933709555161155,0,9.174384503774338,0.6142129489810684,2.3217963874616814,65.69944667788418,2,Graduate,0
0,2,2,6,0,9,137.58631327789428,6,2,4,3,6,156.92984996332973,0,0,0,1,0,0,41,0,2,4,4,4,14.385166314903245,1,2,5,6,2,13.091518390441657,1,13.332516894651048,4.0,3.0673326113018677,66.13323139167889,1,Enrolled,0
0,17,8,11,0,2,170.9619003680109,13,3,6,7,1,151.92437546661702,0,0,0,0,1,0,46,0,1,6,7,6,13.558907864235126,1,1,3,3,3,12.074635018898595,1,9.211880854765257,2.4534555434567573,0.0354345992916349,93.1075357210452,1,Enrolled,2
0,16,5,12,1,3,144.13190647279765,8,6,3,2,9,95.0,0,0,0,0,0,0,30,0,2,5,6,5,18.195046818214117,0,2,6,7,5,20.0,0,10.072103560556275,1.3168573854062309,2.877661532454292,55.70962002222549,2,Graduate,1
0,16,1,8,0,3,135.69562339669392,7,4,6,8,5,135.56965739798855,0,0,0,1,0,1,23,0,0,6,6,5,14.065854122655432,0,2,3,4,3,15.531561980514804,0,11.17338449674404,-0.992691520965097,3.5,66.31173806384675,1,Enrolled,2
0,1,3,14,0,7,116.52019938988214,5,4,6,5,3,155.7384119047549,0,0,0,0,0,0,33,0,2,4,4,4,10.979958068553437,1,0,6,6,6,11.690956870873844,0,7.119741838000227,1.389880684626211,-1.587680544198477,83.84139887728416,1,Enrolled,1
0,5,2,10,0,10,101.9499904345567,5,5,1,6,8,172.16382802299574,1,0,0,1,0,0,36,0,2,3,4,2,10.550226767567278,0,2,4,5,2,8.246029175897817,0,6.0,2.006360547763689,-0.0770764151918435,58.17074790771556,0,Dropout,0
0,15,8,4,1,7,153.9982814059391,16,5,6,8,4,147.47286521321382,0,0,1,1,0,1,25,0,2,6,6,6,12.188997615810058,1,0,4,4,4,7.418378901099511,1,10.839357747617909,1.869142607576992,0.6053384856799846,90.17264285943408,1,Enrolled,2
0,13,3,15,0,11,135.6157865077556,6,2,2,3,5,144.84731290254868,0,0,1,1,0,1,38,0,2,5,6,3,11.424317488448134,0,2,3,3,0,10.392645957421111,0,7.774200222657604,-0.0727768253518634,2.2801226924823377,63.56589547911285,0,Dropout,2
2,5,5,16,0,1,148.73963602151042,16,3,2,4,6,123.0289363908613,0,0,0,1,0,0,18,0,2,6,6,4,16.335435232579766,1,0,5,5,4,14.903787441085193,0,6.337839482839399,0.7063307140391009,3.2122424079133856,83.30438030666079,2,Graduate,1
1,5,6,14,0,3,90.0,15,5,5,0,1,149.46388979547407,1,0,0,1,0,0,40,0,0,4,4,4,14.475065139555666,0,1,5,6,4,13.3992514962341,0,12.306991799203097,2.316217289938219,-2.3150055799329934,80.1925625595134,1,Enrolled,1
0,16,5,15,0,1,151.10383349541044,6,3,5,9,0,134.07917277789625,0,0,0,0,1,1,24,0,1,3,4,3,11.881144123891866,0,2,3,4,3,13.713285222396278,1,14.55051428742942,2.2111685786625883,-0.4052263767492494,85.83548441603895,2,Graduate,0
0,11,1,17,0,9,178.68715008620748,21,6,6,7,5,121.76586623410134,1,0,0,1,0,0,27,0,1,4,4,3,12.01438668798162,0,0,5,6,2,15.532909709892502,0,12.571795090046688,2.630647086537106,2.8619097072379223,93.3098544721851,2,Graduate,0
0,11,3,12,0,7,164.5087292465303,8,4,1,1,8,111.06436758975596,0,0,1,1,0,0,29,0,2,4,5,1,15.461346050878442,0,2,5,5,5,17.935011505765058,0,6.446249922218232,1.642489560898154,-0.7336233867880162,41.2474120883052,1,Enrolled,0
1,3,4,13,0,5,141.52650518335315,3,1,4,4,6,116.35710186926472,0,0,0,0,0,1,33,0,1,4,4,4,16.538297378185433,1,1,3,3,2,14.724005086563944,0,10.53478537526988,1.4619364619533148,2.236781664260496,79.12385917042225,2,Graduate,2
2,10,6,14,0,7,112.02160415566446,9,4,6,4,8,148.12301565925642,0,0,0,0,0,1,24,0,2,4,4,4,6.548094218663975,1,1,3,3,3,7.593529084982749,0,9.071580386444197,2.1138188104246227,1.8324086916375544,85.9663985050627,1,Enrolled,2
0,2,7,11,1,3,137.67952608921516,21,2,6,9,2,105.30306342781572,0,0,0,1,1,1,37,0,1,3,3,3,12.400756236762607,0,1,4,4,4,10.882454896490628,1,7.441532473212984,1.61329538111388,2.19909517025322,94.45097766481749,1,Enrolled,0
0,17,4,11,1,3,138.38993672612136,9,3,1,3,4,132.6473057269013,0,0,0,1,1,1,34,0,1,4,5,4,13.320219992403525,1,1,3,4,2,8.417440661353357,1,10.255378871396758,-0.3360538197505234,2.2220725563322747,35.86286838147493,0,Dropout,2
1,3,3,6,0,1,124.09654483900005,5,1,1,3,5,172.69523323395137,0,0,0,1,1,1,46,0,1,5,5,5,14.918484332038972,0,2,4,5,3,14.427335454940282,1,9.79740665979784,3.324526967821636,0.0320634237966628,55.33947982901263,0,Dropout,2
0,3,8,1,0,5,125.7764282042556,19,1,6,1,5,104.14704006117805,1,0,0,1,1,0,34,0,1,5,5,5,13.395473520112914,1,1,4,5,4,16.24728689275118,0,9.301958344121635,2.6060886934825325,0.3215150101692751,74.20647451562812,2,Graduate,2
1,8,5,8,0,7,181.16844990030333,16,2,4,2,4,151.23144390197183,0,0,1,0,1,1,47,0,0,4,4,3,14.42519970532268,1,2,6,7,5,13.288462284052017,0,12.964333578417252,2.0076746128932323,0.1782458039934098,82.03312642751825,1,Enrolled,1
0,16,6,8,0,3,113.75410300554528,16,1,1,9,1,153.6794870238409,0,0,1,1,1,0,48,0,2,5,5,5,12.170643010195487,1,1,5,5,3,13.9537043305579,0,13.8996031804529,-0.1417875732571736,1.2054630693250044,85.63131658619076,1,Enrolled,1
1,12,2,13,0,5,125.56473155819782,18,3,1,1,9,132.71770533409696,1,0,0,1,1,0,27,0,2,4,4,4,10.179486656613014,0,2,3,4,3,8.215472711840208,1,9.030203109030635,2.505231696343774,-3.0360921014416045,49.971375624055455,0,Dropout,2
0,1,6,14,0,10,147.34437047215454,12,4,3,0,2,155.553379663289,1,0,0,0,1,1,41,0,0,3,3,3,15.744682849949484,0,1,5,5,5,17.16592901389729,0,9.46183066037413,0.9735788294103316,1.6683864342971402,95.39335261928356,2,Graduate,0
0,4,3,15,0,1,182.97999402610645,16,3,4,3,5,135.29906212900994,0,0,1,1,1,1,49,0,0,3,4,1,15.855670961445693,0,1,6,7,6,14.946672192063035,0,9.25740019703484,2.496164092197138,3.5,63.871561145305535,1,Enrolled,0
0,17,7,4,0,7,128.37702110025717,5,5,2,8,8,159.8819202509751,1,0,0,1,1,0,24,0,0,5,6,5,15.281418062591683,0,0,3,3,3,18.78983944541617,1,11.544791892531132,2.155690496449427,1.15520982223621,51.93222962958895,2,Graduate,2
2,4,8,13,1,11,95.42509344712892,3,1,5,5,9,113.29791400981532,0,0,0,1,1,1,27,0,0,5,5,2,15.90426784937422,0,1,3,4,3,14.820961369363893,0,10.994309372484189,1.092165253684091,0.5797880285686005,96.5757818628094,2,Graduate,2
0,15,7,9,0,8,90.0,7,1,2,7,7,187.22624231949203,0,0,0,0,1,0,38,0,0,4,5,3,9.598953539107033,0,2,6,7,6,7.942987879901296,1,7.871245513490265,2.7623563458188176,0.9324007227597364,90.66271609850249,1,Enrolled,1
0,7,1,16,0,8,190.0,20,3,6,1,7,175.9312646617222,0,0,1,1,1,0,40,0,2,6,6,6,11.223977105071558,0,0,5,5,4,14.602696268005426,0,9.61372947079727,0.0697535436133496,1.755236223248786,77.07333129129601,1,Enrolled,1
0,17,4,9,1,1,92.99445506804938,14,6,2,1,7,95.0,0,0,0,1,1,0,33,0,0,4,4,4,16.91953320477511,1,1,4,5,4,15.177437595601338,1,6.0,1.5674538579656876,2.858047210161238,54.982935102609446,1,Enrolled,0
1,9,7,2,1,4,136.67149859537875,16,2,5,1,5,169.310622999188,0,0,0,1,1,1,28,0,2,4,5,3,14.24681593003674,1,1,6,7,5,14.478897447850107,0,6.0,3.490422840876401,0.6778379761384086,45.68542913709546,0,Dropout,1
0,7,6,10,0,9,101.72298773629556,1,6,5,7,2,125.57449867551502,0,0,1,1,1,1,48,0,2,3,3,2,13.196585397634912,1,0,6,7,3,11.472503388778694,1,6.457590755058647,2.0839925559763506,0.4996141812354056,84.66400831146714,1,Enrolled,0
0,4,1,7,0,2,117.64802907584348,5,3,1,0,4,175.81274549556358,0,0,1,0,0,0,31,0,1,6,7,5,12.118375372086495,1,2,3,3,0,14.128617155692211,1,9.245738461482096,2.596163717059831,-1.67307027933791,82.2800827221208,1,Enrolled,2
0,17,2,9,0,1,120.73837974350172,8,4,4,4,7,165.22173756917852,0,0,1,1,1,1,32,0,1,6,6,4,17.437645783098098,0,0,4,5,2,20.0,1,11.83362669116437,1.59519325313145,0.8844711240496332,76.37546103771149,2,Graduate,2
0,15,4,8,0,6,91.98372374294917,2,2,6,3,2,112.82081835709202,1,0,0,1,0,0,38,0,1,4,5,3,6.803481341123214,1,0,6,6,6,4.817161146335178,0,7.652572221708292,1.4742872706226955,-1.3633985791309309,87.36642030254167,0,Dropout,1
0,9,4,1,1,11,161.8186967802987,7,1,6,0,0,154.37713276099083,0,0,0,0,1,1,44,0,0,3,4,3,14.029255369866306,0,1,5,5,5,15.095102508755758,1,9.621673345611098,0.0353169835043003,-0.1851895233226099,65.08671300920045,2,Graduate,0
0,16,7,1,0,11,144.47667611313565,6,6,5,9,0,122.4789253615934,0,0,0,1,1,0,36,0,0,5,5,3,12.766860253980733,0,2,6,7,4,14.064752646578834,1,10.656149253382305,1.3129457170893837,2.37953266636156,52.32750675403025,0,Dropout,1
1,6,4,8,1,1,125.60496093269936,10,6,4,6,6,153.45095909812292,1,0,1,1,0,0,49,0,1,3,4,2,8.616193327273146,1,2,5,5,5,8.631694591216387,0,14.607949682911933,2.3084887823810663,2.637586157386794,98.63828933293296,0,Dropout,0
0,17,8,4,1,6,122.3533166083935,3,1,1,0,5,141.15089525281664,1,0,0,1,1,1,26,0,0,5,5,5,18.65824412646113,1,0,3,4,3,20.0,1,10.167519334024712,0.1872026715578212,1.6338535003432546,60.85214687317193,2,Graduate,2
0,7,6,4,0,1,158.9468449713702,6,2,6,5,4,121.76274723096483,1,0,0,0,0,0,48,0,1,3,3,2,3.582877641937081,0,0,6,7,5,7.077943370863249,1,10.301286822508134,0.344441470992092,2.9860144131581183,81.54966783619001,0,Dropout,0
1,17,8,15,0,6,136.97970167399237,19,2,6,0,7,106.57546798810404,0,0,1,1,0,0,49,0,2,6,7,5,13.42439162534543,1,1,5,5,5,10.992779351256305,1,8.184051999764621,2.003135663550034,-2.1700266080285635,80.87574340062368,0,Dropout,1
1,14,1,2,0,9,180.8847609665364,2,2,2,8,7,145.75181707863632,0,0,0,1,0,1,18,0,2,3,3,3,14.849616621382983,1,1,3,4,1,17.571261892324067,0,15.510081493258085,2.492050798041775,3.5,76.46678844094362,2,Graduate,0
1,15,7,17,1,5,125.15228375842166,19,1,6,2,0,151.6018101607223,0,0,0,1,1,1,49,0,2,4,4,4,9.587287461028556,0,0,3,3,1,10.553826610836309,1,12.293722258346335,3.91810003948719,-0.7279064563283291,84.7932073384915,1,Enrolled,2
0,14,8,8,0,4,144.36274054273716,17,1,5,1,6,136.05383609471707,0,0,0,1,1,0,49,0,2,5,5,5,13.97041103028157,1,0,3,3,1,14.280430104405369,0,6.666645578343493,1.1709775995019298,1.3414406502102607,67.2270210870988,1,Enrolled,2
0,5,5,16,1,8,107.90900677753535,4,6,6,6,1,120.64687577621196,0,0,0,1,1,0,29,0,1,3,3,3,12.214312459378002,0,2,6,7,4,11.333832472132174,0,14.4941337027206,1.20350971650898,-0.3978887440435179,59.85879059229783,1,Enrolled,0
0,7,7,6,1,4,125.46854180576364,3,6,5,0,3,127.91964773542878,0,0,0,0,0,0,46,0,2,3,4,3,16.458172601146696,1,0,3,3,3,12.45244304283652,1,12.150370075004773,2.497904456581871,1.3580020552226486,51.1954062808298,0,Dropout,0
0,12,1,1,0,4,157.82519915362673,14,1,1,6,0,112.59427251866256,1,0,0,1,0,0,49,1,2,5,5,5,20.0,0,1,3,4,1,20.0,0,10.701881709473325,2.1847051124629027,0.8321656429527299,60.85372271603375,2,Graduate,2
0,17,5,5,0,11,160.93401741000528,3,1,4,8,1,158.40257183244165,0,0,0,1,1,0,29,0,0,3,3,3,14.185078124262256,1,0,5,5,5,14.65474709295536,0,11.980939643546286,1.19009973482387,2.847509082788844,59.99106747864556,1,Enrolled,0
1,16,8,3,0,9,175.50888660978177,11,1,4,3,9,95.0,0,1,0,1,1,1,42,0,2,5,6,5,15.114166807824944,1,2,3,3,2,19.801001689595505,0,13.4074943517099,1.466001513539944,3.5,66.87605612953546,2,Graduate,2
0,2,6,2,0,1,144.7913240905207,10,3,6,9,8,163.79312112505156,0,0,0,0,1,1,38,0,2,6,7,4,9.586954188289305,0,2,6,7,6,7.601656740756089,0,7.740945020207736,0.746089031766736,2.387270670950961,99.13619328904866,1,Enrolled,1
0,12,3,2,0,3,162.18673940265924,3,3,3,1,0,138.10155907073042,1,0,0,1,1,0,18,0,1,5,6,5,13.751796552427564,1,2,4,5,2,9.433618542913258,1,8.831112699105296,0.1127263488179011,0.5848141210220603,70.55451262900769,2,Graduate,2
0,17,8,1,0,11,148.7255212876226,9,3,2,3,6,153.04103529325684,0,0,1,1,1,0,42,0,0,5,6,5,11.694459219809003,0,2,3,3,0,8.446526172968232,0,9.884725273282951,1.337837766859376,3.5,50.51982219674776,0,Dropout,2
0,3,4,3,0,4,125.91340235410148,16,2,3,8,3,155.493903101659,0,0,0,1,0,0,31,0,0,6,6,6,15.725837689847612,1,2,6,6,6,19.40389568926821,1,6.2799819139422,3.327173416856124,-2.2546858023060183,51.80658249614076,2,Graduate,1
0,8,7,4,0,8,101.690195356806,18,1,4,7,6,142.93229669910627,1,0,0,0,0,0,27,0,0,3,3,1,8.008862347390298,1,1,3,3,3,6.5893883014815495,1,12.1881452051441,0.6377152358429562,-0.2450195858767954,40.62102210105069,0,Dropout,0
0,5,7,3,0,1,129.90779568458302,5,6,3,4,6,130.2492703335538,1,0,1,0,0,1,19,1,0,3,3,3,9.242711335861811,0,2,6,7,6,12.352274269862754,0,9.17365145996398,-0.2220143618311467,0.3844334396098002,66.8658255300164,0,Dropout,0
0,17,8,8,1,3,109.8035975553814,15,6,4,7,9,167.65332488666562,1,0,0,1,1,0,22,1,1,6,6,6,17.130067594435904,0,1,3,3,3,16.845708946862747,0,8.842969653693505,0.2955499203712755,0.3008213005430942,64.32059955293738,2,Graduate,2
0,14,1,12,0,2,158.20106941433204,16,3,5,6,2,97.1170182787743,1,0,1,0,0,0,25,0,1,4,4,4,13.734958679281736,0,1,5,6,5,10.998242882487794,1,8.07110613416277,2.1379384104749564,-0.5301122763498438,96.701636181027,2,Graduate,0
1,14,2,4,0,6,159.44974107385286,18,2,1,3,1,172.5448191661355,0,0,1,1,0,1,22,0,1,5,6,2,17.63338614452318,0,2,4,4,2,20.0,1,9.897835001909598,2.0145461612226576,2.0527636019939464,60.96501988229748,2,Graduate,2
0,4,2,14,1,9,112.6584382382404,6,4,6,2,2,111.91686531458458,1,0,0,0,0,0,25,0,2,3,4,2,14.273106254560942,0,2,4,4,3,17.267547998875752,0,10.467292224097031,3.024880711855313,0.7961044530432806,85.11664575840524,2,Graduate,0
1,15,7,10,0,10,159.467205079604,4,5,3,0,4,131.85980284565164,0,0,1,1,0,1,47,0,0,3,3,3,14.784226957428244,0,1,6,6,5,14.035434991849398,1,12.988151832079382,2.773878825367333,0.5541174875116377,69.6197476776892,2,Graduate,0
0,2,7,17,0,9,109.03329535398098,13,4,6,2,7,175.78281532253425,1,0,0,1,0,0,48,0,0,5,5,5,11.916738160340715,0,1,6,6,4,14.108732575659689,0,13.072439408763964,1.8570963842276555,3.336798692835531,84.76474943102718,1,Enrolled,1
1,4,5,7,1,10,166.78182582587078,1,4,5,7,8,190.0,0,1,0,1,1,1,28,0,1,5,6,5,12.322304241317235,1,2,4,4,4,12.329960157632948,1,6.598982858046216,2.28066344621137,-0.0035466418085002,93.03856508231009,2,Graduate,2
0,17,5,13,0,5,131.44340444058565,2,5,5,8,3,144.54927729697144,0,0,0,1,0,1,24,0,0,5,6,5,16.375461103421223,1,1,5,6,5,17.16943013988704,0,11.381650803542918,0.600736974674941,2.649760844672564,41.62884787560588,0,Dropout,1
1,3,4,13,0,3,145.09284146573842,15,6,1,8,5,106.1348641460437,0,0,0,1,1,1,24,0,2,4,4,2,12.49867560330254,1,0,5,6,3,16.604479733707066,0,13.689707905654709,2.32711397379086,0.3066910972611684,31.312037082754006,0,Dropout,0
0,16,5,2,0,8,166.88589737703643,4,2,1,4,3,161.34811055071702,0,0,1,0,1,1,44,0,0,6,6,6,17.14237405669011,0,0,3,4,1,13.043288590396044,1,9.332139096121391,1.3694089563210143,0.3456267077099922,92.8775566739736,2,Graduate,2
0,12,2,8,1,9,148.1316614770353,13,5,5,3,8,139.02426809376234,0,0,0,0,1,0,36,0,2,4,4,3,12.615512267682153,0,1,5,5,5,11.418915040711829,1,9.490155846221985,2.520868601360913,-0.5690002576161195,81.66022477837333,1,Enrolled,0
0,3,1,11,1,9,132.06102732819198,14,2,6,5,4,113.44908334311285,0,0,0,1,1,0,23,0,0,4,4,4,8.871261979793607,1,1,4,5,4,8.644289519070457,0,8.809702029050266,2.0024231417991416,-1.8195599395536417,43.25604067910621,0,Dropout,0
0,5,1,2,1,11,154.24268494009627,15,4,5,6,1,145.4792553422608,0,0,0,1,1,1,27,0,0,5,5,4,8.552352407774059,0,1,4,4,4,9.088585428637415,0,11.614653435251956,0.9319716741388484,-0.3905432005704561,85.79120685497065,1,Enrolled,2
0,16,5,12,1,1,113.71585532476304,8,5,3,5,0,107.25651245027636,0,1,0,1,0,1,36,0,1,6,7,6,12.398923968867262,1,0,5,5,5,8.977207993474355,1,10.862020472489682,0.179486894074013,-2.3972533471741557,41.20440410873343,0,Dropout,1
2,7,7,5,0,10,92.56213083365174,9,4,3,4,4,144.87617701380546,0,0,0,1,0,0,32,0,2,3,4,3,16.205089367051407,0,1,5,5,5,18.197413001731004,1,12.938940592886368,0.8996632018283415,1.2604498854729422,75.20394780035107,2,Graduate,0
0,16,5,16,1,5,160.2126097148033,5,5,2,1,7,116.99391222939632,0,0,0,1,1,0,20,0,0,5,6,4,10.672178181713743,0,2,4,4,3,7.487262704489073,1,9.66640793832421,1.7215662964217409,0.2330597344580112,74.15963689309496,0,Dropout,2
0,17,7,1,0,10,106.12171638361542,3,5,2,2,5,95.0,0,0,1,1,1,0,22,0,0,6,7,6,15.561252702372764,0,0,4,4,2,12.136742934184907,1,13.779995823629442,0.5207351293110472,2.7514353366320954,82.64174373421812,1,Enrolled,2
0,2,6,12,1,9,155.28070814943425,7,1,5,8,6,98.45690130915438,0,0,0,0,1,0,38,1,1,3,3,2,13.352573362111311,0,1,4,5,4,12.425610697020174,0,11.792528077820084,1.316561465674606,-0.5051415625969622,91.6266440597873,1,Enrolled,0
0,12,2,5,1,11,138.10712077435906,8,3,2,6,8,124.81006214239116,0,0,1,1,0,0,42,0,2,4,4,2,15.121734216061608,1,0,4,5,3,19.56049026454286,0,13.529019018540067,2.805206939974606,0.3361864424114323,58.00175142677351,1,Enrolled,0
0,13,3,1,1,3,134.6810608903235,16,3,5,9,3,152.54669842089731,1,0,0,1,1,1,19,0,2,6,7,6,11.986094895362571,0,0,4,4,4,18.040197544962957,0,8.21247227503926,2.9098837510498425,2.9920465742338136,81.57298694800993,2,Graduate,2
0,5,7,3,1,7,114.20983683814312,17,4,1,1,4,171.35173339058886,0,0,1,1,0,0,30,0,1,4,4,2,13.640534826308954,1,0,5,5,4,14.56184027487962,1,14.70294925138442,2.073807984392158,2.402037096745044,81.31612713621755,1,Enrolled,0
1,16,1,4,0,9,125.09368936377416,10,4,1,0,8,175.6891589788733,0,0,0,1,1,0,27,0,0,4,5,4,16.285601112698004,0,2,5,6,4,15.390106012028976,0,8.33354509499204,3.135936324837197,1.0453697592109934,85.18963938527614,2,Graduate,1
0,8,5,9,0,2,135.2992896130588,21,4,3,0,2,102.20006717229124,0,0,0,1,0,1,34,0,2,6,7,6,12.939899964941269,0,2,3,3,0,13.0306817094811,1,8.474092691817331,-0.018441848459916,-1.0625634633386611,87.59757247127078,2,Graduate,2
2,14,6,17,1,2,139.36860625683343,1,1,6,0,0,134.38670905579858,1,0,0,1,1,1,28,0,1,3,4,2,11.163008270229854,1,2,3,4,3,11.700283111379704,1,8.819025779805353,3.057040619914248,1.8562123506297172,76.52164095142336,2,Graduate,0
0,8,6,12,1,5,115.13293571180996,19,1,4,5,7,124.7441173222092,0,0,1,1,0,1,39,0,1,6,7,5,6.637891143755172,1,0,6,7,6,10.003887955257696,1,8.49907219193687,-0.1317991069528605,0.2811807582025218,44.27210492159544,0,Dropout,1
1,12,6,3,0,8,151.3596857990228,18,4,6,4,8,137.34197690467954,0,0,0,0,1,1,28,1,1,3,3,3,14.89536373759406,0,1,3,4,2,11.549992707420875,1,15.680659423545531,1.5120437309756638,-0.1359266945096326,86.68907024983122,2,Graduate,0
0,11,6,10,0,10,152.7578430108771,18,1,5,6,9,175.2615456589496,1,0,1,0,0,0,29,0,1,5,5,3,10.299208921448193,1,0,5,6,5,12.98537093476736,0,11.565462174850676,0.5245465849903443,3.196302495483306,88.6077454529796,2,Graduate,1
1,16,4,8,0,5,145.64549857027396,20,5,6,4,9,144.02879975468278,0,0,0,1,0,1,41,0,1,5,6,2,11.178078090313042,0,1,3,3,3,7.311234180202028,1,11.487639486794006,2.3866655761251208,3.4394206263548392,64.80112891302886,1,Enrolled,2
0,15,5,3,1,8,125.34903761051886,5,5,3,8,3,161.69417401332208,0,0,0,1,0,0,35,0,0,5,5,5,9.251999465569297,1,1,3,3,3,7.749760193535236,0,6.0,-0.3790924496423267,-0.7959482864974214,59.38787984943893,0,Dropout,2
0,13,5,11,0,4,153.90821713553356,11,5,2,0,5,190.0,0,0,0,1,0,0,24,0,2,4,4,2,12.194703334360254,0,2,5,5,4,11.888276175146814,1,13.856468930875202,-0.6178392518320339,3.5,92.68683898711468,2,Graduate,0
0,1,8,15,0,9,148.66330702676194,1,3,5,8,6,100.87854522571078,1,0,1,0,0,1,45,0,1,5,6,4,20.0,0,1,4,4,4,20.0,1,6.884615191639483,0.7146545969234226,0.6385872902407933,91.18230590582344,2,Graduate,2
0,1,6,12,0,4,92.00908336555231,11,5,3,3,6,128.12646859467932,1,0,0,0,0,1,48,0,0,4,5,1,14.232136885026662,0,1,5,6,2,13.923125589743035,0,9.890938386147749,0.6297574524737001,2.2089336395445054,88.08634398509884,2,Graduate,0
0,1,1,3,0,5,139.64897464736197,11,3,2,9,7,154.2806539194561,0,0,1,1,0,0,34,0,0,3,4,3,10.745516447512694,0,2,5,6,5,10.883179064496169,0,7.887425966581903,0.8148758015760617,3.5,83.162719395248,1,Enrolled,0
0,9,5,7,1,7,177.52944286815577,5,5,5,6,5,146.66378609977895,0,0,1,1,1,0,22,0,1,6,7,4,11.402938126263177,1,1,6,7,6,11.204037725040672,0,10.718981587848392,0.6900426556349292,0.506794566665884,70.85042015840534,0,Dropout,1
0,14,7,1,0,9,156.38235206059835,20,4,3,1,6,166.21647570533378,0,0,0,1,1,0,34,1,2,6,7,6,7.964445875187706,1,2,6,6,5,3.8625770631654817,0,14.602183629611243,2.324766478880508,1.271483020868403,77.94438242676742,0,Dropout,1
1,1,4,10,1,5,160.37600209934703,18,3,4,2,8,130.40491950346325,0,0,0,1,1,0,35,0,1,4,5,2,9.042858266172974,0,0,6,6,6,10.180696025300795,1,7.115733395302937,1.3983208965509182,2.102212752351546,94.32829247425433,1,Enrolled,1
2,11,7,17,0,7,119.5753113419602,8,1,3,3,5,145.1498575916657,0,0,0,0,1,0,38,0,1,4,4,3,8.486691482446822,1,1,4,5,3,10.21495524669122,1,7.843171689514824,3.358911294026984,3.5,66.80958475061743,0,Dropout,0
0,2,8,6,0,4,137.76410719524543,15,6,5,4,1,121.09445781472414,0,0,0,1,1,1,48,0,2,4,4,4,13.946162291064669,0,2,3,3,2,17.002795403593367,0,10.418744435908838,1.7770471440730244,0.8358919716407546,76.09704316774508,2,Graduate,2
0,2,4,12,0,2,130.97100581062062,3,3,2,1,3,166.59658660194714,0,0,1,1,0,0,19,0,1,3,4,3,14.563491647448204,1,0,6,7,5,18.881159692169245,1,14.70999812359232,2.5587194404928475,2.2568829808068074,66.57079085409815,1,Enrolled,0
0,2,8,2,1,2,134.9508266975477,16,2,5,6,4,141.05231835311957,1,0,0,0,0,1,44,0,0,3,4,1,13.271594644443772,1,0,5,5,3,13.99867916389623,0,8.726159748980084,2.1957918435107486,-0.5936805145690904,63.37731259859853,1,Enrolled,0
1,6,6,12,0,5,123.68541522742628,20,3,5,5,7,175.09425650789822,0,0,0,1,0,1,26,0,0,5,6,4,14.29444241763566,0,2,6,6,6,17.523221888985063,0,7.851318908955952,0.4220990311508068,-1.8667831175706304,85.50944649083061,2,Graduate,1
2,15,4,9,1,2,107.82362718540162,12,5,3,8,3,175.27677655863806,0,0,1,0,0,1,45,0,2,5,5,5,10.318289183791208,1,1,5,6,2,10.063539094600944,1,10.49171683107045,0.8750347236707886,-0.4212590978696313,67.24018319430586,0,Dropout,1
2,11,2,6,0,2,136.41534889795471,2,5,5,6,0,107.9595439473581,1,0,0,0,0,1,31,0,2,6,6,6,8.98103107961898,1,1,4,4,2,5.0549854765387225,1,10.022457810204566,2.692979748490888,-0.4262448171880573,89.80601897999233,0,Dropout,2
2,16,4,17,1,2,117.8259723063803,20,5,6,9,0,179.1239408757169,0,0,0,0,1,0,49,0,1,5,6,3,8.958841114759721,1,1,6,7,6,11.061556035364651,1,6.925033416286164,-0.631355048504266,2.555221410574482,72.79555952742805,0,Dropout,1
1,3,6,2,1,4,147.892522369213,20,1,1,9,1,163.2771630081711,1,0,0,0,1,0,23,0,0,3,4,3,8.803758749877062,1,1,5,6,5,10.352567460014326,1,8.784008740561548,2.083996490877472,0.667751434068639,66.86915292879108,0,Dropout,0
2,3,6,7,0,8,134.32487237354977,13,4,4,1,7,136.0860748312612,0,0,0,1,1,1,28,0,0,3,4,3,14.255361471179002,0,2,3,4,3,13.95692855077005,1,6.0,1.2860985033053565,-0.2995368551102257,84.97305716035342,2,Graduate,0
0,11,6,6,0,7,92.6017003803139,19,3,2,2,2,161.03068766829853,1,0,0,1,1,1,46,0,1,3,3,0,20.0,0,0,4,4,4,19.54429544023588,0,9.90875858721423,0.6061339166158689,-0.7971387030466035,58.89370740447808,2,Graduate,0
2,6,1,14,0,5,165.40024598694237,13,1,4,2,5,127.30282314099348,1,0,1,1,0,1,37,0,2,3,4,3,9.33454085968136,1,1,5,6,4,10.229539328298706,1,6.262182032623701,1.180458601145498,0.0481501880740442,83.7331713970563,1,Enrolled,0
1,9,3,17,0,7,144.5770483677661,21,2,6,7,6,174.0261399414981,0,0,0,1,0,0,47,0,0,6,6,6,11.803189658590618,0,2,3,3,3,10.659273187000124,0,17.406855573551596,3.4444211370049143,2.4510383961498565,69.82442219362181,1,Enrolled,2
0,5,7,6,0,6,124.92480897612482,18,3,3,7,0,142.47961734648896,0,0,0,0,0,1,40,0,0,6,7,6,13.71012682743144,0,2,3,3,0,14.515770176667797,1,11.664505404339948,-0.5685287692663699,-0.802072916215409,73.62399011775838,2,Graduate,2
0,7,7,12,0,8,127.59949795915055,16,6,3,2,4,162.19885613015032,0,1,0,0,1,0,36,0,1,3,4,1,12.023471924721893,1,1,5,6,5,9.4179845169362,1,10.761318060017874,0.0375798854118174,0.5707894775243181,75.88495206691894,1,Enrolled,0
0,1,5,6,0,8,107.9813525183678,10,5,6,7,1,124.22864278749914,0,0,0,1,0,1,20,0,2,4,5,4,14.165325701715428,0,1,6,6,6,11.840760809180772,1,11.580859934720166,-0.8256274935289101,0.1120305763104645,76.41035401047846,2,Graduate,1
1,3,5,14,0,7,133.6268073185158,7,1,1,4,6,147.04270009998743,0,1,0,1,1,1,44,0,1,5,6,4,10.986131922319988,1,0,3,3,3,7.384658673545434,0,8.525920791566266,0.974370820643826,1.4375844723283482,44.62757418466849,0,Dropout,2
0,11,5,13,1,5,149.98596293376494,2,1,3,3,2,162.1486080900088,0,0,1,0,0,0,36,1,0,6,7,4,10.61882921087327,0,2,4,5,4,15.92897549071514,0,9.57345900348259,0.7504643937131383,3.5,51.71051055818183,0,Dropout,2
0,10,4,9,1,6,173.3881841810437,4,3,6,3,8,147.69376390515583,1,0,0,1,0,1,40,0,1,4,4,4,12.36180872850733,0,2,3,3,1,12.244514055825954,0,11.516178203462736,1.6926661181396911,-0.3735637869631956,55.69985733593669,0,Dropout,2
1,13,4,10,0,11,133.0491767594173,4,6,3,3,0,154.0349686597937,1,0,0,1,1,0,48,0,1,5,6,3,14.142965006183452,1,0,6,7,5,16.863606837816512,0,7.0723433696364335,0.9246264859580446,1.3712946847825505,63.31058164185796,1,Enrolled,1
0,3,4,10,0,11,136.0774120103565,1,1,3,0,1,121.00634322353504,1,0,0,1,0,0,18,0,2,4,4,4,17.48872213046111,1,1,4,4,4,14.446765056924916,0,12.049302092698056,2.041141760268343,0.7724132043447001,91.07301546158318,2,Graduate,0
1,11,8,14,0,10,161.23543956087826,16,1,4,6,8,147.61343496289894,0,0,0,1,0,0,31,0,1,3,4,2,14.318223816629356,0,1,4,4,2,13.56400762106568,0,16.321364374944725,0.5547231185127843,-0.0389893480880423,91.60697909468416,2,Graduate,0
1,9,8,9,0,8,109.50608044807672,6,1,1,9,6,121.13516077416496,0,0,0,0,1,1,22,0,0,5,5,5,12.117451022075477,0,1,4,5,2,13.19619734706487,1,6.0,4.0,0.8907471527372026,93.95742997685907,2,Graduate,2
2,11,3,9,1,7,138.2035550528339,19,3,5,9,2,139.54095457260885,1,0,0,1,0,1,28,0,0,4,4,3,15.907778730861583,0,1,5,6,3,19.28593404387612,1,11.598329827534142,2.2379410002421327,3.5,99.1550507466624,2,Graduate,0
0,9,3,9,0,5,118.36242341520604,5,5,2,3,7,127.67667106797332,0,0,0,0,1,1,19,0,2,6,6,6,16.500353140219534,0,0,3,4,1,14.694118467936942,1,7.544669301413619,2.1188204749460824,0.6757258928025001,46.79124932996268,1,Enrolled,2
1,13,3,3,0,10,137.8855684266021,6,6,6,1,4,134.88433799129612,0,0,0,1,0,0,34,0,1,6,7,6,11.93828578413051,0,2,6,7,5,10.631968287613752,1,12.072838158825848,2.2518094391300294,0.6754990296684936,76.48901184795716,1,Enrolled,1
0,9,3,9,0,8,155.6084392676948,7,1,1,0,1,96.20933325926896,0,0,0,0,0,1,37,0,2,6,6,3,12.489164507598382,0,1,5,5,4,10.209282607565552,1,11.016711792328303,0.2448582099081919,0.1182109201264413,95.9024269446131,1,Enrolled,1
0,14,3,13,0,4,98.6523226246922,5,1,4,2,9,140.66165224039187,0,0,0,1,0,1,31,0,1,5,6,5,11.505139442942555,1,0,5,6,5,10.90360651885034,0,15.638817382237429,1.203902863470388,1.547715845786306,45.55667598509078,0,Dropout,1
0,16,5,10,0,6,159.44557443320562,1,4,6,0,0,137.31175480479786,0,0,1,0,0,0,49,1,2,3,4,1,15.873161569025502,0,0,4,5,4,13.023540350316694,0,15.104622400962295,1.255805652629843,-0.9997820930164104,90.28757782089195,2,Graduate,0
0,17,5,3,0,4,142.91299726974597,21,6,5,4,5,102.1152993380176,0,0,0,1,0,1,42,0,1,3,3,3,13.25966699737843,0,2,5,5,4,9.367811401732652,1,6.0,0.9336123025219136,1.0186034158611754,96.95130802574616,1,Enrolled,0
2,15,8,4,0,5,138.0779931727042,2,6,5,5,3,148.531648636816,0,0,0,1,0,0,24,0,2,5,6,5,8.080683741087826,1,0,3,4,0,8.427381454795917,0,12.292723269737069,1.0834657051952548,1.6024837770649552,95.57172383938588,1,Enrolled,2
0,11,3,14,0,10,164.61199262392853,10,2,6,5,1,160.6505730740435,0,0,0,1,0,1,46,0,1,5,5,3,14.421555905456971,0,2,5,5,4,15.798047470734648,0,12.24122722670836,2.4951377191913986,-0.7266185596558641,90.35171692025204,2,Graduate,1
2,12,8,13,0,3,117.6053259929684,2,4,2,5,0,147.88185177373333,1,0,0,1,0,0,39,1,0,3,3,3,18.21372349185921,1,1,5,5,2,15.066116270413984,0,13.566751444694956,1.4295444577217626,3.5,61.38176817795798,1,Enrolled,0
0,11,5,7,0,2,105.52423608547248,20,5,5,6,6,159.64210623931825,0,0,0,1,1,0,30,0,1,6,6,4,18.490107372532734,0,2,4,4,4,16.503876798886818,0,11.417243593231024,1.8594929725674596,3.5,46.87228817122309,1,Enrolled,2
0,12,8,7,0,11,112.46263619434492,14,4,1,0,3,126.825468291904,0,0,0,1,1,0,30,0,1,3,3,3,11.323125163310806,0,1,4,4,3,10.773256658624751,1,11.789564444751434,-0.5266663209735887,3.5,72.10033163614361,1,Enrolled,0
0,8,3,6,1,1,146.71954089574564,21,3,5,3,0,134.68043718194772,0,0,0,1,0,1,18,0,1,3,3,3,10.561866105327148,1,1,5,5,4,14.528746992137515,1,6.902199072712964,-0.5979608213821015,1.8284474728970483,81.99787111181297,2,Graduate,0
0,10,3,8,0,3,124.1108160125978,7,4,6,9,9,141.85438753117992,0,0,0,1,0,0,21,0,2,4,4,3,19.64253826529693,0,1,4,5,3,12.261109538339229,0,11.2658780541446,0.367275850357633,1.5480604568885743,60.06823887629612,1,Enrolled,0
2,3,3,6,0,11,115.7822235705696,10,3,4,9,0,143.64975902903208,0,0,0,1,1,0,30,0,0,6,7,6,18.483463025054157,1,0,6,7,5,19.29589125785261,1,9.35026683400911,3.46734126245604,0.6597039560454917,42.35595774427015,1,Enrolled,1
1,4,5,4,0,1,113.49823985570282,8,4,5,8,6,95.0,0,0,0,1,0,1,41,0,2,5,5,5,14.635559454532086,0,0,6,6,6,16.03369241878261,0,12.050895331829173,3.910289931433313,0.922704579258269,84.25984106646573,2,Graduate,1
0,13,8,5,0,6,138.84466413940265,1,4,4,9,4,116.97785923954176,0,0,0,1,0,1,36,0,0,3,4,2,7.007326739571618,1,0,6,6,6,4.926984210293385,1,9.716453154515891,2.679612380529802,2.4686311082810635,58.828399445554986,0,Dropout,0
1,8,2,2,0,11,134.39413764559913,8,2,5,1,0,165.05860550699438,0,0,0,1,1,0,18,0,2,6,6,6,10.87787795166785,0,1,5,5,2,9.704804263129432,1,11.341602674327875,1.026781895485828,0.8309339440418282,55.572616322907365,0,Dropout,2
0,2,2,14,0,2,103.78657610365045,16,6,2,7,8,120.44166500376136,0,0,0,1,0,0,22,0,1,5,6,5,9.172544600205793,0,0,3,4,3,9.705019799651083,1,11.848391921773628,2.011807226346521,0.5285171765092366,93.87080947554804,1,Enrolled,2
0,2,6,14,0,3,104.52077026077347,14,3,1,6,2,133.82702909564844,1,0,0,1,0,0,33,0,1,4,5,2,19.343247023783228,0,1,3,3,2,18.969161181074284,1,11.904965786490177,3.014619090996597,1.8060656599504252,79.76232501650539,2,Graduate,0
0,6,6,5,0,8,123.4086937688906,19,5,4,6,9,138.69677691985356,0,1,0,1,1,0,41,0,2,4,4,2,7.660470261856414,0,0,4,5,4,11.608122142848831,1,7.768606734773241,3.725294090208764,-0.327410609940483,85.96985232226118,0,Dropout,0
0,7,2,11,0,5,155.19804422278995,10,6,5,2,0,106.49121621740188,0,0,0,0,0,1,44,0,1,6,6,6,19.312770087006346,0,1,3,4,3,19.269382844440774,0,17.25630207953252,0.1199920472846456,3.5,62.18702022658776,2,Graduate,2
2,4,1,3,0,2,125.6303486734721,18,1,3,1,1,179.50410469244716,1,0,1,1,0,1,18,0,2,3,3,2,12.630663104358687,1,1,3,4,1,14.483721642108298,1,10.761638191654615,1.744923870666065,0.8151391282062654,92.62504165617842,2,Graduate,0
0,8,7,16,1,2,102.5173892966827,2,5,3,1,9,139.21725601408335,0,0,0,1,1,1,21,0,2,5,5,4,8.80805227193687,0,2,5,5,3,9.633696499911224,1,11.89523442125862,1.112887252854471,2.1765605019606125,36.28254015851759,0,Dropout,1
0,10,2,8,1,3,133.0943741210322,5,4,1,2,5,118.58847723532054,0,0,0,1,0,0,17,0,0,6,6,5,16.453794522629636,1,1,4,5,1,17.889091657257406,0,10.177004491306253,2.203266325043405,-0.6429042093750492,80.41114285833012,2,Graduate,2
0,11,2,15,0,3,135.83708913681605,2,5,6,2,2,156.21141239896926,0,0,0,1,1,1,28,0,1,4,4,4,15.20322954599857,1,2,3,4,3,12.959757624903173,1,6.675302911717966,1.562735301890498,0.7217736403404772,80.59693587529625,2,Graduate,2
0,7,2,14,1,8,102.32877516784517,20,4,4,9,9,132.58189967516208,0,0,1,0,0,1,39,0,1,5,6,2,8.568220674817143,1,2,6,6,5,8.77119332331825,1,12.348618173957188,0.2996120064557805,0.0913758077057945,78.64920021690375,0,Dropout,1
0,5,4,14,0,5,108.2085773115472,3,4,2,1,7,141.46939877303635,0,0,0,1,0,1,47,0,1,5,5,5,12.911649294677806,1,1,4,4,1,12.447739479603444,0,10.80506747386872,1.9737872896114432,0.1672982288935515,95.47350120360372,2,Graduate,2
0,11,3,8,0,8,151.36664443752008,9,1,6,6,0,175.2213827041968,0,0,0,1,1,1,27,0,2,3,4,2,17.814489369190664,1,0,4,5,1,15.723926845633123,0,12.666446382772122,0.664137224222548,-1.2474482440131462,77.90941013478613,2,Graduate,0
1,16,6,1,0,4,107.93058854856136,11,2,2,1,0,126.47016293623446,0,0,0,1,1,1,26,1,0,4,5,2,11.565337670219236,0,0,4,5,1,13.577881340525405,0,8.005326357552637,1.4575622627389002,2.701367832382445,81.04383968210446,1,Enrolled,0
0,5,5,16,0,9,152.29381994319655,16,2,1,5,7,168.5696248246497,1,0,0,0,0,1,19,1,1,4,5,3,18.87904966730237,0,2,6,7,4,13.540546150146888,0,9.003093497988402,1.5151075214066898,1.672082822916629,86.68667826095736,2,Graduate,1
0,7,7,12,0,3,100.97188526648692,14,1,2,4,0,131.44507164446853,0,0,0,1,1,0,30,0,2,4,5,2,10.39326002458997,0,1,3,4,3,13.460645572685092,0,10.803562358498557,3.524454631043414,-1.753786809008332,62.6115207654892,1,Enrolled,0
0,3,7,14,0,2,101.79294486211172,14,5,5,6,3,141.70633920762654,0,0,0,1,1,1,32,0,1,5,6,5,7.32290767599363,1,1,6,6,6,1.4760195393902291,0,10.144768217087696,1.884795113274591,0.417513005697992,89.24321407903716,0,Dropout,1
0,10,7,9,0,6,135.50922409932292,20,3,6,6,5,147.57823632672952,0,0,1,0,0,0,26,0,0,4,4,4,13.158255009841284,1,1,4,5,2,12.473938358098,0,9.141511454744798,1.3929531266123545,0.4084565038432603,74.74784545888039,1,Enrolled,0
1,5,4,14,1,11,118.39796012593888,11,1,1,7,0,131.3846513120085,0,0,1,1,0,1,45,0,2,6,6,4,7.887750551127635,1,2,4,5,2,9.940655215494512,0,10.806538888627374,2.369116486657145,1.5180248786756705,51.21617223660429,0,Dropout,2
0,5,3,13,1,4,123.23472903427086,11,6,6,3,3,114.58159329674572,0,0,0,0,0,0,26,0,2,4,5,4,13.437105514653538,1,1,5,5,3,10.166150834263409,1,14.289407373776127,0.439013030169687,0.5387573060425364,90.37934650503622,2,Graduate,0
0,11,2,16,1,2,138.33641598183476,18,4,4,9,4,151.3293212086586,1,0,0,1,1,1,28,0,2,5,5,4,13.018000995160635,1,0,5,5,5,13.777350187263991,0,11.373525552158815,1.6211423536673748,2.756664711899166,97.6237254043064,2,Graduate,1
0,12,2,17,1,6,122.588820806022,11,6,2,4,0,168.03717581452807,0,0,1,0,1,1,46,0,2,4,5,4,10.343757107132667,1,2,5,6,4,10.832812934203629,1,13.519049273645225,2.26131571817858,2.5353456258204465,81.11977785312527,1,Enrolled,1
2,17,4,5,1,4,114.14087210406568,14,2,5,9,1,155.6701600104709,1,0,0,0,1,0,17,0,0,4,5,2,19.57538867943425,1,2,5,6,5,20.0,0,9.496452474183869,2.206563928676781,3.5,60.151794193513,2,Graduate,0
1,15,5,3,0,10,145.79108202503346,19,2,6,3,1,154.9481770006063,0,0,0,1,1,0,21,0,2,5,5,4,12.98608515049696,1,2,4,5,3,11.814331061896649,1,10.163591636037577,0.8645183455202105,-3.2082117771352,81.40152428356981,1,Enrolled,2
0,9,4,1,0,11,138.97564543080694,18,5,6,6,5,128.56027736851246,0,0,0,0,0,1,36,0,2,4,5,4,16.025278712363583,0,0,6,6,6,14.562030803652744,1,10.729365518323716,1.9367180794097796,3.2612642959796307,68.22978764443815,2,Graduate,1
0,17,4,7,1,4,135.9516152842181,4,3,2,2,1,157.20901522993995,0,0,0,0,1,1,24,0,2,3,4,3,16.250512412798724,0,0,5,6,2,12.025199208684612,1,8.666565370315638,2.3163793237744,2.2307939929299585,77.57847792321022,2,Graduate,0
0,11,6,7,0,10,134.60083793221398,13,6,1,9,5,148.95356694510377,0,0,0,1,0,0,28,0,0,5,6,4,19.163539306169067,1,2,6,6,6,18.60358105945132,1,10.754755228894505,0.4138571762989678,0.4847695129900206,67.3687451003336,2,Graduate,1
1,6,3,17,1,4,117.35743167696434,2,1,1,1,8,161.5724013058823,0,0,0,1,1,0,17,0,1,4,4,4,8.767034662997188,1,0,5,5,4,10.760811730702518,1,14.703457843587104,0.7750512855614953,0.338057518725637,41.01750028221641,0,Dropout,0
0,12,8,7,0,4,112.7706634986803,19,4,2,3,1,142.46699815552006,0,0,0,1,0,1,36,0,1,3,3,2,6.848845822676918,1,0,3,3,3,5.40859330314847,1,15.233062353197584,1.1130996147808083,0.6411192584208223,77.30112286194586,0,Dropout,0
0,11,1,13,0,8,127.41591855833023,9,6,6,4,6,154.91918949947666,0,0,0,1,0,0,44,0,0,6,6,5,19.034072504479266,0,0,5,5,4,17.71851168104554,0,14.125705146523082,4.0,1.2461589730605735,93.81275161185,2,Graduate,1
0,17,6,13,1,1,117.72216819346096,11,4,1,0,0,127.9192387511653,0,0,0,1,0,0,28,0,0,5,5,5,15.033923308073032,1,1,6,7,5,18.70807722268151,0,10.917064160273268,0.602414588878143,-0.1735694808320417,46.94399086125775,1,Enrolled,1
0,10,7,10,0,9,134.72552688654375,17,3,3,2,8,157.3841621344131,1,0,0,1,1,0,44,0,2,4,5,2,13.44208854830478,1,1,5,6,2,12.733341151482565,0,7.84258641126875,1.890153954575259,-2.086544114322308,84.38502366161106,1,Enrolled,0
0,13,5,2,0,3,126.38389601001688,5,5,6,7,3,108.50900551739872,0,0,1,0,0,0,31,0,0,5,6,5,12.533458515521248,0,2,3,4,3,13.113857923611835,1,17.34093912653546,1.0763237415749465,-0.1353486475705165,40.98301936273964,0,Dropout,2
0,5,8,6,1,5,135.39619415470935,21,6,1,4,4,131.63341072717918,0,0,0,0,0,0,22,0,1,3,3,3,11.912735913531012,1,2,6,6,6,12.952032784384636,0,8.458388596492119,0.3749596317462131,0.3216425678148871,47.990709893396016,0,Dropout,0
0,4,5,7,0,5,132.95632069382202,9,3,4,0,3,122.56638166264356,0,0,0,1,1,0,36,0,1,5,5,5,16.014081825937634,0,1,6,6,4,15.303702863917088,0,14.5731950185229,2.3374920873367317,1.8262574812994865,71.30640214305495,1,Enrolled,1
0,7,8,13,0,4,173.8359327266888,16,5,2,3,9,190.0,0,0,1,1,0,0,30,0,1,6,7,5,7.9468048054821026,0,2,6,7,6,9.349945384534212,0,11.097945339116931,-0.1929668826628108,-1.338324101370724,56.78410842963442,0,Dropout,1
0,15,4,8,1,4,104.50367864143212,12,5,6,7,8,156.3033377712119,1,0,1,1,1,0,18,0,0,4,5,1,14.670660097481171,0,1,4,4,4,16.844162756655447,0,6.901107663623505,3.232232426132107,1.9567156472580165,88.74510199081553,2,Graduate,0
0,2,4,13,0,7,130.8783599885467,1,6,3,7,0,112.90476221682356,0,0,0,1,1,0,25,0,0,6,6,6,16.60960621676722,0,1,6,7,5,18.568534696856226,1,6.0,0.2527879018646526,-1.3683831944935685,88.43460998150576,2,Graduate,1
0,17,8,11,0,4,110.63047022690428,17,1,2,1,9,105.80674726784414,1,0,0,1,0,0,36,0,2,3,4,3,15.601382369680676,1,2,4,4,3,17.83983617564084,1,14.171353625747942,0.701359266221428,1.5150336192693954,63.499981423665865,2,Graduate,0
2,8,8,10,1,10,124.37244012349645,14,1,6,8,5,96.35748492699676,1,0,0,0,0,0,42,0,2,5,6,5,12.750132774996931,0,1,3,3,3,7.2433421232730995,1,8.277241688381856,2.186224740979072,1.7942577062440497,93.93738624118426,2,Graduate,2
0,16,2,4,0,3,117.02586783579396,7,4,1,9,4,111.50687327097882,0,0,1,0,1,1,45,0,2,4,5,2,12.990682342060705,0,2,6,7,6,9.760880010268542,1,6.220114513341988,2.403022325659221,0.5653339558869023,78.07116247360722,1,Enrolled,1
0,3,4,10,0,11,149.05743661910768,16,2,3,0,7,118.7809031407373,0,0,1,1,0,0,17,0,2,4,5,4,17.499926447002267,1,0,6,6,4,15.913731203458113,0,9.193663491603164,1.779965312990222,0.8830547768888615,48.015066833579446,1,Enrolled,1
1,17,3,17,0,9,102.5739360807805,15,6,2,9,1,115.61616779331403,1,0,1,1,1,0,22,0,2,3,3,2,15.036720663034092,1,0,6,6,5,12.74683371252795,0,9.984751678023796,0.8606380352632036,2.055428725701586,50.31043363196245,0,Dropout,0
0,5,8,8,0,4,152.17776632191226,4,5,1,7,3,128.32155290336277,1,0,0,1,1,0,21,0,0,3,4,3,19.1431335141145,1,1,3,4,3,17.042878474667283,1,11.112936362317242,-0.412131036400877,-0.2477346973888432,88.03588967995464,2,Graduate,0
0,14,2,5,0,4,146.6531603793033,15,4,6,7,4,160.86253903963296,0,0,0,0,1,0,49,0,1,5,6,3,6.900561543738625,0,1,4,5,4,8.824470731381519,1,10.957571869268442,1.3920926504247937,1.3558743237986073,69.58587957662495,0,Dropout,2
0,14,1,15,0,10,180.2191462941929,17,6,1,5,7,135.02172556203692,1,0,0,1,0,1,30,1,2,4,4,3,16.17350489347809,0,0,5,5,4,16.140790425402937,0,7.802536249379436,0.4799523785602435,0.1686496735454337,74.23375964118316,1,Enrolled,0
0,14,3,10,0,8,174.66627376287215,2,2,6,0,0,157.8225340771287,1,0,0,1,1,1,28,1,2,3,3,0,10.160559432816514,0,0,3,3,3,9.518429611491865,0,10.004800870296071,4.0,3.5,51.3650051803395,0,Dropout,0
0,11,5,12,0,11,117.44572504851595,8,4,2,8,6,113.37282789553126,0,0,0,0,0,1,36,0,1,4,5,4,12.744811612615443,1,1,3,4,1,11.880905416663031,0,15.152544786225652,1.6596206342999875,1.7778128365240713,82.40198644534573,1,Enrolled,2
0,13,5,2,1,7,162.21090474514324,6,5,6,9,7,130.43632962157466,1,0,0,1,0,1,40,0,1,5,5,4,17.81602270227349,0,0,3,3,2,16.515678607640982,0,6.842366310687375,-0.0470282249094409,-1.0795879384434488,41.3491055261405,1,Enrolled,2
1,9,3,7,1,4,127.86406826507708,7,2,2,2,0,116.5502382035362,0,0,0,1,0,1,41,0,1,6,6,4,9.49176761524324,0,1,4,4,3,8.586933541992,1,11.412840617157809,1.1013333679774155,3.5,70.74971874591567,0,Dropout,2
1,2,6,11,1,8,141.6980465546146,16,3,2,0,4,151.06803480516663,0,0,0,1,0,0,45,0,1,3,3,2,20.0,0,0,4,4,1,20.0,0,6.8381130076054815,2.4095547631036407,2.6031623890693667,57.6654777986367,2,Graduate,0
0,12,4,15,0,10,172.84200816367462,5,1,3,6,5,135.47114272337157,0,0,0,1,1,0,47,0,0,5,5,5,16.869812547241096,1,0,4,4,4,12.15925615065434,1,8.765080381924255,2.8949706813018654,-1.3715996313053818,45.717395596285286,1,Enrolled,2
1,8,4,12,1,2,118.31925376271124,21,1,3,9,9,184.32695014821687,0,0,0,0,0,0,39,0,1,6,7,3,15.02724529852609,0,1,4,5,4,17.913365429914112,1,13.397239281605938,1.1287862855312258,-1.9472502544598924,81.2729648544051,2,Graduate,2
0,16,4,10,0,9,136.23068479593576,18,2,4,4,4,123.23933529075184,1,0,0,1,1,0,36,0,2,5,5,5,9.737870970444265,0,1,4,5,3,15.172063661399552,0,6.0,1.3576551438097455,-1.4102213128914023,88.7554278633385,1,Enrolled,2
0,1,5,13,0,2,92.1569555435853,20,6,3,1,8,114.0099233318284,0,0,0,0,1,0,39,0,1,3,4,3,12.37095772324969,1,1,6,7,5,15.238065384000802,0,16.294255566525578,2.1777369594995646,-0.9677777504716968,99.11007943736428,1,Enrolled,1
0,16,3,2,0,10,154.53451598556506,11,2,1,0,3,147.41849407833698,0,0,1,1,0,1,32,0,2,5,5,5,11.74567665618706,1,1,5,5,5,8.970843464746707,1,6.120020660375069,0.3771889035512938,1.0723078259901406,45.38518785601019,0,Dropout,1
0,6,8,15,1,3,181.25829711914068,2,5,3,5,1,135.59468977249398,1,0,0,1,1,0,24,0,0,4,4,3,8.686906158920554,1,2,5,6,5,7.170577981689199,0,6.0,1.9167023009782431,0.948037974623294,73.27774298172596,1,Enrolled,0
0,6,4,8,0,6,147.61164017473175,7,2,2,0,8,152.56279211093857,0,0,1,1,1,1,37,0,2,3,3,1,16.82817976599971,1,2,4,5,4,19.111427266135763,1,10.058208486870672,1.8428050949691817,2.122658762999258,62.20399014944969,2,Graduate,0
0,3,6,6,1,7,165.09853919709366,15,6,2,5,1,138.45819749132826,0,0,0,1,0,1,17,0,0,4,4,4,11.584721360118865,0,1,4,5,4,10.663082151205677,1,8.712989356125872,2.140316357513516,0.2406498795640904,79.3022300028528,1,Enrolled,0
0,9,2,4,0,9,160.12291342462242,9,1,3,0,1,136.48273327788976,0,0,0,1,1,0,24,0,2,5,5,5,12.385582284791504,0,2,6,7,4,10.82055656178258,0,8.144451884695155,1.4533843305780825,0.3308671703857979,82.67497686224036,1,Enrolled,1
1,3,5,8,0,8,119.45476333213432,2,5,1,6,5,123.3007652058388,0,0,0,1,1,0,45,0,0,3,4,2,12.562369504878603,0,0,4,4,3,12.009918639480258,1,11.92451569506256,-0.3774790424892529,1.0025201254278588,68.84575536170988,0,Dropout,0
0,7,7,5,1,11,142.13243069800208,4,6,4,6,8,133.26025902645685,1,0,0,1,1,0,48,0,1,4,5,4,12.25038363820301,0,1,6,7,6,9.145756575701816,0,7.223143019949775,1.7733093607838586,2.826592599121912,96.96204333470862,2,Graduate,1
0,14,6,8,0,6,145.86588588433537,15,4,2,9,4,101.75827434451536,0,0,1,1,1,0,21,1,0,4,4,1,14.856605764786636,0,2,6,7,6,14.230960496194765,0,11.709405281152772,0.4487663166772566,-2.6066132416722203,91.4828808140012,2,Graduate,0
0,14,3,14,0,8,109.33895465610598,8,1,5,3,9,169.94171874693615,0,0,0,1,0,0,38,0,1,4,5,2,10.820644579390928,0,1,3,3,3,7.505105371455884,0,12.48176630043648,3.571073062283646,0.3384300975741212,85.90092587754204,1,Enrolled,0
0,3,6,17,1,11,166.78256183603324,4,3,4,6,1,171.7419560252532,0,0,1,1,1,0,17,0,0,6,7,6,16.56411508095638,1,0,3,4,3,18.07029985822927,0,6.0,3.605384983336726,3.173655304570717,75.51513407958457,2,Graduate,2
1,5,3,2,0,11,123.8967149891108,8,5,6,7,5,163.43765091614245,0,1,0,1,1,0,42,0,1,4,5,4,10.914186511093176,0,0,4,4,4,8.503358398391509,0,13.079369494199176,0.1262170853125948,0.9220048969518868,44.37374779354048,0,Dropout,2
2,5,3,4,0,5,130.22989967393607,7,3,5,7,0,128.55394362645333,0,0,1,1,1,0,26,0,0,4,5,1,12.900157396615894,1,1,6,6,6,12.728914196549194,1,12.319688666971636,0.4739622919266106,0.2692088033216108,51.44217191834987,0,Dropout,0
1,10,3,14,0,10,129.1998258456229,13,2,5,2,9,124.29341317293076,0,0,0,1,1,1,46,0,2,5,5,5,8.426922377402917,0,2,4,5,4,7.015819029063924,0,14.657448569019314,-1.0,-0.6663460882938543,51.60076332199623,0,Dropout,2
1,9,1,7,1,10,135.82463546971331,5,4,5,7,9,152.47738519810858,0,0,1,0,0,1,34,0,2,5,6,5,16.750823928406625,0,1,3,4,2,17.40595062228995,1,10.016144733554396,2.38253483251237,2.4245249930408344,84.98081801341209,2,Graduate,2
0,16,2,16,0,9,190.0,20,2,2,2,2,116.20914199212868,0,0,0,0,1,1,33,0,2,5,5,5,17.64037250940475,1,1,3,4,1,19.396207683335973,1,7.495652387169576,0.8122823445919386,-0.0663507499166691,87.54209492583163,2,Graduate,2
0,9,6,10,0,4,121.65621898541497,18,1,2,4,2,168.41644690335653,0,0,0,0,0,0,42,0,1,5,5,5,15.505550259952564,1,0,3,4,3,15.921796783175903,1,13.762153986883323,1.8247503287238007,-0.0805960669766512,64.3169447956253,1,Enrolled,2
0,6,8,11,0,1,100.99110266470848,19,4,5,0,9,95.0,0,0,0,1,1,0,24,0,2,6,7,4,13.59644994084055,1,1,3,3,0,11.545662691438636,1,10.14589648721846,0.85299767889606,3.254725643510418,70.07620787847513,0,Dropout,2
2,5,8,5,0,8,138.59933001159135,11,6,5,6,5,128.70158266837686,0,0,1,1,0,1,28,0,2,5,5,4,12.87349740972812,0,2,3,3,1,11.165591855955808,1,15.468545352762264,-0.4225565503262005,-1.0843812221703846,42.95921784157684,0,Dropout,2
0,4,1,12,1,5,116.01387135256864,6,1,4,9,3,113.38518323893592,1,0,0,1,0,0,43,0,0,5,6,2,7.532178001724076,1,1,4,5,1,13.131928535001183,1,12.128018743417137,1.7527593057493809,3.5,69.30368311469984,0,Dropout,2
0,16,6,15,0,9,126.01036207421453,4,4,2,7,7,171.17279820607942,0,0,0,1,0,0,24,0,2,5,5,5,8.258404192477034,1,1,4,5,2,10.329689393360672,0,9.92234098703934,3.0465344526079727,1.10432477954823,76.80624118532161,1,Enrolled,2
0,7,4,10,0,3,148.63634885531806,3,3,5,3,6,166.83686588047323,0,0,1,1,0,1,41,0,1,4,5,4,15.626736113840073,0,0,3,4,2,14.83209123418765,1,7.355580104757961,1.4663950592658337,0.8441813770088098,77.92588264494643,1,Enrolled,2
0,14,6,2,0,9,111.07385005096155,20,1,1,6,8,154.1093335907551,1,0,0,1,0,1,20,0,1,6,6,3,12.367287175419015,1,0,4,4,3,10.6318851659237,1,9.686885500987108,0.2676746708912165,1.3137270106664856,79.13263600262837,1,Enrolled,2
0,17,8,11,0,8,126.9897074044534,6,6,6,6,4,187.89065762936613,1,0,0,0,1,0,49,0,0,5,5,3,8.24271327958435,0,0,3,3,3,4.3453561209595,0,12.811889202312171,1.3221811796822776,0.8374058736175468,79.26805051163214,0,Dropout,2
0,8,1,5,0,6,141.44540340844767,15,1,2,5,4,140.25029959546268,0,0,0,0,1,0,17,0,1,4,4,3,8.081308435132748,1,0,3,3,1,10.601892000527442,1,6.0,2.1159535973912256,-0.1505102213581705,61.442166263496574,0,Dropout,2
0,11,8,6,0,11,117.87635698789526,3,2,2,4,4,155.78144799768046,0,0,0,1,1,0,35,0,1,3,4,3,15.222195224247796,1,2,3,4,2,13.144937004836684,0,8.784855477363907,1.2578049894837822,1.419507213799251,79.03086982133875,2,Graduate,0
1,17,1,13,0,10,134.1294635454365,17,6,6,9,8,100.0603007658427,0,0,1,1,0,0,47,0,0,6,7,4,16.058910666110997,1,0,4,4,3,18.39324896023333,1,6.0,0.181724982589208,-0.0817577565581131,54.2489327239574,1,Enrolled,2
2,14,5,17,0,10,141.4332080435725,2,5,6,3,1,131.99670094721924,1,0,1,1,1,0,32,0,2,5,6,5,7.631282255623179,1,1,4,5,3,9.39994425874696,1,6.876955855296299,3.9237544461585774,1.5704735812635633,64.2133433438051,0,Dropout,2
1,9,3,16,0,11,132.4409662509675,16,6,6,4,6,142.7511014726831,0,0,0,0,0,0,30,0,0,4,5,3,13.532219307036891,1,0,6,7,6,16.61422468123817,1,8.16616570472259,-0.3150573069089968,3.5,65.75070654328417,1,Enrolled,1
1,6,1,1,0,8,138.45238302758676,17,1,1,6,9,117.08218760618595,1,0,1,1,0,0,21,0,0,3,4,2,14.357607009779604,1,2,4,4,3,15.954704650679176,0,9.187804870251142,4.0,1.9882923961782,68.20908992227882,1,Enrolled,0
0,8,3,13,1,8,142.85034024688892,11,6,6,7,2,146.3880609198875,0,0,0,0,1,1,42,0,2,3,4,2,10.957188399431036,0,2,4,5,4,10.132583124408406,0,11.06006815220092,1.3886287211953552,0.4603794815471665,73.3562902655674,1,Enrolled,0
2,17,2,10,0,7,120.18872224107528,4,4,5,3,7,95.0,0,0,0,0,1,1,44,0,0,4,4,3,17.339066577925177,1,0,5,5,3,17.078835627484906,1,12.10529574471292,2.576648686278263,1.2600160485545664,99.178071648565,2,Graduate,0
0,13,1,13,0,7,102.6999851960865,21,2,3,4,8,152.50329127055875,1,0,0,0,0,1,18,0,1,4,5,3,11.793367938124586,0,0,3,3,1,11.554706905001488,1,14.150342890650082,1.758261840756609,0.2242861337397369,62.19641544694184,0,Dropout,2
1,13,5,4,1,3,112.21760626604464,12,5,2,5,9,129.13431194963502,1,0,0,0,0,0,22,0,0,6,7,6,6.990998670006207,0,0,3,3,1,6.019133693746869,0,14.8096184228882,0.4467803684257034,0.469108115915306,43.03385036598576,0,Dropout,2
0,17,5,3,0,7,108.64026085769764,8,1,6,8,8,120.31627283048736,1,0,0,1,1,0,25,0,2,4,5,4,12.318755223966528,1,0,4,5,2,7.960710986592031,0,13.555790305413767,3.0946620389208137,0.598897691231736,50.719992901076274,0,Dropout,2
0,2,4,16,1,3,162.113985975512,3,3,5,9,4,158.58413076264833,1,0,1,0,1,0,49,0,2,5,6,4,17.7878929070882,1,1,4,4,4,12.100375614838942,1,8.86174153862742,2.239129205137845,1.6555041286968226,60.43668139189968,0,Dropout,2
0,4,1,7,0,11,96.80772332630995,11,6,6,5,9,176.59595421821837,1,0,1,1,1,0,41,0,0,3,3,3,11.790908383337245,0,1,6,7,3,13.387981554026808,1,10.70141500111548,1.3852919517555216,2.432224974830379,75.13729582944106,1,Enrolled,0
0,7,2,7,1,9,148.81816179804375,13,2,1,6,8,162.29531079236725,0,0,0,1,1,0,29,0,2,5,6,5,9.335925240282254,1,2,5,5,5,8.583620171132578,0,8.313156396984107,2.373201810362663,3.5,68.63223599023397,0,Dropout,1
2,16,3,2,0,11,119.93965998051216,9,6,1,7,2,119.71407293086573,0,0,0,0,0,1,25,1,0,5,6,5,15.198728041287186,0,0,3,3,0,17.29882599352575,1,10.75193404347498,1.3352041418788931,1.967209282354396,54.34864843165853,1,Enrolled,2
1,15,6,16,0,5,157.77835915344352,15,3,2,2,7,156.70386574930788,0,0,0,0,1,1,29,0,1,5,6,5,13.904406004371216,0,0,3,4,3,12.6555587608164,1,9.517954805058435,-1.0,-1.174318298295669,95.83199979547749,2,Graduate,2
0,14,7,5,1,11,125.71452706679776,12,4,1,4,6,133.60120518533333,0,0,1,1,1,0,47,0,1,3,3,0,12.98974073522799,0,1,4,4,4,12.686866823216324,0,6.573105417985215,-0.5527715458476852,-1.5057092243432366,57.469843340903,0,Dropout,0
0,13,6,8,0,8,135.68146158451864,10,2,1,3,3,168.23580794532765,0,0,1,0,1,0,27,0,2,3,3,3,14.669935294257684,1,0,4,5,2,16.693757560131356,0,14.355875735485268,1.4735034294380047,0.6791518013634846,78.13155101756489,2,Graduate,0
1,7,8,8,0,3,146.38226934194918,21,2,5,0,8,145.52791140033486,0,0,0,1,0,1,20,0,2,3,3,2,10.579086193211538,1,1,5,6,4,14.167431791899231,1,15.124223621091536,1.1188082051576702,2.6007685786149333,77.14549446570192,1,Enrolled,0
0,15,6,11,1,3,162.59364926296325,4,2,6,3,6,103.13557361411289,0,0,1,1,0,0,20,0,0,4,5,3,10.899931464211136,1,2,3,4,3,9.809483332772093,0,7.725763750643196,1.3925428738698078,0.425682713113084,70.92762597515963,1,Enrolled,2
1,1,6,10,0,3,122.4577424642051,7,5,1,1,7,133.94857903222817,0,0,0,0,0,0,35,0,1,5,5,5,15.546320678506396,0,2,5,5,4,12.746118822038898,1,11.562265260425429,1.0918295125964248,0.4535806818179348,68.05897354978761,1,Enrolled,1
0,2,1,1,0,8,121.4382259370748,9,6,3,3,7,119.3679937596223,1,0,0,1,0,0,22,0,2,6,6,3,9.61764109234052,0,0,3,4,2,12.350161449695936,0,7.85542519299073,0.1540309248469136,2.4197978909617888,69.49657203949347,1,Enrolled,2
0,3,4,6,0,9,146.2500944899746,6,5,5,1,2,120.56947376133124,0,0,0,0,1,1,34,0,1,4,4,4,18.652170740901376,1,0,4,4,4,17.63445607509608,1,9.762283621486032,-0.1591371942669641,0.7518185390685735,87.05316499374999,2,Graduate,0
2,5,8,7,0,7,100.0859341826406,7,1,5,3,6,131.8766816412014,0,0,0,1,0,1,29,0,0,4,4,2,17.3027921425376,0,0,5,5,4,15.789694329942249,1,8.405050656045567,0.4850514710053766,2.661938353707658,63.3678382448384,2,Graduate,0
0,16,5,17,0,1,97.21417087498048,17,3,2,3,7,146.85532045544142,0,1,0,1,1,0,39,1,1,6,7,6,8.995593339817617,0,1,6,7,6,7.696109953598686,0,8.11850993972621,2.405155102031293,-1.9086740497509065,79.87516406068126,1,Enrolled,1
0,17,7,16,1,6,143.07332951311196,4,6,5,2,2,162.70121151265462,0,0,0,0,1,1,35,1,0,5,5,5,18.16533375902717,1,1,4,4,3,16.068748933895144,1,10.570496888001705,0.5194574853958787,1.6580651214739863,68.34635663737873,2,Graduate,2
1,16,6,14,1,3,149.72278471253756,2,6,2,4,8,126.8643990180222,0,0,0,0,1,1,27,0,2,6,6,6,13.532678229303796,0,2,6,7,6,15.1670417721756,0,6.0,2.75057789504158,-2.397203371000911,82.96507957786656,1,Enrolled,1
1,11,1,3,0,1,142.34404889709205,17,1,1,8,9,170.31689532302676,0,0,0,1,1,0,17,0,2,3,4,3,17.846756275789016,1,1,6,7,5,14.201182849594588,1,8.431259483490209,0.2560419940041731,1.2799579997903283,93.95238960159574,2,Graduate,0
2,3,4,9,0,10,132.85123937543847,7,3,4,0,3,97.43991150475117,0,0,0,1,0,0,40,0,2,5,6,3,13.46699420128709,0,0,6,7,6,13.422122094569218,0,18.0,2.9221415065342007,2.4211752375787263,45.82768282549712,0,Dropout,1
0,10,2,10,1,2,123.15415290457202,11,1,3,6,9,119.05259102919672,1,0,0,0,0,0,23,0,2,4,4,4,12.379852936000647,0,2,3,4,3,12.704124952019203,0,6.0,0.8813028807433294,-2.1306764097046127,78.42152531077147,1,Enrolled,2
0,16,6,3,0,3,169.926295618631,20,2,6,9,6,190.0,1,0,0,1,0,1,41,1,0,3,4,2,12.014878887327288,1,0,6,7,5,10.218515595237198,0,8.859122678775455,1.1303623542209174,-3.3314292831369023,70.29273082074741,1,Enrolled,0
0,9,7,12,0,7,172.78913189216092,18,2,3,0,7,111.43467962003328,0,0,1,1,1,0,37,0,0,3,3,3,4.426427867379985,0,1,3,3,2,8.094258996015945,0,10.86432452708617,1.1407579568949988,2.331796754709189,91.85935275181384,0,Dropout,0
0,1,3,4,1,6,137.3675292274867,21,3,1,9,7,171.2819256240357,0,0,0,1,1,1,31,0,2,4,5,2,16.244860380410607,0,1,5,6,2,18.190695996937254,0,9.461188725733315,2.1985418008125746,1.6089431950543425,77.69325901496082,2,Graduate,0
1,11,2,12,0,2,119.9579136869724,7,2,4,0,4,139.35050991544952,0,0,0,0,1,0,17,0,2,6,7,4,10.525147949433254,1,0,4,5,2,9.0888255184564,0,7.7083282234952755,1.8024921148419049,-1.1773968860453825,73.53415120702692,1,Enrolled,2
0,11,2,13,0,5,112.7996059299585,18,1,5,1,6,138.228520914239,1,0,0,1,1,1,28,0,1,3,4,3,16.35938383459829,0,0,3,3,1,15.794017847539967,0,12.904056969298994,1.6670055020330965,1.2398451523496288,92.60696151989217,2,Graduate,0
0,13,6,7,0,1,144.48607924077993,19,5,4,9,7,163.3815391243858,0,1,1,1,1,0,23,0,0,3,4,3,18.8588533838312,0,2,3,3,2,20.0,0,10.448134153601908,1.4029320976835895,-0.1745894155813935,66.45650048347028,2,Graduate,0
1,8,3,9,1,3,107.97327637167614,14,4,5,5,1,159.87914443841396,0,0,1,0,0,1,31,0,1,5,6,4,10.97855041416946,0,1,5,5,5,10.878618135038328,0,8.129657157583495,0.8167273533246158,0.4775363404505597,74.38916848572424,1,Enrolled,1
2,9,7,7,0,1,108.48259934696414,8,6,5,8,9,173.34378288592652,0,0,0,1,1,1,37,0,0,5,5,5,10.771838326695606,1,1,5,5,5,13.97578367419422,0,12.571808626567533,2.8162848677082275,0.3169926981065855,63.40354091807392,0,Dropout,1
0,6,1,7,1,3,124.34649515035828,7,6,5,2,3,133.8236167651214,0,0,0,1,0,1,35,0,0,4,5,4,16.527277498988763,0,2,4,4,4,17.642801746861764,0,8.417977973411679,1.603153124308346,-1.5952962211147466,87.14824813082458,2,Graduate,2
0,4,3,13,0,2,146.15808294427578,1,1,4,4,5,143.5747739296027,0,0,1,1,1,1,45,0,2,4,5,3,11.363587082410213,1,2,5,6,3,11.69579527523542,0,7.375327162661184,2.1890077705356155,2.4219722385387987,47.64438316109387,0,Dropout,0
1,9,4,6,0,4,167.31208636305982,6,3,1,7,8,133.74516538315092,0,0,0,0,1,0,41,0,2,4,5,1,17.610360790516907,0,1,3,4,3,17.921052362943225,0,11.763398492176387,1.7401597128323136,-1.1063194454323118,80.90975188758992,2,Graduate,0
0,15,8,7,1,5,140.51761794421316,4,2,5,9,1,112.20283508815312,1,0,0,1,0,1,49,0,1,6,7,4,10.580811806385675,1,2,4,5,3,18.15305341900286,0,6.078840809319304,0.9941137826462328,0.9667777555352776,91.08101128076044,2,Graduate,2
1,4,2,13,1,3,145.92571286332785,16,4,6,5,6,144.26571863526368,0,0,0,1,0,0,48,0,2,3,4,2,18.033737716984845,0,1,4,4,4,15.187580142172536,1,15.273546535589762,4.0,1.973702868782318,73.77255234341442,2,Graduate,0
1,16,6,6,0,10,156.6183054364724,15,4,1,2,1,135.8778220583061,0,0,0,1,1,0,42,0,2,4,5,3,11.929920739292326,0,1,4,4,4,8.893830616621315,1,14.548266180420791,2.976168216983357,-0.694137455904551,78.39568263175266,1,Enrolled,0
0,6,3,17,0,5,154.56709832910764,18,2,5,1,9,95.0,1,0,0,1,1,0,27,0,2,5,6,2,14.155868312672585,1,2,6,6,6,13.252260661631722,1,11.64067950549452,0.8518704019970925,0.3052267001073592,36.34628423006536,0,Dropout,1
0,12,8,8,0,11,122.85729213867346,18,1,1,2,1,167.734838589696,1,0,0,1,1,0,24,0,0,3,4,2,16.437901324213726,1,2,6,6,5,19.649622152531972,1,8.25344836472252,3.963082074379076,-0.115773156427172,86.45111430341944,2,Graduate,0
0,15,5,15,0,7,154.1659936289908,8,2,6,5,0,143.7025804856727,0,0,0,1,1,0,30,0,2,4,4,4,14.790260496963024,1,2,3,3,3,8.330543760252247,0,6.796568102870645,2.6128461951420707,3.5,84.38091865487009,1,Enrolled,2
0,15,3,1,0,10,157.6995265526705,10,5,6,4,8,122.49427908640097,0,0,1,0,0,1,26,0,2,3,3,0,16.747310099006913,0,1,6,7,5,11.687586263693913,1,6.0,0.1884283174295387,2.446818806606818,70.73749061917917,1,Enrolled,0
0,15,3,1,1,9,141.835860313353,5,3,1,7,5,148.31063227456414,0,0,0,1,1,0,18,0,0,3,3,3,7.904050592137178,0,2,5,5,4,6.604730636099867,1,14.84791493349108,2.558397102558101,2.167769277110628,71.8401279119912,0,Dropout,0
1,16,4,7,1,8,138.0024853740641,7,6,1,9,1,126.89724760932567,0,0,1,1,0,1,25,1,1,3,3,3,11.57479313389356,1,1,4,5,2,16.57519240357775,0,7.091688647900224,1.9994064259217612,3.5,77.92446842397419,2,Graduate,0
1,14,6,16,0,6,148.1877795461917,17,2,2,1,9,145.03736294611724,1,0,0,0,1,0,19,0,2,4,5,3,13.22133179974193,0,0,3,4,1,12.98493350492951,0,11.062300576078623,1.6986885443739024,1.4337922326876231,58.22961297748749,1,Enrolled,2
0,8,2,14,0,9,145.89012640659132,6,1,6,1,3,174.68013171032015,1,0,0,1,0,0,37,0,2,3,3,3,10.320685261047466,1,2,5,5,3,7.114637851224831,0,10.596942195618968,2.717690761309444,0.1952768988038679,56.21364178162205,0,Dropout,0
2,2,4,12,0,8,94.01391315432146,11,5,6,3,3,149.96875974794636,0,0,0,1,0,0,42,0,0,3,3,3,16.39774593997,0,1,4,4,3,18.15286704090019,1,6.0,1.909011854147284,-1.7916897853926292,84.14034589125859,2,Graduate,0
0,15,4,5,1,4,144.43458006507558,10,6,4,8,6,127.82335722102265,0,0,1,0,1,1,24,0,2,3,4,3,11.20712903486225,1,1,5,6,5,15.06195346073044,1,8.186698902995472,-0.9118256182737658,-0.4591517652494228,59.83806649550756,1,Enrolled,0
1,8,5,7,1,11,160.9402851429476,7,5,5,4,6,114.22630305353444,0,0,1,0,0,1,18,0,2,5,5,4,10.327844069883977,1,1,6,6,3,8.431119468274469,1,6.600848887066694,-0.1241037622288534,1.0866691386287872,77.79033281795782,0,Dropout,1
0,11,4,12,1,2,156.7508455906461,7,1,5,6,3,122.1415379632032,0,0,0,0,1,1,22,0,0,4,5,1,16.29159802430969,0,2,5,5,5,17.127611922613234,1,12.379254548477654,0.4733190002519303,2.476495499473052,35.212096566976044,1,Enrolled,0
0,16,6,5,0,9,143.29729644975632,10,3,2,6,4,160.3009755949456,0,0,1,0,0,1,44,0,1,6,6,6,9.340909222420311,0,2,6,7,6,9.432802685369392,0,12.511521961031445,3.894703698604316,-0.3770046268976412,68.11363795294366,0,Dropout,1
0,8,8,7,0,6,138.25714702687878,13,4,1,5,8,138.5857465331707,0,0,0,1,1,0,45,1,0,5,5,5,9.511485564504234,1,0,5,5,5,10.642148996758364,1,9.267828040994017,2.282020411822791,3.5,42.32814345202203,0,Dropout,1
0,5,4,7,0,10,126.26873431766188,3,5,1,5,5,153.9938218900504,0,1,1,0,0,0,42,0,2,3,3,3,14.77896750916534,1,2,3,3,2,13.33157417467964,1,7.471727772712388,2.149336703198938,-1.971259969020274,78.99805332304192,1,Enrolled,0
0,4,5,13,0,8,132.48079908570335,9,6,5,8,1,133.0086973198123,0,0,0,1,1,1,41,0,1,3,3,2,17.70337500341844,0,0,6,7,6,18.9749525078655,1,10.563882629548935,1.6294206302370964,0.1241579678437408,76.95298256490737,2,Graduate,0
1,12,7,17,0,8,151.001746410797,5,1,3,3,1,116.66529710920148,0,0,1,1,1,0,28,0,0,6,6,5,13.565876188510469,1,0,6,6,4,15.362046318739395,1,13.321434999355848,0.3941347243848223,1.5268261683588995,66.51337383647461,1,Enrolled,1
0,10,1,5,1,4,143.46034423116842,16,6,5,1,2,154.97496002812906,0,0,0,0,0,0,21,0,2,6,7,6,7.344545545319068,1,0,4,4,3,8.830294005570991,1,6.0,-0.2443542502470961,1.0361089429149224,51.77932184354472,0,Dropout,2
2,4,4,14,0,10,154.88230061306297,11,6,5,6,6,119.77756821972898,0,0,0,1,0,0,31,0,2,5,5,5,15.39727228790417,0,0,6,7,5,11.041420685832945,0,16.338008614213603,2.694947244017051,1.6581055117131986,81.28106743367184,2,Graduate,1
0,10,3,11,1,5,123.57550944417152,18,5,2,5,1,129.80170468638664,0,0,0,1,0,1,31,0,1,3,3,2,10.925906006184,1,2,4,4,4,7.041246874646152,0,9.26862520389408,3.4960847868612337,1.0313227462245922,85.57999651876611,1,Enrolled,0
0,11,4,4,0,1,158.83930558254252,15,6,1,3,0,109.40211987903216,0,0,0,1,0,1,39,0,1,6,7,5,16.922655218786836,0,0,6,7,5,14.899573788448508,0,9.64350763936688,2.313047904429805,1.9668103483531727,62.84963931171311,1,Enrolled,1
0,13,7,17,0,9,121.3941893701316,5,4,4,0,3,116.61999085190452,1,0,0,0,1,0,22,0,2,5,5,5,11.6712124381795,0,2,6,6,6,12.039930960014107,1,14.807967299274676,0.9110190000312004,0.3609355045314673,41.82370739746624,0,Dropout,1
2,2,8,17,0,7,139.46120110437693,8,6,5,3,9,162.39306830434057,1,0,0,0,0,0,37,0,1,6,6,6,17.003809496361974,0,2,6,6,6,18.10180850496416,1,9.832629728076444,1.0092200433024128,0.2589369754916114,70.28436686955482,2,Graduate,1
0,14,2,3,0,1,122.63824773547762,8,1,5,5,6,166.19659505866014,1,0,0,1,1,1,39,0,2,3,3,3,11.537667724455094,0,2,6,6,6,8.60245052488209,0,9.68463939752782,2.3317530370943373,-0.68496368498638,49.40514798973332,0,Dropout,0
0,16,3,14,1,11,132.83423622246244,19,5,4,2,4,167.28689372029447,0,0,0,1,0,1,32,0,1,3,4,0,10.589436888446368,1,2,4,5,2,11.10003014161223,1,7.259644110616191,1.3601317262324064,3.5,92.9416437318168,2,Graduate,0
2,4,3,6,0,10,179.74360109052742,5,1,2,0,6,167.37314554914053,0,0,0,1,1,0,31,0,0,3,3,1,6.288523833424709,1,2,3,3,2,8.352846615050293,0,8.268720096882223,1.3112008533668,0.6587142234189873,89.00233636422111,0,Dropout,0
0,1,1,10,0,10,146.20583047175958,4,6,3,1,6,131.14920579408363,0,0,0,1,1,1,41,0,0,3,4,2,10.69142973639767,0,1,5,5,4,12.061431921251229,0,7.881573889244096,0.8537921927514363,1.5839489049265147,66.75096446419882,0,Dropout,0
0,3,2,17,1,3,139.95413374650488,20,1,2,5,6,156.63482425139568,1,0,1,0,1,0,27,0,1,4,5,2,13.62044553377956,1,2,6,7,5,12.170866628617985,1,6.0,0.7039902053820671,0.4195913171533208,76.0251792865453,1,Enrolled,1
0,12,2,2,0,9,166.06316413089257,18,4,5,0,0,166.32218765196686,1,0,0,1,1,0,31,0,1,4,5,3,13.351555739009234,0,2,6,7,5,12.130503756854292,1,6.0,1.355605210790381,3.5,96.46017861363217,2,Graduate,1
0,3,2,12,0,11,90.0,12,1,2,5,7,118.18527462691168,1,0,0,0,0,1,20,1,2,4,5,1,15.140725249244186,0,0,3,3,3,11.59680492539287,0,9.305204967593683,-0.4004625835970059,0.7798219457570825,75.48473577576536,2,Graduate,0
0,4,8,16,0,11,131.50619926388185,1,6,6,0,5,144.8443074070588,0,0,0,0,0,1,37,0,2,5,5,5,17.354515912739096,1,0,4,4,4,20.0,0,6.0,2.243171897674126,1.3894779628247185,68.16284065488136,2,Graduate,2
2,17,4,16,0,1,124.00644933330716,8,3,4,0,5,136.81026236500728,1,0,0,1,1,0,29,0,2,5,6,5,13.100332891290284,1,0,5,5,2,13.985406711688553,1,11.957976291300533,-0.7406140813739115,-0.7702638284140884,65.30510015027117,1,Enrolled,2
1,12,7,3,0,6,116.13401353974098,9,5,2,5,9,95.0,1,0,0,0,0,1,38,0,0,6,6,5,13.237056377656444,0,0,3,3,2,8.906471879881604,1,9.33774101430302,2.778421439710643,3.5,84.11333312544932,1,Enrolled,2
0,8,4,7,0,5,101.36972276571676,21,2,5,0,3,148.1411830947487,0,0,0,1,0,1,35,0,0,6,7,5,16.895094885542346,0,0,3,4,2,19.66171021484014,0,6.0,0.8667739227873706,1.190589857921939,70.0698001903597,2,Graduate,2
0,17,8,10,1,4,130.18008603934211,13,3,4,8,8,122.13571352893976,0,0,0,1,1,1,30,0,0,5,6,5,13.80855395101684,0,0,3,4,2,15.154925335342952,1,14.574274917186534,1.3572728043354152,3.5,93.76757223707978,2,Graduate,2
0,14,3,8,0,1,150.25713634365962,1,3,4,1,9,166.28060950622404,0,0,1,0,0,1,20,0,1,6,6,6,9.7689479001731,0,2,3,3,1,12.454684325723251,0,8.72078978034635,2.1696431149105293,-0.2813401816875283,86.11839716112539,2,Graduate,2
0,11,1,17,0,7,131.7686582359041,6,1,5,8,8,120.9411907081996,0,0,0,1,0,1,43,0,0,5,6,5,11.172540030184807,1,2,6,6,5,9.476026208089184,0,11.545298151532783,1.154505933520625,0.0044126101423227,52.57176183404985,0,Dropout,1
0,8,4,3,0,1,152.57597267344093,1,3,5,4,5,148.22778624183076,0,0,0,1,0,0,45,1,1,4,4,4,5.545351930574597,0,0,5,6,5,4.1977879684738575,1,14.93240585015158,0.6138939294382496,-0.1488634010626033,71.12725256612083,0,Dropout,0
0,1,6,8,1,1,136.57289753406562,14,3,5,4,8,142.80449449438885,1,1,0,1,1,0,44,0,1,5,6,5,9.721419256428945,1,1,6,7,3,7.389801616706315,0,9.89849817294342,1.8437214607056496,0.2893981909771713,61.77229370198905,0,Dropout,1
0,17,6,5,1,2,160.6557423063073,5,3,3,9,0,96.92540025878068,1,0,0,0,0,0,24,0,1,5,5,4,7.083883409429797,0,1,3,4,3,12.076837259404227,1,10.041951174518,4.0,2.0069930755016445,61.69444069532784,0,Dropout,2
0,10,4,12,0,9,123.93847056854447,13,1,5,7,6,131.99145904607602,1,0,1,1,1,0,32,0,0,6,6,4,14.228504039786973,0,2,5,5,5,12.676027547762112,0,14.314358639524295,2.4453628591417798,-2.886949702330303,92.609839184113,2,Graduate,1
1,9,8,6,1,1,93.80122818752317,5,6,2,0,8,148.93196029350744,0,0,0,1,0,1,46,0,0,6,7,5,17.24035574306122,0,2,3,3,3,14.552326218811986,1,9.118255673414318,0.5904862463173818,0.7131168706361908,59.325498061100646,2,Graduate,2
1,2,7,10,0,8,100.23226814541728,15,3,6,8,4,165.5876860451343,0,0,0,1,0,0,34,0,1,5,5,3,9.707028947278816,0,1,4,5,2,7.789646311983763,1,13.219547059059506,1.0775717491566628,-0.6052071484318191,38.96734380796988,0,Dropout,2
0,3,8,10,1,1,124.04934461361276,3,2,1,0,5,140.46343475129945,0,0,0,0,0,0,18,0,0,3,4,1,9.837279727426765,1,1,3,3,1,8.724381642487078,1,9.77779058063194,0.9272603175703348,-0.7984920128914381,53.941824412320855,0,Dropout,0
1,1,1,1,1,11,115.63672141362537,4,3,3,4,5,162.65223105446265,0,0,0,1,1,0,29,1,1,6,7,6,16.300997895611083,0,0,3,4,1,19.890882205778105,1,10.510937649113714,0.262040173617974,1.642846856681477,75.37186943522394,2,Graduate,2
0,1,7,9,0,1,122.00897841879502,3,1,3,7,4,153.43416322166263,0,0,0,0,1,0,20,0,1,5,5,5,11.421895109822772,0,1,4,4,1,11.813992980148376,0,10.469032918660355,2.2198284428647965,1.3400288748568796,44.91625476500671,0,Dropout,2
0,8,2,3,0,9,160.0512703720474,20,6,1,0,9,154.2703178741534,1,0,1,1,0,0,42,0,0,6,6,6,13.898615413638357,1,0,6,7,6,16.682492157061027,0,8.890565570818538,1.1087479810892813,2.353529326033255,46.9613893907547,1,Enrolled,1
1,1,3,1,1,8,101.97586225918522,12,1,2,4,8,155.3882165497587,0,1,1,0,1,1,41,0,1,3,4,0,15.600966428986922,0,2,5,5,4,16.01422644270771,1,8.395621745858374,1.881313711097356,1.497290449512372,78.83270466419428,2,Graduate,0
1,17,4,10,1,1,168.17898647298742,14,4,3,2,4,133.13568007021365,0,0,1,1,0,0,46,0,0,6,7,6,10.521730244689511,0,2,3,4,2,9.771140982148284,0,8.042199854445748,-1.0,1.1235398016658296,72.34118605585209,0,Dropout,2
0,10,8,3,0,7,117.27285199091732,6,4,3,7,2,115.2713817048253,0,0,1,1,1,1,27,0,0,5,5,4,10.589693951591595,1,0,3,3,0,7.683412608762625,0,6.113146116158806,2.328028172890285,-0.2054351328858981,73.843044751562,1,Enrolled,2
0,9,1,7,1,8,107.63177966260552,19,6,5,2,5,179.24386706819513,1,0,0,0,1,1,23,0,1,5,5,5,11.22765034926224,0,2,4,4,4,14.912721531930403,0,8.66022090922938,0.7895941484428383,-0.868383001685213,40.47817508178608,0,Dropout,2
2,10,1,7,1,2,131.9558525155654,5,6,6,7,5,159.20820302134098,0,0,0,0,0,0,47,0,2,3,3,0,7.562549719682553,1,2,5,6,2,9.739953750664183,1,9.203937090985471,0.2936902898461926,1.87840576894919,52.402529097898174,0,Dropout,0
0,1,7,10,1,4,167.97838828442744,17,2,4,1,0,138.28807808718773,0,0,1,1,0,0,26,0,0,5,6,5,14.703368401242267,0,0,4,5,4,17.10823884552539,0,11.222588167330292,-0.1052103331630296,0.3394996768177718,64.04060636801563,2,Graduate,2
0,16,2,13,1,2,119.32955185950924,19,6,3,9,3,155.4289918287605,1,0,1,1,0,0,29,0,1,3,4,1,15.103041198032276,1,1,3,3,1,17.115951930243806,1,9.72313288325081,0.3961756114528658,1.5185893536045263,84.50939338640049,2,Graduate,0
1,7,7,4,0,6,121.77864575661684,18,5,6,2,9,149.93471899453652,0,0,1,1,0,1,47,0,2,5,5,5,13.27891073505656,0,2,6,6,5,11.203624473344814,1,13.232187584867685,0.9865647331802612,0.7918777759958235,66.88876555325655,0,Dropout,1
0,3,7,12,1,5,123.24865913756146,12,4,2,0,9,118.64664258043972,0,0,0,1,1,1,23,0,2,5,6,5,17.75886857775682,0,1,6,7,4,18.121386750844465,1,13.097238914003794,2.5664455043989136,-2.878479130697368,39.70877887097628,2,Graduate,1
0,17,5,3,0,11,160.30068526788014,18,3,4,0,0,131.55440299111777,0,0,0,0,1,0,36,0,2,6,6,5,12.085851384207023,0,1,5,6,5,14.50300929939348,0,14.035715930402077,0.9675469055698108,1.6703012478788537,96.39322643529977,2,Graduate,1
2,9,7,16,0,11,125.18419751734857,5,1,1,3,5,173.16101413042247,0,0,1,1,1,0,20,0,1,6,6,3,15.161564666454725,0,2,3,3,3,17.2224068034465,0,9.392977200890602,2.679273276644724,-0.3265761726250678,83.36385316639159,2,Graduate,2
0,15,5,11,0,5,144.8169093567224,13,4,3,4,1,139.8675317644935,0,0,0,1,0,1,23,0,1,3,4,2,14.700420485442672,1,1,4,4,4,14.791899248908816,1,8.46697229536258,1.850582314609429,2.3555568956048445,71.18029392196445,2,Graduate,0
0,8,5,3,1,8,137.65294172370102,4,6,2,2,4,149.38078158277358,1,0,1,1,0,0,17,0,2,6,7,3,10.20310826403777,1,2,3,3,2,14.840575322890064,1,6.0,3.683190672485365,-2.5459693953672176,47.244848142607545,0,Dropout,2
0,4,7,8,0,1,132.58006360546122,18,1,6,1,2,171.49044972922232,0,0,0,1,1,0,29,0,1,4,5,2,17.04203291478269,0,2,4,5,3,18.07447632952888,1,13.925275400520569,0.898891937786201,3.5,71.76526277634167,2,Graduate,0
0,2,5,7,0,10,124.02938136602944,20,3,1,0,5,139.79209592449027,0,0,0,1,0,1,38,1,0,3,4,1,13.448613167347377,1,0,4,4,1,16.453593175354218,0,6.536604650374615,1.9964740742846712,-0.2727842759742129,75.59349406864277,2,Graduate,0
0,2,4,14,1,2,178.31759763758163,9,1,5,2,8,116.71632532913314,0,0,0,1,1,1,37,0,2,4,4,4,16.411131889977597,0,2,5,6,4,16.6114944725788,0,7.296694728578894,2.9985769547191445,1.648149176730928,67.48890264357587,2,Graduate,0
0,13,8,2,0,1,190.0,2,1,5,0,2,142.83276445758068,0,0,1,0,1,1,38,0,2,3,4,3,8.446732992325794,0,0,4,4,4,7.217580408115015,0,10.677214702174677,2.2564137752673954,-0.4826402673130598,70.21155937789263,0,Dropout,0
0,1,7,10,1,4,115.56384270818344,10,4,4,9,8,126.04134979273633,0,0,0,1,1,1,44,1,2,4,5,4,13.384136904464494,0,0,5,5,5,15.507094372870164,0,9.073431128962238,1.2956543342242544,-0.2379896936505841,35.29558803887505,0,Dropout,1
0,15,6,3,1,2,111.42882864084638,13,1,1,9,4,105.21059420506838,0,0,0,1,1,1,25,0,2,6,6,3,11.38792285385647,1,0,6,7,6,12.92171901003451,1,14.34191681089997,0.9148855450693828,2.033535244638476,62.82435215596809,1,Enrolled,1
0,2,6,11,1,10,135.89713064727098,6,3,4,5,1,160.07617709186422,0,0,1,0,1,0,42,0,1,6,7,3,10.01991947052428,0,0,5,6,3,10.586080040226816,1,7.697367835359905,-0.8323945968968496,0.4363670452415051,36.18379820358607,0,Dropout,1
0,16,8,8,1,11,90.0,20,2,1,2,9,133.59196498751524,0,0,0,1,0,1,25,0,2,5,6,4,17.933243342947833,1,0,5,6,3,15.517911071575089,1,10.0872266376492,1.212535148050151,0.561373576788064,84.36330551479026,2,Graduate,1
0,14,1,5,0,7,136.0625822665784,8,1,6,3,9,95.0,0,0,1,1,0,1,31,0,2,4,5,4,13.683538295848985,0,1,5,6,2,15.910941260501874,0,6.0,0.3930812241726229,2.329032202792734,95.58715192901664,2,Graduate,0
0,6,6,9,0,5,179.15809677369072,13,6,1,7,9,146.33803700881535,0,0,0,1,0,1,26,0,2,5,6,5,7.830608984488601,0,0,6,7,6,5.546955310410706,1,13.69649057233184,0.8499038105115357,1.1400787376289558,82.41684266659519,1,Enrolled,1
0,11,6,13,0,5,121.8241574158228,4,1,5,9,9,146.64576311579577,0,0,1,1,1,0,40,0,2,3,3,0,11.259424729213498,1,0,5,5,5,12.902815803176292,0,6.0,1.5620018989207316,1.606865797647974,61.35735666579515,0,Dropout,0
0,14,3,11,0,1,158.77025552156715,19,3,4,4,8,188.7696425886508,0,0,0,1,1,0,24,1,0,4,4,4,16.286681735426463,1,1,4,4,4,13.24421750520472,0,17.46314218444922,-0.3733195994964839,-0.3244867183830917,38.56985446926184,0,Dropout,0
1,4,7,2,1,2,167.32558424657165,7,5,5,4,2,139.89586460435942,1,0,1,0,1,0,40,0,2,5,5,3,10.014926265440334,0,0,4,5,3,7.597309217518801,1,9.647811206546416,0.3086168444097281,1.9997916154995408,97.16282976856732,1,Enrolled,2
0,17,6,12,0,5,116.04509376350958,15,3,1,7,8,166.69026800255196,0,0,1,1,1,0,32,0,1,3,3,3,9.657551262877522,0,1,5,5,2,10.087777307839673,1,9.13784184072407,1.9648222624559453,1.0008881025072132,73.00201070860032,0,Dropout,0
0,16,6,3,1,7,138.9222793564594,5,4,5,9,5,156.1640274907006,1,0,0,1,0,0,42,0,0,4,5,4,12.485344038460378,1,1,4,5,4,13.63275802117103,1,9.90507908013639,-0.018015957499794,1.5747189962644912,69.87537354155428,1,Enrolled,0
0,6,8,15,0,1,142.78968968319012,17,4,4,9,0,125.26444443055608,0,0,0,1,0,1,43,0,0,5,5,3,14.642577273469632,1,0,5,6,5,14.884296227149614,1,6.777898096983937,1.4457482434939908,1.4547836057417798,64.00322466036332,1,Enrolled,1
0,8,7,1,1,7,151.03545747748564,19,2,4,9,0,148.70732931698845,1,0,0,1,1,1,20,0,2,4,5,4,10.451046858934054,1,2,6,7,4,8.833146270693048,1,11.973675077203598,-0.1820157072059418,2.8331973865169555,83.57244396415498,1,Enrolled,1
0,13,7,11,0,11,152.639221205597,21,1,2,3,2,135.88952964423706,0,0,0,0,1,0,40,0,1,4,5,4,14.367524815730851,0,2,4,5,3,16.8505506283414,0,8.774334684728982,2.1315911557572043,1.7086753601862523,92.24088846634234,2,Graduate,0
0,4,6,10,1,2,159.69499553090748,5,2,5,7,4,122.80637340979106,1,0,1,1,1,1,35,0,0,5,6,2,13.122017616390094,0,0,5,5,5,13.16907950924344,1,9.062070382323588,2.2885192806942145,-1.2879354062449584,72.82645855514744,1,Enrolled,1
0,16,4,3,0,2,117.79327026225478,11,6,2,9,5,127.0858104327816,0,0,0,1,0,0,26,0,0,6,6,5,13.547525535757586,1,2,3,4,1,13.73096356217725,1,13.85533308615545,2.9819020446639493,-0.2700813461937699,77.56428410349216,2,Graduate,2
0,17,5,14,0,9,138.82850097573572,4,6,1,4,4,123.69263011687244,1,0,0,1,0,0,41,0,1,6,7,4,4.583396712145669,1,0,6,7,6,3.8896117426704566,0,6.0,2.994231946237071,1.2073818200420374,95.14050445586294,0,Dropout,1
2,4,3,16,0,8,167.61310032069582,14,2,6,5,7,139.75779354516553,1,0,0,1,0,0,34,0,0,5,5,3,13.055702370677349,1,0,3,4,0,10.948920199712886,0,9.4127247790155,1.82898197355581,1.5171464227626204,51.0255629352648,0,Dropout,2
0,16,3,9,0,10,169.99090630145827,4,1,5,0,5,139.88183562544594,0,0,1,1,1,0,35,0,2,3,4,3,12.122582703312045,0,1,5,5,5,14.639274401887366,1,9.671798946247955,-0.6140207528293411,-1.584800319799825,36.57045543834923,0,Dropout,0
1,2,6,14,1,4,139.95198724175816,4,1,3,8,1,126.25511474456928,1,0,1,1,1,0,26,0,0,5,5,5,14.366220621135833,1,0,4,4,4,12.45943231586017,0,10.414180709719693,1.5025079175141764,-0.9862878521289328,72.67687365823488,1,Enrolled,2
0,13,6,1,1,5,123.30431391904555,2,3,2,3,4,134.79535399232165,0,1,0,1,0,0,49,0,2,5,5,5,10.711688240721966,0,0,5,5,5,14.655218806818429,1,8.331393380512774,2.0495014668436102,2.768418979953048,71.36757762634736,0,Dropout,1
0,3,5,1,0,9,157.7751206035,7,2,4,0,6,95.0,0,0,0,1,1,0,21,0,1,4,4,4,11.701690743508829,1,2,4,5,4,9.33923538932974,1,9.04290510388084,1.6451176335041755,3.5,78.62293988190108,1,Enrolled,0
0,10,3,4,1,4,146.79681635403006,19,2,2,6,1,114.7887069142689,0,0,0,1,0,1,49,0,1,6,6,6,14.86586263512162,0,1,5,6,4,15.373193172217478,1,15.54766258059693,3.495305835318865,-2.177682544842355,58.392135643207446,0,Dropout,1
2,3,4,1,1,10,146.32199912946717,1,4,5,9,4,132.688901799575,0,0,0,1,1,0,37,0,0,6,7,4,18.060013392498146,1,1,5,5,4,17.933882984255256,0,11.498353476719595,3.0572035637679136,1.2647318124783555,86.1659893581483,2,Graduate,1
0,1,8,12,0,8,152.0669927912205,12,6,2,3,4,181.79191516598465,0,0,0,1,0,1,33,0,1,6,6,6,8.363994239120913,1,2,4,5,3,7.782444112298089,0,7.662805957187637,1.531443844304063,0.8861865026966366,48.4978238098592,0,Dropout,2
0,11,2,4,0,5,114.08430430516086,19,2,4,4,7,155.83091471979878,1,0,0,1,1,1,38,0,2,6,6,5,14.796015213648214,0,0,4,4,3,16.200822721691697,1,11.956522879566656,2.3949357095667008,2.6205344150552268,61.305581912156015,1,Enrolled,2
0,5,4,9,0,1,153.63688537750917,12,6,2,6,8,115.5672554587499,1,0,0,0,0,1,31,0,2,5,5,5,17.269765414377694,0,1,5,6,5,18.94422977903411,0,10.136943225116374,-0.2596743954464817,1.693465561123234,83.01497604165093,2,Graduate,1
1,3,4,7,0,7,138.3995891259372,9,3,2,6,2,180.3706802488096,1,0,0,1,0,1,44,0,2,4,5,4,15.43146739663466,1,1,3,3,3,16.47137841974091,1,12.225825348290494,1.7270228292915413,2.292378807470373,82.88511192639598,2,Graduate,2
0,11,2,14,1,10,160.11295237294715,7,6,3,8,3,139.95982913451994,0,0,0,0,0,0,23,0,0,6,7,6,17.033879536156142,1,2,6,7,3,14.074167256956382,1,9.388023574025189,-0.0165705308487216,-3.305499377299061,88.1939490169265,2,Graduate,1
0,1,5,3,0,11,135.4502999601915,1,5,1,8,8,111.63420829283108,0,0,0,1,0,0,48,0,2,6,6,4,11.09767386469221,1,1,3,3,1,7.869412375829855,1,7.576599579117466,1.2851297866688751,0.7871562155050883,92.51239995744264,1,Enrolled,2
2,15,5,15,1,11,147.83515166128103,6,2,4,6,8,138.0271364382083,0,0,0,1,0,1,27,0,2,4,4,4,17.328701613257724,1,0,3,3,3,13.950031187186012,1,6.0,0.6855181038674701,-0.8311158031817139,56.83850436919779,1,Enrolled,2
0,7,7,11,0,3,145.0615595128061,10,3,1,9,2,164.62719770207002,0,0,1,1,0,0,26,0,1,5,6,4,10.464382411151693,0,2,3,4,3,9.55416831475531,0,13.45705827421535,0.718550030860945,-0.7850384019647751,75.06446905099835,0,Dropout,2
0,2,2,10,1,7,122.98920531258295,1,3,3,8,1,111.65702089440182,0,0,0,1,1,1,25,0,0,5,6,4,13.192948718774195,1,0,3,3,2,18.18130676667965,0,12.05234965294884,0.5251052358022079,-1.4068848368159037,85.75197642019349,2,Graduate,2
0,15,6,15,0,8,115.1618292728855,18,5,6,4,6,114.09657701560018,0,0,0,0,1,1,30,0,1,5,5,5,11.241632382979796,0,1,4,5,4,10.818697922303413,1,11.070114275953593,1.0198332711723506,1.2110821635444309,51.42951046866917,0,Dropout,2
1,4,7,17,0,4,152.74674346411769,3,3,6,1,3,185.1579648459391,1,0,0,1,1,1,29,0,2,6,7,5,11.382316858579651,1,2,3,3,2,16.33460720666693,0,11.946629816382975,0.8137769151908172,1.4001802024511212,56.691570545447874,0,Dropout,2
0,1,4,11,1,11,116.14893436588214,11,4,5,8,2,147.41068389978832,0,0,1,1,0,1,41,0,2,6,7,3,6.975261114820844,1,0,6,7,5,6.591750662313648,0,13.710084549056276,2.25996847935628,1.9356992836512767,53.1382825114355,0,Dropout,1
0,9,1,16,0,6,127.60646309713404,14,5,5,5,1,128.20852162842175,0,0,1,1,0,1,18,0,1,6,6,5,6.09864691293821,0,1,4,4,4,6.198617707667885,0,6.0,1.1827118694317256,0.0744683719685208,63.30354972490628,0,Dropout,2
1,9,3,4,0,10,126.94138977236216,6,6,3,5,9,137.34467041054688,0,0,0,0,1,1,23,1,1,5,5,5,17.118741837610123,1,0,3,4,3,18.30817182913688,0,10.250009960318598,1.445300014415806,3.291454017786865,95.59794712981534,2,Graduate,2
0,6,3,7,0,7,143.07657497729213,11,6,5,8,7,147.13807895799107,0,0,0,1,0,0,37,0,1,6,7,5,6.703497059260074,1,0,4,4,2,5.6759487661524455,1,6.0,1.8492886925949032,-0.8776892055567898,35.001819031818,0,Dropout,2
1,14,3,11,0,8,149.8664483186029,7,6,5,0,6,135.1636641914304,0,0,0,1,0,1,34,0,2,3,3,2,13.876549077305835,0,2,3,3,3,14.144771284419496,0,8.817923534615716,1.845434118364315,-1.778635310236064,71.04199676851798,2,Graduate,0
0,9,1,17,1,3,100.75490658315752,8,6,2,1,4,173.7457504978153,0,0,0,1,0,0,19,0,1,4,4,4,8.453375273070534,1,0,3,3,3,3.896248870680705,1,10.989740289432415,0.2173565928083611,1.1938329730473176,38.93804113999877,0,Dropout,2
0,2,4,10,0,7,119.04683352938844,5,6,2,2,6,142.47325578192775,0,0,0,1,0,0,27,0,0,3,4,3,10.030060093448856,1,1,6,6,4,7.507283303281348,0,8.94413780468197,1.1828124855248712,-0.4321054001332831,39.22742819137862,0,Dropout,0
0,9,5,15,1,5,118.01140941471304,18,6,2,0,0,156.59271233835693,1,0,0,1,0,1,40,0,0,3,4,3,15.395059044484636,1,1,4,5,2,10.890522909818738,0,15.28718670817057,1.7846933369825786,1.7572365404624164,66.03125606102039,0,Dropout,0
1,13,6,6,0,7,129.98330224161117,15,4,6,3,8,142.08288960277866,0,0,0,1,1,0,35,0,1,6,7,6,13.567118977642515,1,1,4,5,4,15.08021860388319,0,9.12678937026242,0.442926734744844,-0.3839363937659681,88.92445014421003,2,Graduate,2
0,12,2,13,0,6,91.1708345862384,21,2,3,1,7,139.06630702522847,1,0,0,1,1,0,20,1,0,4,4,4,12.555008548248606,0,1,5,5,3,8.846649529735295,1,7.689321404668949,0.3074031942260553,-0.2420646068771241,74.18485204011284,1,Enrolled,0
0,10,3,3,0,5,159.9435982332996,18,2,6,2,3,162.3238984293485,0,0,0,1,1,0,42,1,0,3,3,3,17.00628976736874,1,0,3,3,2,20.0,1,10.095968506985772,0.0922046726793799,-0.3882791640246468,60.55815395511088,2,Graduate,0
0,5,6,8,1,3,136.3287416100414,3,3,5,7,0,162.8480283576074,0,0,0,0,1,1,48,0,0,5,6,5,11.986139407167858,1,1,3,3,3,12.576195666133552,1,6.89225536461758,1.7424297461870828,-0.5175869431871329,96.18191976825256,2,Graduate,2
2,12,1,7,1,10,132.04559949644354,10,3,1,3,3,99.16071855927962,1,0,0,1,1,0,49,1,1,5,6,3,17.304921111625582,1,2,6,6,6,19.403446103768317,1,7.370607769715376,1.1473909657795722,0.7965126729394487,68.86235415906208,2,Graduate,1
0,1,6,5,0,2,151.60941313835747,15,6,6,8,0,139.51803601928327,0,0,0,1,0,1,19,0,0,5,5,4,9.25694604761555,1,0,6,7,4,7.340306963629818,1,12.809424867772092,1.3183824755646996,1.2305093743950497,87.8437287063363,1,Enrolled,1
0,4,2,16,0,3,146.38573580677513,8,5,4,5,5,190.0,0,0,0,0,0,0,25,0,0,5,5,3,8.835732738944824,0,2,4,5,4,5.727053441393782,1,12.970815561729848,-0.6362057967517436,-0.5208991715124953,60.04204478702772,0,Dropout,0
2,13,4,9,0,2,146.1482732395662,21,6,5,0,7,128.84595593130285,0,0,1,0,0,1,24,0,2,4,5,3,12.516411488020353,1,1,6,7,5,11.347102584192928,1,10.47124478124656,1.585095037219473,-1.3071632360566643,51.33591651731431,0,Dropout,1
1,2,1,11,0,3,134.65604541197155,8,2,6,5,4,151.3517051518432,1,1,0,1,0,1,49,0,1,5,6,5,13.011465674860435,1,2,4,4,3,15.371925557181989,0,11.8309007654597,1.6447056139012124,1.6976275260416738,78.97913457944786,1,Enrolled,2
0,11,6,14,0,2,137.30361892684144,14,1,3,6,8,171.18152131736187,0,0,0,0,1,0,22,1,2,4,4,4,9.99564160027711,0,1,3,4,2,14.983270805632618,0,16.265179342195633,1.8161202815483324,1.4982293278894032,95.71462763522136,2,Graduate,0
2,4,1,7,1,1,153.5747967744243,10,3,2,3,9,112.29642693816784,0,0,1,1,1,0,20,0,2,4,4,2,12.033630932224852,0,0,3,3,2,13.004543542558606,0,9.824883664708258,3.2305726540892667,2.0863389572518893,35.14191210528919,0,Dropout,0
0,7,2,12,0,9,146.70506444015473,13,5,4,7,1,130.66806686907069,0,0,0,0,1,0,29,0,1,4,5,4,17.776676641994587,1,2,4,5,3,14.187509159692349,1,7.399351654330664,0.588351385708465,-1.078041937126968,43.14068041739335,0,Dropout,2
0,9,8,8,0,10,173.0220683178282,10,3,6,9,1,100.70286433402173,0,0,0,1,0,1,18,0,0,4,4,4,11.619629305716533,0,0,6,7,6,8.889883529615254,1,11.607260855503304,2.0853045655924247,-0.6882419803332382,73.0131140028937,1,Enrolled,1
0,2,2,5,0,5,138.08303167942086,6,5,4,2,3,142.61147963686017,1,0,0,0,1,1,21,1,2,6,7,6,6.222707537741211,1,1,6,6,6,2.201894003944867,0,12.505718499866202,1.9013672430992048,2.281833891052159,69.43375512638733,0,Dropout,1
0,4,3,6,0,9,149.3153139996071,18,2,4,6,5,149.62082507170885,1,1,1,0,0,1,43,1,0,3,3,3,6.898340092767011,0,0,4,5,3,6.275415684855801,1,12.801085625983564,2.046337990702976,2.4128849281298965,36.17751317562959,0,Dropout,0
1,14,4,11,1,8,132.29425393416946,16,3,1,6,5,156.0863327975016,0,0,1,1,1,0,48,0,0,6,6,6,20.0,1,2,3,4,1,19.00690825363305,1,13.432551811019696,1.1274988372016477,0.0636057348929044,81.50491734868012,2,Graduate,2
1,17,2,3,0,7,142.12162333960993,18,6,6,3,5,179.34438955845133,0,0,0,1,1,1,37,0,0,3,4,3,18.077014952867643,0,2,4,5,3,17.43548831919864,0,12.98476516278817,2.41620113831658,-0.9147037831950176,68.62554828935362,2,Graduate,0
0,1,3,11,0,6,143.2676878730694,20,3,6,0,5,141.5877343991729,1,0,0,0,0,1,24,0,1,6,6,6,11.473993104212674,1,2,6,7,6,8.490440748515379,0,11.560114816022024,0.6247746703959535,-0.4627057045011535,50.31647761719864,0,Dropout,1
1,3,6,12,0,11,125.23424427938902,6,1,2,9,0,111.18447094964046,0,0,0,1,0,1,24,0,2,5,6,4,15.837078297360884,1,1,4,4,1,12.603068048195436,0,11.907687216351384,0.936330128841329,-0.937882780359196,40.548233648114405,0,Dropout,2
0,1,3,1,1,4,120.77843785894532,9,2,2,9,0,117.97654961813322,1,0,0,1,1,1,19,1,2,4,5,4,13.911465123698836,1,2,3,4,3,13.846753657446913,0,11.23225538423935,1.2777520027287474,2.236260317852457,68.65837527580744,2,Graduate,2
0,13,8,4,1,10,149.10554470352835,16,5,2,5,2,120.94306584090542,0,0,0,1,1,0,19,0,1,5,5,4,17.446768833620386,1,2,5,6,5,18.35779603662592,1,6.0,1.2246990455041975,2.0832209856688864,82.078475257822,2,Graduate,1
2,14,2,1,0,10,144.99698524778313,6,1,2,9,1,145.1922780975331,0,0,0,1,0,0,38,0,0,5,6,4,9.25072199726557,1,2,4,4,4,5.988621846078023,1,6.0,1.9483329060031456,0.9463487479100334,78.42956912369118,0,Dropout,2
1,12,1,6,1,7,167.286690030184,11,5,5,6,6,190.0,1,0,0,1,1,1,22,0,0,5,5,4,9.349608383296818,0,0,5,6,5,10.233895949644133,0,6.840200727168535,1.812349747509607,-0.4200651659698324,86.0702476536377,1,Enrolled,1
0,11,6,2,0,7,135.0999323551597,3,3,4,2,5,138.1989499410897,0,0,1,1,1,1,18,0,0,6,7,6,17.61779071538036,0,1,4,5,3,19.684714580397696,0,12.459394442618612,1.822606617587132,-0.7860773347354593,62.955400330098016,2,Graduate,2
0,2,1,13,0,1,113.12226673080248,8,4,4,4,4,174.35138385815023,1,0,0,1,0,1,39,0,1,5,6,4,7.773649546373221,1,1,6,6,6,1.6467175913089251,0,8.687015938640554,3.0861011046029256,-0.3081211579291032,74.75238705993675,0,Dropout,1
0,3,8,16,0,9,135.25356267424084,1,3,4,7,7,137.14869047129963,0,0,0,0,1,0,18,0,2,4,5,4,13.244309785428548,1,1,6,7,6,16.88351452849178,1,10.40861057162567,1.2504826309146586,-0.7994965771622007,87.90125828537975,2,Graduate,1
0,4,1,11,1,4,151.92911112848228,15,2,3,6,1,110.96102954254162,0,0,0,1,0,0,33,1,2,4,4,4,12.843540144903752,0,1,5,6,5,14.299050929710283,1,14.689881243832357,2.767472624381928,1.2079022491410183,44.398303003446856,0,Dropout,0
0,9,3,14,1,7,90.0,15,6,2,1,6,119.59041117402114,1,0,1,1,1,0,39,1,1,3,4,2,15.744915493258487,1,2,4,5,3,17.835238096491633,1,13.2510518643994,0.2225711297101966,2.172266571893891,67.06012203003523,1,Enrolled,0
0,11,1,6,0,9,134.8641945658404,19,5,5,3,9,121.77290131528206,0,0,0,1,0,0,46,0,2,6,6,6,13.48957378320554,0,1,6,7,4,10.637369528226769,0,6.0,1.346060093116033,2.2290099921938253,60.4259763101557,0,Dropout,1
0,9,4,16,0,2,149.66042282930627,10,1,5,6,3,136.9438072112911,1,0,0,1,1,1,24,0,2,4,5,4,12.537861097312163,0,1,5,6,3,14.205733722053504,0,12.190562486895097,1.4195530537458585,-0.7918012782585191,69.99188645040866,1,Enrolled,1
1,17,8,17,0,8,140.16492608923866,19,3,6,8,2,150.138734495507,1,0,0,1,0,1,38,0,1,4,5,4,11.66811095182132,1,2,5,6,5,13.62330156290073,0,10.168441376960097,-0.0699332209685108,-0.2759194049301536,57.24546238578246,0,Dropout,1
0,15,1,10,1,11,127.11654684186306,9,5,6,6,0,123.5364287766723,1,0,0,1,1,0,21,0,2,6,7,6,9.51817867236575,1,2,4,4,3,7.589312229925211,1,8.032529384337176,1.5540318500818415,-0.1957458844030895,78.1535230074575,0,Dropout,2
0,9,7,13,1,4,108.54082947754742,7,1,3,7,9,159.7653719377316,1,0,1,1,0,0,29,0,0,5,5,5,12.418657829440145,0,2,6,7,6,14.068344150517126,1,9.01749266499348,1.6389591198247886,2.6343982780452846,88.05264004408897,2,Graduate,1
2,7,8,13,1,4,134.7378109269724,14,3,3,9,1,166.18035950530057,0,0,0,1,1,0,45,1,0,4,5,1,17.077847945728166,0,2,5,5,5,16.432448888568235,0,9.05932728133456,2.216813206314238,-1.60154945505623,85.27181617583182,2,Graduate,0
0,8,6,2,0,3,108.06539528662148,2,4,6,8,6,133.4161933200899,0,0,0,1,1,0,47,0,1,5,5,5,11.999233993432837,1,0,3,4,1,10.155464506174988,1,6.0650343394029465,2.0785498201859465,0.7946704144637953,90.60678013364064,1,Enrolled,2
1,3,8,1,0,10,149.80806193238422,13,4,6,0,2,162.9535222500532,1,0,0,1,1,1,32,0,0,4,5,4,17.921910627109824,1,1,3,4,2,17.13079189949555,0,10.733623604295662,-0.0329738485738586,-0.7747732872386497,80.4341760024323,2,Graduate,2
0,1,6,1,0,4,136.347516437396,20,6,4,2,4,95.0,0,0,0,1,1,1,46,0,0,3,4,2,15.558514857733996,1,2,6,6,6,15.679197311031976,1,16.529751142900103,2.935130868566945,0.455294157449738,67.05726392451837,1,Enrolled,0
0,4,1,7,0,9,167.88953829819053,4,3,4,5,2,95.0,0,0,1,0,1,0,32,0,0,5,5,4,14.668027887915429,1,1,6,6,6,13.611520329343122,0,13.047823271042253,0.9450539926950884,2.048929400651745,72.45367092771465,1,Enrolled,1
0,17,3,13,0,1,92.0268559211859,7,2,4,7,6,160.81972180307162,0,0,0,1,1,1,28,0,2,4,4,1,12.43361870138408,0,0,3,4,3,10.154153361469632,1,6.0,0.7742014097815433,0.2183662292390655,96.97030910866744,2,Graduate,0
0,1,6,17,0,9,127.5206928930997,8,4,4,6,3,129.45210649236128,0,0,0,1,1,1,33,1,2,6,6,4,10.800568276132392,1,2,5,5,5,11.482953434065994,1,10.873999772152834,2.088310183839915,-0.5560177828102828,51.8812972949638,1,Enrolled,1
0,4,7,9,1,11,151.13425409999223,16,5,6,5,7,190.0,1,0,0,1,1,1,32,0,0,6,7,4,18.88555931573737,1,0,4,4,3,19.98500555270394,1,10.873678076528368,2.521274215350245,2.145751936806877,52.91339711685709,1,Enrolled,2
0,8,7,13,0,10,160.13857022414632,20,2,4,3,9,137.67864207227237,0,0,0,0,1,0,28,0,0,6,7,3,15.777544411842005,1,1,5,5,5,15.8425972044531,0,7.01532875108834,0.9334454764767052,1.033848615876292,70.11952504178386,2,Graduate,1
0,17,5,16,1,9,152.02519510808006,9,2,6,7,7,114.9929779365346,0,0,1,1,0,1,24,0,1,4,5,4,12.512168613090772,1,0,6,7,3,8.168282285764953,1,6.367352786102072,1.446782022247283,1.668117076806812,58.95198194847427,0,Dropout,1
0,12,8,5,1,1,114.03228865741032,21,3,2,9,3,182.16726832605977,0,1,0,1,0,0,36,0,0,5,5,4,18.946902566047616,0,1,6,6,5,17.185423951910064,1,12.693035145663425,2.5933630306350723,1.2763957714443923,72.26092622139566,2,Graduate,1
0,16,8,7,1,9,124.41355059774156,11,5,5,3,1,156.39464152883417,1,0,1,1,1,0,19,0,1,3,4,1,15.201632943853596,1,1,4,4,2,12.791407791365785,1,10.314779213812606,0.3832402897868512,-1.3866036689208354,55.96356995942412,1,Enrolled,0
2,5,4,1,0,6,90.0,14,5,2,5,6,178.71938248262117,1,0,1,1,0,0,32,0,0,3,3,2,8.02825949963621,0,1,5,6,3,12.056005399901265,1,8.568145432761657,-1.0,3.149286911388467,65.02903052460076,0,Dropout,0
1,13,3,8,0,8,135.9993893131591,4,1,5,2,0,125.33676393976076,0,1,0,1,1,0,46,0,2,4,5,1,11.507171431684672,1,1,4,5,3,11.501906613593029,0,11.807627417115151,2.1452888992032744,0.4419598073088878,42.86254568257751,0,Dropout,0
1,13,4,6,0,8,160.5921887996505,19,4,1,6,8,149.111307411379,1,0,0,0,1,0,39,0,1,4,4,4,15.544875807304408,1,1,5,5,4,14.544305352057515,0,16.35197110063155,2.598010120708455,2.316410030016746,66.4227814431232,1,Enrolled,0
0,12,4,12,0,8,135.15456916954534,15,4,1,5,4,118.11026293587452,0,0,0,0,0,0,44,0,0,4,4,4,18.276486088324447,1,2,5,5,5,16.57969045368948,0,10.773906845127376,-0.4131993021737621,0.1697841137141786,63.84040009040877,2,Graduate,0
0,3,1,2,0,11,147.6871364791943,14,2,1,6,9,96.35301471771,0,0,0,1,1,0,21,0,1,5,6,2,20.0,0,2,3,3,2,19.38786023223124,1,10.8740849538727,1.4757553094845894,1.818319454984008,61.58085683516445,2,Graduate,2
0,12,4,1,1,8,147.10102595497546,16,2,5,4,3,158.56092223253336,1,1,0,1,1,1,36,1,0,6,6,6,13.08948736578107,0,0,5,6,5,14.668320918664389,1,9.935312980736306,0.9023508267018424,2.619468697659914,55.094944032117056,0,Dropout,1
1,11,7,15,0,1,128.0291589108745,20,3,3,4,3,128.5789770691949,0,0,0,0,0,1,17,0,2,5,6,4,15.156853333944902,0,0,6,6,6,10.282093681036416,1,8.823336138836575,1.6543553155703177,2.388394803061906,60.18793735352446,1,Enrolled,1
0,10,1,17,0,1,90.0,21,5,2,1,8,115.10501196501038,0,0,0,0,0,0,46,0,1,5,5,5,10.859468003786915,0,2,6,6,6,11.134881308804914,1,12.457352668246797,-0.9821460100242284,0.9896918020437394,69.4560035222174,0,Dropout,1
0,16,4,3,1,7,164.49979124331563,3,4,3,5,0,105.29662866199811,0,0,0,0,1,1,37,0,1,4,4,3,9.89410451888216,1,1,6,6,4,8.332615622009547,1,9.422232626882844,-0.0207799152648073,0.1888682959894269,66.10910625329329,0,Dropout,0
0,6,6,6,0,11,144.50400507161274,6,1,5,0,3,144.56826996027362,0,0,0,1,0,1,36,0,2,3,4,0,7.099617273255874,0,1,3,4,0,7.876292571632629,1,11.499764924684264,2.038475867407981,-1.7350093648022196,89.70036420947301,1,Enrolled,0
0,17,8,16,1,9,107.48388965517712,4,4,4,6,5,141.6035151267632,0,0,0,0,0,1,22,0,0,5,6,5,14.364994356158494,0,2,4,4,4,16.062748016213213,0,14.501852466339212,1.340135932191499,-1.428031744545861,86.3452871217646,2,Graduate,2
0,13,7,10,0,11,143.15931387602475,1,4,3,2,7,127.91335590205811,0,0,0,1,1,0,38,0,2,3,3,3,17.425778984295015,0,1,6,6,5,15.386978608786505,1,12.234266415990728,3.305419035341254,2.8095647038867506,44.438398172150784,0,Dropout,0
2,12,5,13,0,10,139.4013603274576,18,6,5,1,1,123.14514452488088,0,0,0,1,0,1,34,0,2,4,5,4,15.715583829284354,1,0,6,7,4,11.992578829073125,0,6.1789671116969815,2.206259358499814,-0.682794001464321,67.04027660821956,1,Enrolled,1
1,5,4,8,1,8,163.84394357135113,8,6,1,6,7,159.15201831813448,0,0,1,0,0,1,24,0,1,5,5,3,13.304976299424329,1,1,4,5,4,12.243973949128076,0,6.003402746041617,0.3443866157442443,2.2475993533009864,54.42027074204471,0,Dropout,2
0,16,2,17,0,11,145.38573977267927,16,4,4,8,8,95.0,0,0,0,1,1,1,48,0,0,6,7,5,17.28263758295367,1,1,3,4,3,20.0,0,13.759827012339484,2.363283154516356,2.445865668333426,85.1052063816613,2,Graduate,2
0,3,8,7,1,5,145.46453235120146,20,2,1,0,7,155.7742737507286,0,0,1,0,0,0,49,0,1,6,6,6,20.0,0,0,5,5,5,20.0,1,9.663465496720592,3.5501159195689853,1.6195911055266003,53.90918788258634,2,Graduate,1
0,16,1,5,0,8,139.3852348252859,16,5,3,5,4,151.63035203362435,1,0,0,1,0,0,32,0,1,5,6,5,10.089076987380114,1,0,4,4,1,8.845019933386853,1,10.78250820357212,1.4132678236789418,1.5042028948694788,77.21064299149856,1,Enrolled,2
0,11,5,8,0,9,118.06611092081852,15,5,3,7,0,109.2404196971944,0,1,0,0,1,1,28,0,1,6,6,4,4.517460155090701,0,2,5,6,5,2.6303623443683914,0,7.624437109401469,1.9833692464997923,-1.297909810610172,75.03423451620772,0,Dropout,1
1,14,1,1,1,7,149.80039427431112,2,4,2,1,5,95.0,1,0,0,1,1,0,30,0,1,5,6,3,14.19839772498547,1,1,5,5,5,12.500024025474678,0,11.84817259692539,2.4904572062582835,-1.62890618246403,78.47595004581898,1,Enrolled,1
0,13,5,2,1,11,134.44079773834352,12,5,2,4,0,154.71397647697898,0,0,0,1,1,0,49,0,2,6,6,6,16.788786374667854,0,0,5,6,4,13.24472253171579,0,15.66362452961223,1.2998143262222157,-0.3856889082955168,82.5383036549899,2,Graduate,1
1,11,1,4,0,10,114.03870018486349,4,3,5,3,3,110.65454901725516,1,0,0,0,0,0,39,0,0,4,4,4,7.584325097370469,0,0,4,4,2,9.24626017368774,1,10.454823731114589,-1.0,3.5,68.18435321447683,0,Dropout,0
0,14,7,1,0,11,120.5011415319123,11,2,6,9,8,179.3347657499101,0,0,0,0,1,1,18,0,2,6,7,4,15.91462111004757,1,0,4,4,1,18.033161988034298,1,11.94360474626687,2.1670659514675057,3.2745821154330903,71.71069130457317,2,Graduate,2
0,10,2,10,0,3,110.00454579657269,2,2,3,2,4,190.0,1,0,0,1,1,1,37,0,1,6,7,5,11.820125596115243,1,0,5,6,5,10.55228165448879,0,13.73638344046494,2.4597085343327376,0.8669300443715987,80.41681297768986,1,Enrolled,1
0,7,6,3,0,9,158.31300254369938,6,5,1,9,6,150.66892475912738,0,0,0,0,0,0,18,0,1,4,4,1,14.178950580207882,0,0,3,4,0,12.627247080685702,1,15.040398992520878,3.255791493991578,3.12987368274037,80.6276593332226,1,Enrolled,0
1,2,2,2,1,5,178.53329403316042,17,4,2,7,8,137.4646531589636,0,0,0,1,1,1,43,0,1,4,5,4,9.783430731258704,0,0,3,4,3,7.737746240680274,0,7.962192721878093,0.179711337934096,-0.8829394781244826,86.40551791047233,1,Enrolled,2
0,8,7,7,1,11,160.41355736099422,19,4,1,1,3,134.5243658037916,0,0,1,1,1,0,25,1,2,6,7,5,9.56808785509294,0,2,3,3,3,8.142174319066852,1,11.24093022380094,0.2351259691163252,0.1350335574334754,53.39268726359647,0,Dropout,2
2,15,5,2,1,8,143.27706596745475,9,6,5,0,4,97.351493757035,0,0,0,1,1,1,17,0,2,3,4,2,9.13379152653529,0,1,6,6,3,6.995857621851843,0,13.825403308123612,0.673106240068271,3.5,72.16214447333604,0,Dropout,0
1,6,8,6,1,11,133.56002035385714,5,4,6,0,5,132.8569088531182,1,0,0,1,1,1,27,0,0,3,4,0,15.336281228686085,0,1,5,5,4,14.648271446519187,0,14.662262419582644,1.2985033391574006,3.5,48.09451105248911,0,Dropout,0
1,13,3,8,0,1,128.59942865032608,14,5,1,9,0,128.53304363237734,1,0,0,1,0,1,19,0,0,5,5,5,10.814873081905956,0,1,6,6,6,12.480863964528792,0,8.72897491156176,2.146079229167462,2.188912865777884,86.56083489402168,2,Graduate,1
1,5,1,3,0,1,113.3014888608709,16,4,1,4,9,124.09565016913623,0,0,1,1,1,1,39,0,1,6,6,6,13.94412128122172,1,1,3,4,2,15.352518339964307,0,7.989517790695219,0.1546796483616552,-2.0609696017457395,51.03248743742575,0,Dropout,2
0,3,3,9,0,3,177.8293541718096,1,6,4,8,4,149.79481027434335,1,0,1,1,1,0,42,0,2,5,5,5,13.103280069438217,0,1,4,4,2,10.706553208079434,1,9.535061380389008,2.639106878955414,3.2291708298888766,84.95938298316369,2,Graduate,2
0,15,4,1,1,2,112.25148719486916,20,6,5,3,9,143.28273538486147,0,0,0,0,0,1,20,0,2,4,5,2,8.8695043843837,0,1,3,3,1,8.94902866892248,1,9.03773325845419,2.5785604258594423,0.3179258412160126,69.43006573626214,0,Dropout,2
0,9,8,8,1,5,116.31165968736912,3,5,6,6,3,159.65471103205064,1,0,1,0,1,0,34,0,1,6,7,6,13.26629137785202,1,1,6,7,4,14.58166910124233,1,9.164028398565888,2.6128474366958776,2.10063480680169,80.99116655410329,1,Enrolled,1
0,17,2,6,0,11,130.69896752948517,10,1,2,1,0,128.91088048458556,1,0,0,1,0,1,22,0,1,4,4,4,13.829517380575323,1,2,6,6,5,11.180046609738062,0,11.235878038312702,1.1276140953199745,0.9784037755867836,91.8881001081803,2,Graduate,1
1,17,7,2,1,9,132.5157650121572,15,6,4,2,3,155.06553082202362,0,0,0,1,0,1,38,1,1,6,7,5,16.719210857876483,1,0,3,3,1,16.77275328930399,1,8.377533447350254,-1.0,2.611780842303405,73.93302707973913,2,Graduate,2
0,13,8,14,1,9,148.2448652588105,3,5,3,9,4,140.19880133435132,0,0,1,1,0,1,31,0,1,6,6,6,18.230178173130703,1,0,5,5,4,20.0,0,14.677470408108269,3.421536856180738,0.8840815290977366,66.71554116490775,2,Graduate,1
0,5,1,1,0,8,120.1845700987921,1,3,3,8,8,154.9100035631756,0,0,1,0,1,0,38,0,2,4,4,4,9.431827589198145,0,0,4,5,3,8.519602426574545,0,8.786047615294226,0.7885345570193915,3.5,75.81544939475891,0,Dropout,0
1,13,2,7,0,5,91.25095163992056,13,4,2,4,0,138.05711132470495,0,0,0,1,0,1,28,0,1,6,6,6,14.241893903322236,1,2,4,4,2,8.897138212167128,1,8.196487181160297,2.361138342807365,2.537250190888485,80.32481971874145,1,Enrolled,2
0,7,4,11,0,3,129.90867561302466,15,4,6,5,5,184.4509443161321,1,0,1,0,0,0,34,0,0,6,6,5,5.239418830850811,1,0,3,3,3,0.0,0,6.490462748979981,1.646018311811913,-1.4644079369914984,66.1852443910946,0,Dropout,2
0,4,6,16,0,6,131.39074141939088,21,2,6,2,7,95.0,0,0,0,0,0,0,46,0,1,5,6,4,15.979316796822976,0,2,5,5,5,16.45634863694786,0,13.771755487183396,2.85448082513202,-2.2211197446015696,92.5592655676679,2,Graduate,1
0,13,5,2,0,8,129.6039572871608,10,6,5,5,8,155.6404357933951,1,0,1,1,1,1,40,0,1,4,4,2,16.840554511334062,1,2,5,6,5,16.80684595214383,1,6.119767939746054,1.4384470668810287,-2.1986371777803493,83.8834194061352,2,Graduate,0
1,17,1,10,0,6,129.31134544444194,3,5,3,9,4,161.41151719578585,0,0,0,0,1,0,46,0,1,3,4,0,3.64900014815729,0,2,3,3,2,3.8183371863336233,1,11.372102729436978,1.5825260963876302,1.870929684071925,50.99186549107043,0,Dropout,0
0,8,7,4,1,7,127.28627176786205,18,1,3,7,1,108.3310250825349,0,0,0,1,1,1,30,1,0,3,3,3,11.812754083255156,1,2,4,4,4,12.73597276787968,0,12.083709769823155,1.7158933584362193,2.532267124092772,86.45900018919133,2,Graduate,0
2,3,1,3,0,7,105.86367917978922,19,4,3,9,0,185.6241343121372,0,0,0,1,1,0,22,0,2,6,7,5,9.860166448314128,1,0,4,5,4,5.861533115589772,0,6.0,2.0010898154814027,-3.901859454456636,38.04417463960284,0,Dropout,2
0,16,1,13,1,7,167.16840184902208,21,2,5,0,4,140.55863784105375,1,0,0,1,1,0,19,0,0,5,6,5,11.803768687774804,0,1,4,5,4,9.486738803570717,1,6.073844760844647,0.0176301121315209,2.9978653977955982,58.62469272265109,1,Enrolled,2
1,2,5,6,0,9,165.9233325380613,5,5,3,9,2,136.88271521919953,0,0,0,1,1,1,32,0,0,6,6,6,11.11024651588757,1,0,5,5,5,11.867905118699197,0,8.866462155256613,3.7507514690161625,1.4307778757135703,78.810071898611,2,Graduate,1
0,1,2,10,0,9,165.69936113640142,10,2,2,7,5,149.28245011420358,1,0,0,0,1,0,23,0,2,5,6,5,12.847307352109896,0,2,3,3,1,14.386966711514736,1,15.683592232238096,1.4151877384418188,3.5,47.34389072730363,0,Dropout,2
0,8,5,8,0,1,108.91778742295917,16,1,2,7,8,162.18759988494162,0,0,0,0,0,0,30,0,0,6,7,6,16.45562249068987,0,2,5,5,5,15.513409417930456,0,8.867219005007161,2.190100760119596,-0.9424589141418008,70.38459670166398,2,Graduate,1
0,3,6,10,0,3,143.88378756536682,20,5,2,6,0,143.30541731601622,0,0,0,1,0,1,25,1,2,3,4,3,11.901903577856174,1,2,4,5,4,8.021209863526137,0,8.489609331992199,3.319025190410524,1.3231887008242702,83.48870580911095,2,Graduate,0
0,17,8,2,0,5,125.69739463557916,18,4,4,3,3,142.51699351902465,0,1,0,1,0,0,31,0,1,4,5,4,9.543946230755571,1,0,5,6,4,10.093855707647856,1,7.750479600837638,1.490584639396672,1.30948173876437,82.64466714764231,1,Enrolled,1
0,16,8,15,0,11,124.50146751193928,8,5,2,0,3,160.94595708711233,1,0,0,1,0,1,37,0,2,5,5,4,12.308266978114236,0,1,4,5,2,12.136102394671443,1,7.7036070522077615,0.3047592518396824,-0.5926193336005283,67.92904304265022,1,Enrolled,2
0,10,2,1,1,4,114.56982857976617,13,4,1,9,6,164.22114160417186,0,0,0,0,1,0,18,0,0,6,6,6,12.11363918489029,0,0,3,3,3,9.168017618570488,0,8.094568965609014,0.2666219936226166,-1.4842543725086033,77.87540936037036,1,Enrolled,2
0,15,6,11,1,1,190.0,8,3,3,1,1,148.41439488732652,0,0,0,1,0,1,43,1,1,6,6,5,12.69691968176632,0,2,4,5,4,7.437834450050386,1,7.983638393471605,0.9603144706429898,2.4764343278548235,93.78101667716894,1,Enrolled,2
1,7,1,1,0,1,129.52773396014942,13,4,2,9,7,101.3097350780089,0,0,1,1,0,1,18,0,0,5,5,5,10.802081434861838,0,1,6,7,3,11.930210681478384,1,7.855413058078467,1.9000164071595589,1.212429031646006,56.95514292275272,1,Enrolled,1
0,16,5,16,0,4,114.71613415248116,12,2,6,2,5,114.53636763945168,0,0,1,1,0,1,34,0,1,5,5,5,14.26919797380084,0,2,6,7,6,12.425566946286828,0,7.851981395848724,2.02549624718428,1.5090977871416005,87.87862473882299,2,Graduate,1
2,17,6,12,1,5,138.03989982586532,13,1,6,4,3,167.11669373772534,0,0,0,1,0,0,30,0,0,3,4,3,17.52699386307294,1,1,3,3,0,17.693738774558504,0,8.856490547533355,2.85583488812361,3.2529247308427385,69.14473124285377,2,Graduate,0
1,13,7,12,1,4,151.788988516316,17,5,6,2,2,133.04849489667603,1,0,0,0,1,1,36,0,1,5,5,5,8.558524293123494,1,1,5,6,5,8.632423287216424,0,12.85243027420784,-0.3439493386892602,0.7285116521950373,78.06383625026004,1,Enrolled,1
0,10,7,13,0,2,131.89063163243736,15,3,6,7,9,125.03457105685358,0,0,0,0,1,1,34,0,1,6,7,6,14.57750467011354,1,2,5,5,5,11.410183389274962,0,6.6365688016077,1.766042751102784,1.366788193753672,93.1094399014217,2,Graduate,1
0,9,7,8,0,5,140.37366868445946,9,3,5,5,6,150.99911729346388,1,0,0,1,1,1,26,0,0,3,3,2,16.359053810970437,0,0,5,6,5,17.10371387646904,0,8.059076648162725,2.238808451360429,1.4343522516116818,53.5435750043206,2,Graduate,0
0,7,4,2,0,10,157.0412804540072,20,3,6,2,8,147.8989761961143,0,0,0,1,0,0,41,0,0,3,4,1,11.48115576024633,0,0,4,5,4,9.031686655317593,0,8.44093428947176,2.193782850513452,1.4822248340893225,66.7103685882895,0,Dropout,0
1,12,5,14,1,3,113.99888413461608,4,2,5,1,1,134.54661674351476,0,0,1,0,1,1,18,0,1,4,4,4,17.382702294441025,1,1,6,6,3,13.344246838319211,0,9.999849055996464,-1.0,-1.7358001380328754,75.96737994235482,2,Graduate,0
1,1,2,1,0,7,138.91140797896563,12,4,5,2,7,158.58878982689035,0,0,0,1,0,1,41,0,0,4,5,4,12.787980709119903,0,2,3,3,0,8.42928452222943,0,7.711503176777597,1.053621994756025,0.7641479046018086,48.316381341147405,0,Dropout,2
0,16,8,9,0,4,120.94155512342373,4,3,4,1,1,108.29963424670794,0,0,0,0,1,0,49,0,0,4,4,2,9.059078177846713,1,2,5,5,2,8.750986001012588,1,16.226188226930503,2.4764681851475583,2.885117721405982,40.32443793395737,0,Dropout,0
0,4,8,14,0,2,117.96457963242658,13,1,6,2,5,96.68920289270028,1,0,0,0,1,0,47,0,1,5,5,5,8.549543253952669,1,2,5,5,3,12.234799053975951,1,11.74964619645336,0.5250522228610792,0.5695923455066548,86.53408155944474,1,Enrolled,1
0,14,1,4,0,11,173.54341459022837,3,1,5,8,7,177.56456877127084,1,0,1,1,1,1,30,0,2,3,3,3,15.746832583100872,1,0,3,4,1,15.549386973709533,0,12.923228463696034,0.0764507810271277,-0.0507999509395712,66.84816425048419,1,Enrolled,0
1,17,2,2,0,8,133.03343403733138,5,5,4,0,0,111.9298498529444,0,0,0,0,1,0,17,0,1,5,5,4,15.425002561089402,0,1,4,4,3,19.582898690048477,1,10.71575725311402,2.1766791860190717,2.543335650964922,90.47600985348149,2,Graduate,2
0,12,3,10,0,10,111.6376903339894,13,1,3,2,6,103.11133058635778,1,0,0,1,1,1,32,0,2,3,3,2,18.475015922344543,1,2,5,6,3,20.0,1,14.213058740869158,1.859001432903324,0.8246402843876455,78.40060231288149,2,Graduate,0
1,15,1,15,0,2,132.5462668856322,14,4,1,6,8,131.84586479793555,0,0,0,1,0,1,19,0,0,6,7,5,15.34751412852521,0,0,4,4,4,16.338228872043647,1,6.570556651460098,1.7765907716516305,-0.3333446602356014,56.05187388876844,2,Graduate,2
0,12,8,1,0,11,108.39134131922776,8,4,5,1,5,139.25996297226428,1,0,0,0,1,1,22,0,2,5,5,4,12.651846590271653,1,0,4,4,4,16.28807484143464,0,8.327587537904279,0.7244418371041191,-0.7504943269976592,57.73890698911947,1,Enrolled,2
0,3,4,11,0,7,130.21634823780622,11,3,5,2,5,128.04062195625366,0,0,0,0,0,0,41,0,0,3,3,3,14.688079484895225,0,0,4,5,3,18.041509453664258,0,7.550282076874233,-0.0775996587262006,0.703059221353263,62.46645072252319,1,Enrolled,0
2,10,8,16,0,8,120.07335593848694,8,4,4,5,8,134.2890124567147,0,0,0,1,0,0,29,0,1,4,5,4,13.252306264373177,0,2,5,5,3,15.899046226171333,0,9.485850362873752,2.6393312106758557,-0.3908157156908558,56.89901744423065,1,Enrolled,0
1,17,4,13,0,10,146.24077000696045,12,4,4,1,1,104.46562973412034,0,0,1,0,0,1,24,0,1,4,4,4,11.835994050827608,1,1,5,5,4,6.825169003445496,0,14.7511293147619,4.0,2.4226608668009986,72.29664289215782,0,Dropout,0
0,14,3,8,1,3,177.61568821360746,11,3,1,0,3,157.84427292486913,0,0,0,1,0,0,37,0,1,6,7,4,11.077229954607748,0,2,3,3,1,10.185370335477936,0,16.59812167619773,-0.4442637507659084,-0.5695941383445069,38.40603655268112,0,Dropout,2
0,13,2,9,0,6,131.15163542962756,17,5,2,9,7,101.75939545230868,1,0,0,1,0,1,20,1,0,5,6,3,6.969443233036197,1,0,3,4,2,4.935201440314445,1,12.8638996425233,2.7242781616448606,1.300916264239898,83.45579396968135,0,Dropout,2
0,13,7,15,0,4,120.89989313532772,13,4,4,1,4,140.56268373377517,0,1,0,1,1,0,41,1,0,3,4,3,10.40248751675487,1,0,4,5,2,13.030313632791678,0,9.706114845927818,1.294534057504487,1.5557354493902165,93.64546093680654,2,Graduate,0
1,8,4,5,0,2,137.00209670194053,4,4,1,3,8,145.84792480827102,0,0,0,1,1,0,31,0,0,4,4,4,12.93122495729479,1,1,5,6,2,11.863098736126338,0,13.360137054794526,1.880586854915564,1.9392612705522756,81.11065997627878,1,Enrolled,0
0,14,2,2,1,8,167.80854802701305,13,2,3,4,2,156.2224699741359,0,0,0,0,1,0,20,0,1,3,4,3,3.528450500799389,0,0,4,5,4,7.6092254250766365,1,14.44941935237778,1.428326005076047,3.5,77.27777485805618,0,Dropout,0
0,2,1,5,0,2,146.3592834321883,9,5,6,0,5,145.68364508813363,0,0,0,0,1,0,28,0,0,5,5,5,11.19796931375259,0,0,3,4,0,11.1518751442311,0,13.529537386925805,4.0,-1.6346331042959334,48.90287431320863,0,Dropout,2
0,2,5,16,0,9,131.89693418394953,14,3,5,3,5,112.79245919551946,0,0,0,0,0,1,48,1,2,4,5,4,16.222007969191615,0,0,4,4,3,15.852127643570158,0,9.599095422520422,0.5375486587491057,1.8942222788076173,70.72109917189434,2,Graduate,2
0,12,7,16,0,9,90.0,12,2,5,4,2,129.7192297535048,0,0,1,1,1,0,48,0,1,6,7,5,17.70130115453769,0,1,6,6,5,16.4546819872876,1,9.67891903773961,0.778263898055934,1.921367803528562,75.87778346659914,2,Graduate,1
0,12,1,4,0,11,133.84882914952868,13,6,1,3,5,122.4005501872448,0,0,0,1,1,0,44,0,0,6,6,3,11.153944405302244,0,0,4,4,2,10.39240740153788,1,8.025225081474197,1.5914143092747874,-1.1555017085316572,72.54426478383833,0,Dropout,2
0,16,8,11,0,8,152.08406803243065,8,2,1,1,0,100.6743893130884,0,0,0,0,0,0,29,0,0,5,6,5,11.022503418648911,1,2,5,5,5,11.394365217228934,1,9.26435469712844,2.1809482127427877,1.269102345028359,82.85170164600589,1,Enrolled,1
1,2,2,16,1,10,156.06548682507628,5,5,5,0,4,150.8893495718857,0,0,1,0,0,0,47,0,2,5,5,5,10.480063917997455,0,0,4,4,4,10.014867835271682,1,7.602125237642522,3.1018978424517103,0.044793468269578,75.83477151033955,1,Enrolled,2
0,8,6,12,1,3,163.83851917172626,11,4,4,3,1,121.0834927141236,0,0,0,1,1,0,30,0,1,3,3,3,11.045633468916945,1,0,4,5,3,9.583458544983149,1,9.806757253996764,2.0899818896373388,3.323539533404758,93.9650985878524,1,Enrolled,0
0,2,3,6,0,8,120.16113846804282,20,3,2,1,7,143.71819267411018,1,0,0,1,1,1,36,0,2,6,7,6,16.999271453970607,1,0,5,5,5,15.685206542455097,1,9.93057234811125,1.770595024397432,-0.2233002800224319,94.78132226961826,2,Graduate,1
0,10,6,16,0,5,126.13295337631928,6,5,3,9,6,137.2222833430627,1,0,0,1,0,0,34,0,0,5,6,5,18.70222841582592,1,0,6,7,5,20.0,0,7.409270177034362,0.9698927762758046,0.4126040471700629,88.03174927537476,2,Graduate,1
0,16,1,11,0,10,132.35542062501747,7,2,2,8,6,111.60336469141316,1,0,0,1,1,0,45,0,0,5,6,3,7.090331084189112,1,2,5,6,5,11.784110342919623,1,18.0,2.1149354041577144,0.1153335319975309,56.28449353804061,0,Dropout,1
0,7,7,12,0,5,150.61179712481086,15,1,2,3,9,109.93271542441413,1,0,1,1,1,0,22,0,2,6,6,6,10.15987179781816,1,2,3,3,0,8.682878073548482,1,10.88828278994356,0.6437281448863439,-0.7086767397833265,56.3479328420386,0,Dropout,2
0,3,4,4,0,2,129.2110804530904,5,3,2,2,3,131.62329320180777,1,1,0,1,1,1,48,0,1,3,3,0,6.477845144320929,0,2,6,7,6,8.300270884659136,1,13.877344548155436,1.742481432186898,-1.9889415892564624,92.5675560664234,0,Dropout,0
0,17,7,13,0,3,146.54629838371565,9,1,5,6,1,107.16241516825608,0,0,0,1,1,0,45,0,0,3,3,2,12.899779162514584,0,2,6,6,5,10.530256963869336,1,13.601847845962643,1.2384277133033363,-0.6989605970524664,74.46031467335399,1,Enrolled,0
1,8,1,2,0,8,126.54388915817756,20,6,2,2,2,164.71939821303772,0,0,0,1,0,0,18,0,2,6,6,5,11.290715196004667,0,2,5,6,2,10.173641832213129,0,15.828970541706054,0.320926872868724,1.058954078831417,47.834466027858085,0,Dropout,1
1,4,1,11,0,1,119.4714911900827,19,6,4,9,9,173.62367191122624,1,0,0,1,0,1,39,0,1,6,7,6,14.25622178105425,0,1,4,4,1,11.237436747010053,1,7.27895205161236,3.3704053007458348,1.3082970812326993,43.17281781969973,0,Dropout,2
0,1,1,1,0,4,159.4140264595598,5,4,4,7,3,159.57573231346805,0,0,0,0,0,1,35,0,0,6,7,5,15.32126447259152,1,2,3,3,1,17.57084900355341,0,8.364184214602968,0.324413018098362,2.2622671503285634,77.7060769202574,2,Graduate,2
1,1,3,9,1,6,141.87193919775115,13,5,4,4,2,148.72676126924677,0,0,0,0,1,0,47,0,2,6,6,6,14.932916390345609,1,1,3,4,2,15.84422394770968,1,6.0,1.027272462888334,2.689694720263848,53.02521491095432,1,Enrolled,2
1,9,7,10,0,9,151.42614770536647,12,4,1,3,2,141.53195107721615,0,0,1,1,1,0,21,0,2,6,7,6,7.239213857810036,1,2,6,6,6,8.62783209889651,0,6.0,-0.4018964030555758,1.5211641880584836,52.573827347807104,0,Dropout,1
2,14,2,3,0,8,130.46154748822292,5,5,3,0,0,113.80331981864376,1,0,1,1,1,1,35,0,1,5,5,5,12.910042186217847,1,1,3,3,3,14.8306856838115,0,6.970765965688035,1.2984454118864064,2.23395831388238,69.21622915325042,1,Enrolled,2
0,7,3,8,0,10,152.690793415986,7,2,4,4,0,160.68902585774683,1,0,0,1,1,0,26,0,0,4,4,1,7.064981782548428,0,0,6,7,6,4.590955940688463,0,9.544521183678263,2.0202893549438525,1.7432926854500934,72.88387988837013,0,Dropout,0
0,8,4,16,0,5,111.6212580015885,3,4,2,8,7,174.27098958798217,0,0,0,0,1,1,41,0,1,6,7,6,19.07905470603349,1,2,6,6,4,17.968009950643502,1,9.717523441241848,0.4119533116862535,-1.1822807139938702,89.318590082094,2,Graduate,1
0,8,7,4,0,7,115.12451592189431,13,1,1,7,7,131.51427778332368,1,0,1,1,0,1,18,0,1,4,4,4,11.758628947494945,1,1,3,3,3,12.571709854741195,1,18.0,-0.68284054478239,1.4864866823206395,85.55310641446866,2,Graduate,2
1,1,2,11,0,8,155.72632034811934,11,2,5,3,0,139.0917265092548,1,0,0,1,1,0,27,0,0,3,3,3,8.217378551372368,1,0,6,7,5,7.05346075297075,1,11.509803720262944,1.0499700324572423,0.8213706988832908,74.77178375606803,0,Dropout,0
0,3,8,8,1,9,133.4547188784821,10,5,4,8,3,119.8039224502559,0,0,0,0,1,0,47,0,0,5,5,5,11.09507075666172,0,2,4,4,4,10.968633591885943,1,12.91076534598597,1.311964138704092,-0.2166942690538007,63.39590872133153,0,Dropout,2
0,9,4,7,1,3,129.57591199153404,9,2,2,6,1,131.71907139355358,1,0,0,1,0,0,31,0,1,4,4,4,13.727588500216648,0,1,6,6,5,11.428282861689238,1,10.426211397799204,1.2177759687907526,0.8219521698208938,90.70204311881756,2,Graduate,1
0,8,7,15,0,11,114.7702479412685,6,1,2,1,0,108.5612849393577,1,0,1,1,1,1,25,0,1,3,4,3,15.566369653970511,1,0,4,4,3,18.59069663252156,1,6.06168146429706,3.4022727226825813,1.443077245569599,88.94332280040275,2,Graduate,0
1,5,2,8,1,8,152.69835282554078,14,3,6,6,1,132.7685726526593,0,0,1,1,0,0,39,0,0,3,3,2,17.551083410260436,0,1,4,4,2,19.597410248230094,1,10.890139906263082,1.901919205368915,0.4366770801675118,97.59546023911172,2,Graduate,0
1,1,2,10,0,3,176.03878243723975,10,5,5,3,0,150.81727490406192,0,0,0,1,0,0,35,0,2,3,3,3,13.220184057081743,1,2,4,4,4,16.01287892332882,0,6.0,1.8077050914505175,2.5852280986715463,81.64722677558098,2,Graduate,0
0,2,8,5,0,1,148.36765206828966,17,3,1,4,4,148.12898564234516,0,0,0,1,0,1,25,0,2,6,6,4,11.83158773938936,0,0,3,3,3,13.179388924811477,1,9.45859626182787,1.8959360189863927,1.4141313830972848,61.87845603933965,1,Enrolled,2
0,10,8,3,0,4,125.11907808615751,2,2,2,0,9,146.26721444681374,0,0,0,1,0,1,37,0,0,5,5,4,15.397742798263534,1,0,4,5,4,12.363053085062942,0,11.94396823460733,1.888300207057049,2.373541899581432,52.52729322334103,0,Dropout,1
0,14,6,7,1,7,165.5094600981832,2,6,3,3,5,95.0,1,1,0,1,0,0,25,0,2,3,3,3,15.301724826535445,1,0,3,4,3,13.802907226577128,0,8.238282779143711,0.9681781576474306,3.061677837739781,76.2445147771741,2,Graduate,0
0,15,1,6,1,9,142.90665525029146,4,6,4,1,7,141.20021221207512,0,0,0,1,1,1,44,0,2,6,7,5,13.415724423809786,1,2,5,6,4,11.361393214265924,0,10.578689707740171,0.3773112297607151,0.0876058103747514,82.2371135844923,2,Graduate,1
0,10,1,17,1,10,125.47424735947908,7,4,1,8,9,155.32881259059255,0,0,1,1,0,0,23,0,1,4,4,3,15.83367849494418,0,0,4,5,4,14.890491269586798,0,8.193930639210299,4.0,-0.0004782678750216,37.89574574573738,0,Dropout,0
1,9,3,10,1,7,163.06500939055096,20,6,4,7,7,139.7808179090112,1,1,0,1,0,0,32,0,1,5,6,4,10.864129097626469,1,1,6,7,6,13.208538336802924,1,6.68357954979027,1.3245569891373292,2.882185797398092,67.49248827173264,1,Enrolled,1
1,12,2,15,0,10,131.03098318584813,4,5,4,2,3,168.38527713644388,1,0,1,0,1,0,32,0,1,4,5,3,12.915919054220854,1,2,5,6,2,8.93401697197674,1,11.463558438309564,1.5259510383889767,-0.5852097734037167,39.243679854480064,0,Dropout,0
0,10,4,2,1,11,103.26097646240156,8,2,5,6,2,137.50777260929098,0,0,0,1,1,0,49,0,2,4,4,3,5.884592581169803,0,0,5,6,4,4.125494015106873,0,13.133692543471165,1.5543211720144765,0.6230547315863358,66.68722689125212,0,Dropout,0
0,9,1,1,0,5,128.01242790574275,14,5,3,6,4,149.92901101616752,1,0,0,1,0,0,20,0,1,6,7,6,17.86453871637298,0,2,4,4,4,16.57832369241691,1,13.126157254209556,0.5916032991894702,-0.0772995335312031,87.5619996218992,2,Graduate,2
1,17,8,12,1,1,146.70581263864406,20,1,3,5,7,114.93225364374004,0,0,0,1,1,0,20,0,2,4,5,3,11.279079369341016,0,2,3,3,3,7.694037710390491,1,9.276436441729173,1.7141503594176868,-0.983335749505851,79.79635891837833,1,Enrolled,2
1,2,8,13,1,1,119.21152057762228,3,2,5,2,4,154.65556687139406,0,0,0,1,1,1,33,0,2,5,6,5,17.884473543968443,1,0,5,5,5,18.09636918102682,0,6.0,-0.0347627082049248,1.6962747125401365,35.70121201586075,1,Enrolled,1
0,10,6,12,1,9,93.80875480964453,11,4,4,8,9,159.66930302083892,1,0,0,0,0,1,45,0,1,4,5,3,10.70333242177346,1,0,4,5,3,9.548384123479815,1,10.264958952338542,2.3590949571003543,0.318419365004648,79.49497084865675,1,Enrolled,0
0,5,4,12,0,4,167.3361636163399,3,5,3,8,6,122.1603851971948,1,0,1,1,0,1,23,0,0,6,6,6,14.057784156652453,0,0,5,6,4,16.537326220565085,1,13.80804390418582,1.192585444561526,-0.869414453064695,51.58530014875835,0,Dropout,1
0,7,6,7,0,3,190.0,5,6,4,5,3,104.26350749187328,1,0,1,0,1,0,43,0,2,3,3,1,13.1916038408843,1,1,5,6,4,12.20379534003801,1,6.055677042245013,2.853892624059851,2.465338557807387,49.21594829658986,0,Dropout,0
2,6,8,7,0,11,124.53965293757793,16,4,1,2,1,128.7294147230717,0,0,0,0,0,0,44,0,2,6,6,6,10.893020485906195,1,0,4,4,4,11.740375881662558,0,15.342747892618515,2.120837493408602,-1.584047625576736,87.55745183149057,1,Enrolled,2
0,2,1,6,0,5,121.1438412103547,11,4,5,3,8,115.04599248150352,0,0,0,1,0,0,38,0,0,3,4,2,14.678630751622316,0,1,6,6,5,14.666094172565506,0,6.0,1.972515390039596,0.534043228156222,60.736026302289886,1,Enrolled,0
0,8,2,13,1,7,105.3639812864603,1,1,5,4,9,154.97233358929273,1,0,1,0,1,1,30,0,1,4,4,2,17.46932239132576,1,0,6,7,6,10.965541046362215,0,11.191020869807025,0.5474885751856042,2.4025835376191886,44.98089001358783,0,Dropout,1
0,4,4,9,0,7,116.9337889647802,9,6,3,8,1,127.77789413268036,0,0,0,1,0,1,23,0,2,3,3,1,19.264267449430815,0,2,6,7,5,15.376403467255766,1,12.4892833646296,1.584231445360288,2.447067091977391,65.52333549345444,2,Graduate,0
0,4,3,16,1,5,101.38763597388464,5,3,6,2,1,157.96021191067462,0,0,0,1,0,0,38,0,0,6,7,5,15.59953071498724,0,2,5,6,3,16.25838188738146,0,14.404647017406369,2.406717834669613,1.569546811017599,71.50029192301412,2,Graduate,1
0,8,7,2,1,8,106.2905757205248,20,2,6,8,7,100.90495362407648,1,0,0,1,0,0,21,0,0,6,6,6,8.764884613816267,1,0,3,4,3,9.309789155349714,0,11.3770327724405,1.639869172168325,-0.7841397838026871,44.171333590757165,0,Dropout,2
0,17,3,11,0,5,135.04941435468757,11,3,1,4,9,119.29292830442002,0,0,1,1,0,0,18,0,0,5,5,3,8.080473813224794,1,0,3,3,3,7.6087991769724415,1,9.024226135235928,-0.1291042073971837,1.088979899103542,65.86146012848405,0,Dropout,2
0,14,3,3,0,10,100.2613204077661,2,3,4,5,5,120.9043357965766,0,0,0,0,0,0,43,0,1,5,5,4,16.98627537342282,1,0,5,5,3,20.0,0,10.504260342063722,2.6825364859317418,1.4401413937430925,75.50336964253432,2,Graduate,1
0,8,1,9,0,4,102.69461476917964,10,1,3,1,4,146.89082419709334,0,0,0,0,1,0,37,0,0,3,3,2,9.509479711157317,1,2,5,5,5,10.484416562928308,1,7.95288353356534,2.407063409778571,0.0046810305495514,85.1122457142569,2,Graduate,0
0,14,1,12,0,6,139.55445120659823,5,4,4,1,2,95.0,1,0,1,1,1,1,31,0,1,3,4,0,15.155842811654194,0,2,4,5,4,18.781581594958297,1,6.0,-0.3007981320231006,1.4778702971008242,95.35207255387152,2,Graduate,0
1,8,3,2,1,3,121.41568919405586,17,4,1,1,6,133.13272981456674,1,0,0,1,0,1,37,1,0,5,5,5,13.46879103575704,0,2,3,3,1,7.019623168077896,0,9.274017923625314,1.6510180689665832,-1.859945007135961,65.78115322016117,0,Dropout,2
0,14,4,6,1,4,142.84681572514242,12,2,2,6,7,130.88897492236185,0,0,0,1,1,0,26,0,2,4,5,4,17.615454745188824,1,0,5,6,4,20.0,1,11.473420065432874,2.478339693171681,-2.3561263628779567,74.90680685128288,2,Graduate,1
1,11,1,13,0,8,127.47587698557751,3,1,3,5,8,149.03907171390466,0,0,0,1,0,0,39,0,2,5,5,4,14.784830833599406,1,0,6,7,4,12.966948417843462,1,13.077194989247603,0.7805152472394356,-0.3559676855297342,59.39221999523885,0,Dropout,1
0,9,3,14,0,10,130.91771512374697,7,5,6,6,1,141.260189480302,0,0,1,0,0,1,21,0,0,4,5,2,12.892975136560478,1,2,3,4,3,12.655134218443589,1,8.542617211014695,-0.0900375792592258,2.0475899279739918,76.53229789047815,1,Enrolled,0
0,17,1,8,1,10,152.1623389321798,11,4,6,2,7,116.137353787055,1,0,0,1,0,0,17,0,2,3,3,3,20.0,1,1,5,5,5,20.0,0,14.431503732414193,0.2103170087372328,2.3484085562583505,88.57141666422567,2,Graduate,0
0,17,5,9,1,3,122.92881098440184,11,2,3,3,4,95.0,0,0,1,1,0,0,29,0,1,3,3,2,15.881366255993814,0,0,4,5,4,10.294454014863344,1,9.49608747265076,1.369336788962971,-1.5025639424664308,89.08545035844864,2,Graduate,0
2,12,4,13,1,11,150.61342279939092,12,5,5,5,0,120.733438617888,1,0,0,0,0,0,37,0,0,6,6,6,14.94156275946218,1,0,4,5,3,14.00822840574532,1,11.435696646122745,2.616741773956279,3.442179099015795,87.5305678728733,2,Graduate,2
0,2,8,17,0,10,125.76335026839428,5,6,2,2,9,108.33031550565308,0,0,0,0,1,0,42,0,2,6,7,5,10.61087874723679,1,1,3,4,3,12.832917134846529,1,12.237776161164934,0.1952417002746116,0.961974818943842,91.44194534931,1,Enrolled,2
0,17,2,6,1,3,116.94367899857332,10,3,6,0,6,109.78872765838577,0,0,1,0,1,0,37,0,0,4,4,2,8.98674920716454,1,2,6,7,5,7.144124736763915,0,10.160201946176826,0.2042933382579037,-1.9873580577634584,67.55941133591116,0,Dropout,1
0,11,4,10,1,6,111.3715867303506,12,1,6,5,6,121.62958451383948,1,0,0,0,0,1,34,0,2,4,5,4,12.09186165004234,0,0,3,4,3,14.076213502134426,1,9.728148320222964,1.1358860721088937,1.346432130128782,50.15929818375616,0,Dropout,2
0,9,7,11,0,8,98.553172775416,14,5,6,9,9,160.44114315195978,0,0,0,1,1,0,48,0,1,5,5,4,7.754113273826239,0,1,5,6,5,9.145067573085726,1,14.671377914095936,2.325166268205174,3.090040796096276,64.68346909361185,0,Dropout,1
0,6,2,10,0,10,107.71070461578644,1,4,6,9,2,108.27002218155508,1,0,0,0,0,0,33,0,0,4,5,2,11.873080534740373,1,1,6,6,6,11.995997721811698,0,6.0,3.6045624484054,-0.0725587398944328,73.97847363000423,1,Enrolled,1
2,4,3,6,0,2,95.9831792155504,14,6,3,1,2,95.0,0,0,0,0,1,1,27,0,2,3,4,3,15.80333749255404,1,2,5,6,2,17.000586516855957,0,10.127240657359682,1.6054987617660086,2.558750594051591,75.71108658760961,2,Graduate,0
0,14,8,6,1,1,113.12078846617908,7,2,4,6,3,125.51274265614656,0,0,0,0,0,0,37,0,0,3,3,3,16.43626442799174,1,1,6,6,3,19.372847687342063,1,6.0,0.6902780946328269,3.396265531266604,56.2061072780015,2,Graduate,0
0,10,8,15,0,10,153.0621289185161,10,2,1,4,4,133.0398252928057,0,0,0,1,1,1,42,0,2,3,3,3,11.80298506103496,0,2,6,6,3,13.00923748555713,0,6.0,0.5443667254378127,0.8729194836189647,71.57804488357719,1,Enrolled,0
2,4,1,7,0,1,134.81708732570402,12,6,2,0,4,131.3690293566961,0,0,0,1,0,1,20,0,0,6,7,4,20.0,1,1,5,6,5,20.0,1,9.840699067503662,3.146602083407406,-0.5413651534862634,64.39661540362428,2,Graduate,1
0,15,3,12,0,7,126.4667315567491,6,1,5,8,4,123.51058771861474,0,0,1,0,0,0,34,0,1,4,4,4,17.456691932180746,0,0,3,4,3,14.953457597955726,0,8.422321404090411,-0.0154353923451926,2.90661836154763,86.10303011391969,2,Graduate,0
0,9,6,9,0,2,119.79162564500044,16,3,5,1,5,133.88298546328406,1,0,0,1,1,1,45,0,1,4,5,4,12.895107015756716,1,2,4,4,4,14.050091526799651,0,16.236838071100372,1.7326088228582328,2.9002442618617077,74.75454175650808,2,Graduate,2
0,12,8,1,0,9,133.21244934499802,10,4,4,1,0,145.38768374119115,0,0,1,0,1,0,45,0,2,6,7,6,16.99498198644426,1,2,6,6,5,17.918394449632853,1,9.23985650055998,3.081199435886851,-1.4650861226787577,33.06075949569909,0,Dropout,1
0,8,2,16,0,10,135.6645893997181,20,3,1,9,6,118.19952824984809,1,0,0,1,0,1,37,1,1,6,7,6,10.971774262695988,1,1,6,6,6,13.481507488124109,1,13.405442378310216,1.3100240645258912,0.6168516097811192,69.28930777931103,1,Enrolled,1
0,5,8,7,1,4,110.46877429065366,12,1,5,9,3,165.05402381979997,0,0,0,0,1,0,29,1,1,6,6,5,13.888705017671816,0,0,4,5,4,10.693715925936257,0,10.154913166980576,0.2027181618547124,2.097480460190468,63.76210554197311,1,Enrolled,2
0,16,8,8,1,7,145.1982830582504,10,1,5,3,4,135.4235568025212,0,1,0,1,0,1,33,0,1,3,3,1,11.738016438735508,1,1,3,4,3,14.122042176849654,1,6.395269677144265,2.1350606156977228,2.197094152445008,97.46611775817136,2,Graduate,0
1,15,5,15,0,5,127.8360724286196,10,3,1,1,7,164.48539365634034,0,0,0,1,1,1,25,1,0,4,5,4,8.758780782782567,0,1,4,4,3,6.2608709191913015,0,6.0,1.6247491672555825,0.2794504673540013,84.46591725245308,1,Enrolled,2
0,17,2,6,0,5,141.52991299213144,11,5,2,9,7,146.588398331413,1,0,0,1,1,0,17,0,0,5,6,4,14.86420897031972,1,1,3,3,3,20.0,1,6.0,2.064487764173327,-0.9255288055396178,70.25629819946465,2,Graduate,2
2,1,8,12,1,7,134.2957013478803,9,5,3,5,4,108.49354885715788,0,0,1,0,0,0,18,0,2,5,6,4,12.979342151878074,1,0,6,7,6,10.45816223520326,1,10.983772061357069,2.19434500060893,3.5,92.33516638299491,1,Enrolled,1
0,12,8,15,0,9,103.7951049142926,9,1,3,4,2,95.0,0,0,1,1,1,1,45,0,1,4,5,4,13.238991465785237,0,0,6,6,6,10.022056983526108,1,14.791362924946448,2.121322713901078,0.9608709791972488,55.680662061669295,0,Dropout,1
0,5,1,15,0,4,163.61868987554743,12,5,1,9,9,166.62471480079648,0,0,1,1,1,1,49,0,1,4,4,4,12.905026685833,1,1,5,6,5,11.878763784486074,0,7.258976987917052,1.8552383102419197,0.4784430884668473,60.95016275583881,0,Dropout,1
0,15,8,10,0,9,134.747983472123,2,5,1,9,7,117.18903489794332,0,0,0,0,0,0,26,0,2,6,7,4,9.856645783200902,1,2,3,4,2,12.17755799728946,1,12.513546321898374,2.3123824259662795,-0.2588221649981395,74.66272270542989,1,Enrolled,2
0,9,5,9,1,9,126.91065615982905,14,6,6,2,1,137.57114488418603,0,1,1,1,1,1,37,0,2,6,7,5,18.559182850295727,1,2,4,5,2,19.14680202893346,0,9.45483566563992,3.118876707566557,0.4372734432649189,94.88798716021356,2,Graduate,2
0,3,1,14,1,11,147.81623112303805,9,2,1,1,8,124.93176628049062,0,0,0,0,0,0,44,0,0,3,3,2,13.870583804049907,1,2,3,4,3,17.769338410422886,1,6.805450492411485,0.5598859523047005,-2.03435311219404,47.4156714200106,0,Dropout,0
0,12,5,14,0,8,109.53877808054456,18,3,4,5,5,173.56018536614812,0,0,0,0,0,0,27,0,1,6,7,6,12.065619188357532,0,2,3,3,1,11.01437777429468,1,11.063832795215744,1.1812073434410546,2.5981880132309096,84.0094833233195,1,Enrolled,2
1,15,8,17,0,1,100.36568532569416,13,2,4,1,9,138.13313224739886,0,0,1,0,0,0,24,0,1,4,5,2,8.417763766130374,0,1,3,3,3,6.892846384949032,1,14.774306597192451,2.452505086221497,0.312431346678663,78.27671041757452,0,Dropout,0
2,3,1,11,1,10,147.24493599345993,16,2,1,3,3,105.49295684052368,1,0,0,1,0,0,38,0,1,3,3,2,17.911831864602792,0,1,3,3,3,15.775693137590718,0,9.773605069728266,1.4126240665889,-2.981278784930134,54.91470947122436,1,Enrolled,0
0,16,2,6,0,11,160.22447039866685,13,6,4,4,3,133.40461792510874,1,0,0,1,0,1,24,1,0,5,6,3,16.21061379756843,1,0,4,5,3,14.59484570838116,0,12.488636501293984,-0.0164260571866037,-0.9727148251006548,95.76580170674212,2,Graduate,2
1,15,2,12,0,11,141.30114329813844,8,1,3,7,2,168.11663639483513,1,0,0,1,1,0,31,0,0,4,4,1,13.005282897123754,0,2,5,6,2,9.212247282312278,0,10.925947935502114,1.89942021333949,2.5236176840471707,80.02787038327816,0,Dropout,0
1,5,2,17,0,9,152.7272442649471,12,6,1,0,4,118.24869701227554,0,0,0,0,0,1,33,0,0,5,6,2,8.505546635963553,1,1,6,6,5,6.583493227084064,1,10.931103843242362,0.9103025334511362,0.5439436313273331,75.36636780829795,0,Dropout,1
0,10,2,5,0,3,107.14427398085206,19,1,3,6,5,100.95763733001264,0,0,0,1,0,0,39,0,1,4,4,2,18.806259392428235,1,2,4,4,4,15.480052917573463,0,7.590690507076461,4.0,-0.6198146396755155,78.74430965000147,2,Graduate,0
0,10,5,6,0,8,127.09596950599052,10,1,3,5,9,158.25469637969502,1,0,0,0,1,0,40,0,2,4,4,4,11.723232964352734,0,2,4,4,3,13.220658062657996,0,11.472445006441925,2.691949369872593,1.0383043680257622,84.51345936602877,1,Enrolled,0
2,13,7,3,1,5,120.52303367742466,2,2,4,2,2,115.52649850157856,0,0,1,1,1,0,35,1,0,3,3,1,10.649712043404056,1,1,6,7,6,14.050198341502067,1,6.0,2.891540970036204,0.2623408681571532,53.56184049993634,0,Dropout,0
0,10,4,1,1,6,157.6071292908727,15,4,5,9,8,97.50044688316294,0,0,0,1,1,0,21,0,1,3,3,3,12.828070470820936,1,1,5,5,4,13.082169608044236,0,11.084031015711664,1.550022545331349,0.9988586283746694,75.44445393151608,1,Enrolled,0
2,16,4,14,0,3,145.86948140255245,17,2,5,9,7,116.36901736794248,1,1,0,0,0,0,48,0,0,6,7,4,14.312976252614472,0,1,4,5,4,12.328227381591374,1,14.117592554581496,1.87262653053048,1.3752406904158576,92.33800482015305,2,Graduate,2
0,2,7,12,1,11,157.6854359635626,6,6,2,9,5,145.5554778349613,1,0,0,1,0,0,17,0,2,4,4,4,12.409784816078318,0,2,6,7,5,13.970474382610142,1,15.411803777353038,1.0891392245875684,-0.6694345646486566,57.23307302294997,1,Enrolled,1
0,4,3,12,1,7,121.40677691871343,3,2,2,0,4,149.67104548833672,1,0,0,1,0,1,39,1,1,4,5,3,1.1446789563788116,1,0,5,6,5,0.7465297466906891,1,6.873191336025672,0.4943044069340916,-0.2369196115955059,81.86420004022253,0,Dropout,0
0,5,4,11,0,2,110.10746719474866,11,6,5,1,2,148.59830271840784,1,0,0,1,1,0,24,1,0,3,3,3,13.87369108961655,1,2,5,6,3,16.110810409984254,1,11.325201690596892,0.4058955203129324,-0.5219427227787306,61.93312756667315,1,Enrolled,0
2,17,8,3,0,3,164.23973082775842,5,2,1,0,2,113.03740360212998,1,0,0,1,0,0,29,0,1,5,5,3,16.229036872114072,1,1,3,4,2,13.56546721175322,1,7.88414337990785,4.0,-0.4688847205242599,72.73623495760921,1,Enrolled,2
0,2,3,2,0,2,135.5744277650141,13,5,5,2,7,161.1713423349796,1,0,1,1,1,0,24,0,2,6,6,6,9.881323189773298,1,2,4,4,4,7.391315964264042,0,10.42155413818621,1.9762362062949617,-0.3303609764194151,51.93723891644101,0,Dropout,2
0,15,2,7,0,11,158.42738158732703,16,6,6,0,5,157.09049377626334,0,0,1,1,0,1,39,0,2,4,5,4,18.46193535970934,1,0,5,6,2,19.977333163648247,0,15.766482505097612,-0.0872295427661951,0.2773699370248782,60.61740965069919,1,Enrolled,1
0,6,1,12,0,9,133.5712120156845,10,5,4,9,9,150.8153912389889,1,0,1,1,1,1,17,0,2,3,3,1,16.06204806358226,0,1,4,5,3,15.711380855738184,0,12.633254318871666,2.6537839038085327,-0.2940891946575588,65.14748006745765,2,Graduate,0
0,14,4,13,0,11,183.4847461364685,13,1,5,4,5,112.38384957945848,1,0,1,0,0,0,40,0,2,4,4,3,14.640713221397284,1,1,6,6,6,16.657904970049543,0,8.042637089245652,4.0,1.087798679344761,71.90423059091586,1,Enrolled,1
0,12,4,4,0,3,160.91592288910857,11,2,1,9,3,123.72299318844183,0,0,0,1,0,0,40,0,1,3,3,3,9.450690833860868,0,2,4,5,4,7.004380600299706,1,7.873542211960753,-0.3427845943899035,0.2354530882764752,56.52665576325417,0,Dropout,0
0,6,8,12,0,8,131.47878068791917,16,2,1,5,2,147.03936790331497,0,0,1,1,0,0,33,0,0,6,6,6,13.976039468453273,0,1,5,5,4,14.760171128851375,0,10.0508929200026,2.220341981239402,-0.471832253537956,75.344377014313,2,Graduate,1
0,3,2,4,0,6,135.45163583883595,6,1,2,0,5,153.65316853431435,0,0,0,0,1,1,21,1,2,5,6,5,14.242254731874274,1,0,6,7,6,15.308472929568609,0,10.254978324602398,0.1527931096218575,-2.6659523378773367,54.19593336057514,1,Enrolled,1
0,6,2,13,0,1,135.52772557586167,1,3,2,0,0,113.85905331986709,1,0,0,0,1,0,36,0,1,4,4,3,12.713269238037052,1,1,6,6,3,8.57046618130138,1,10.398694710442598,2.8866126179095444,-0.825617115321398,76.59708739346954,0,Dropout,0
0,4,4,7,1,11,110.00669344704568,8,4,1,3,4,182.9382438284632,0,0,0,1,0,0,37,1,2,4,5,1,16.119688763956795,0,2,3,3,3,15.811135886119338,1,6.0,-1.0,0.1438499396388599,82.49554926456267,2,Graduate,0
0,17,2,6,1,6,124.39721176661062,20,6,3,3,6,135.76073712297344,0,0,0,1,0,0,47,0,2,6,7,5,11.73744304614458,1,1,6,7,6,6.39696348858825,1,15.997308562917947,1.594633969409189,2.5236693161272994,55.94548543666707,0,Dropout,1
0,11,4,12,0,8,122.72450843276432,17,4,6,7,0,162.92973602838364,0,0,0,1,0,0,27,0,1,5,6,5,12.049302070896106,0,2,5,6,2,15.423935542315048,1,16.293658085950263,2.032492576425144,0.6740751198310972,88.64460303599405,2,Graduate,1
0,14,1,12,0,10,140.1152938404935,10,3,2,9,9,108.1703813556372,1,0,1,0,1,0,31,0,1,4,4,4,10.667700073033544,0,1,3,4,0,7.073696476814974,0,11.43799412099557,-0.1615384814750993,-1.9239842437711328,66.4193913381281,0,Dropout,2
0,11,6,16,0,3,117.06695779666089,2,1,6,6,3,144.38488517929432,0,0,0,1,0,1,35,1,1,6,7,3,11.420671390515812,1,1,5,5,5,10.648440449842276,1,7.3895757618755535,2.032876636372384,0.9763553907153636,68.69239851865821,0,Dropout,1
0,17,1,13,1,7,131.69841876785762,19,3,4,6,1,107.59359329809408,0,0,0,0,0,0,23,0,2,4,5,4,12.475033422270814,0,2,5,5,3,12.162779729944624,0,8.119078368107692,0.9422070373032038,-0.0145465407229605,87.96268404090972,1,Enrolled,0
0,4,3,17,1,6,126.94426414664188,6,4,3,8,0,143.02789650076645,0,0,0,1,0,1,44,0,2,4,4,3,12.348616698354128,0,0,3,3,3,9.643279058896958,0,7.174220801574398,3.5677743769138965,1.827756424421928,83.42698322915783,1,Enrolled,0
0,12,4,8,0,1,136.66824972128734,2,3,4,7,0,150.81068202088971,0,0,0,1,0,0,21,0,0,6,7,6,12.191370725185104,1,2,3,4,1,16.514382431357912,0,6.903524947094129,-0.208531245517525,-1.832391877147791,76.4849108515358,2,Graduate,2
0,4,6,1,0,2,167.29833789745635,18,2,4,2,6,152.19770224644688,0,0,0,0,1,0,21,0,2,6,6,4,16.2343427933818,1,0,4,5,2,14.205105735191037,0,8.097830930834164,2.5901961258244333,2.980118543659006,42.93523344168274,0,Dropout,2
0,12,1,12,1,11,159.09959821893864,14,5,6,3,5,120.80680715467008,0,0,0,1,1,1,46,0,0,3,4,1,18.259442532204687,1,2,5,5,5,17.284959581686493,1,11.266945557674347,1.380034942970802,1.6046148854440705,78.6311824732037,2,Graduate,0
0,17,6,7,1,5,106.16902164948596,6,2,1,7,6,95.0,0,0,0,1,0,0,48,0,2,3,4,3,8.513517449171497,0,1,4,5,4,6.489771673654108,0,10.385387003843125,3.052365836086609,0.4240996522796673,40.09252014643594,0,Dropout,0
1,15,7,12,1,7,133.85955159245373,12,4,3,4,0,147.31248184294463,0,0,0,1,0,1,24,0,0,4,4,3,18.17811501714418,1,0,6,6,6,16.13313596579851,0,14.57264659478916,3.0799536638244494,-1.9789213640455527,49.827967725222045,1,Enrolled,1
1,7,1,13,0,4,128.33689971942067,20,6,2,4,9,129.2855602700985,0,0,1,1,1,0,26,0,0,6,7,5,15.360628985718844,1,2,6,7,6,14.78817590730411,1,6.0,1.1980584290477798,-1.829686835116551,46.67309503443206,0,Dropout,1
0,1,7,10,0,6,120.77480819413566,21,6,1,7,2,129.2725326774521,0,0,0,1,1,0,48,0,0,5,6,5,9.874224897882565,1,2,4,5,4,11.33186290185771,0,7.357446456260438,1.4463785886836351,2.0336788498063223,82.69614288467321,0,Dropout,2
0,5,7,2,0,2,182.36647055729307,8,6,5,7,6,116.1969064462993,1,0,0,1,0,1,44,1,1,5,6,5,11.84540640193936,1,2,3,4,1,11.945734283840869,1,6.0,2.5904906174564983,2.245745446465232,63.81207843604437,0,Dropout,2
1,12,5,3,0,5,123.4111082749502,3,5,2,5,9,137.90693912022945,0,0,0,0,1,0,33,0,1,4,4,3,13.99395736899391,1,2,6,7,6,11.797635622207428,1,10.434061523853613,2.1263528457852034,2.674865453170231,83.65183611852649,1,Enrolled,1
0,7,6,12,0,10,124.93638867963364,5,5,5,8,9,139.13394526871946,0,0,0,0,1,1,47,0,0,3,3,3,7.20744087074711,1,0,3,3,2,6.891711383121949,1,14.80192344579391,1.3592315674328457,3.5,51.08458870695279,0,Dropout,0
0,15,1,5,1,3,173.59656592600243,17,3,1,3,8,165.6254208426257,0,0,1,0,0,0,24,0,1,6,6,4,12.69639443464134,1,0,4,5,2,8.978881238654134,1,8.582659159338666,0.4999317733407229,2.148470762944476,66.61965445276627,0,Dropout,2
0,5,3,5,0,1,156.31879272986814,20,2,4,9,5,95.0,0,0,0,1,1,1,41,0,2,6,7,6,14.839409880665295,0,0,3,4,2,17.4975631792251,1,14.096279715758117,1.9383885321986616,1.533492855439014,53.07137276492247,1,Enrolled,2
0,9,8,5,0,6,125.24743792447136,5,6,4,0,7,106.18039900469118,0,0,0,1,1,0,25,0,1,3,3,3,10.394700940683965,1,0,5,5,5,8.829790713236967,0,12.081297603203042,0.1666892183910668,3.5,86.96420011414835,1,Enrolled,0
0,1,1,7,1,9,151.7332991684988,14,3,3,9,8,150.74809616749494,0,0,1,1,0,0,18,0,1,6,6,6,7.820506299432717,0,2,6,7,6,6.389351770845204,0,12.60033736175201,2.2778908966769364,-0.1818275595202554,56.72830731295838,0,Dropout,1
0,6,8,8,0,10,129.73242772839023,20,4,2,1,6,95.0,1,0,0,1,0,1,31,1,2,4,5,4,13.695252429855906,0,0,3,3,2,8.529880277569575,0,11.757701652748176,2.8326975663074934,0.6187596263530792,58.91182719115636,0,Dropout,2
0,16,2,16,1,8,131.1980396700664,14,5,5,0,8,121.17904877531244,0,0,0,1,1,1,19,1,2,6,7,6,20.0,0,0,3,4,3,18.43325725790156,1,15.409654461763164,0.5085503272012013,-1.974279024216088,85.37933414468016,2,Graduate,2
1,15,5,10,0,4,117.2815772934577,9,3,5,3,9,190.0,0,0,0,1,0,1,20,0,0,6,6,6,10.50368796281406,1,1,5,5,3,14.409493495194065,0,9.399387209321144,0.9993043082068016,1.924066630872571,75.02865011152721,1,Enrolled,2
0,2,4,13,0,8,90.0,8,5,3,8,3,132.30681168508968,1,1,1,1,1,1,30,0,1,3,3,2,10.59534226915642,0,1,3,3,3,11.824145003416737,0,12.06039973896802,0.7432546486193512,0.4337862525427923,72.39461259221414,1,Enrolled,0
0,13,3,2,0,11,103.65278694885872,11,2,6,5,8,156.73527243610187,0,0,1,1,0,1,41,0,2,3,4,0,12.298271821252332,1,0,4,4,3,14.770764619061511,1,15.536446273194478,2.76466423575165,-0.3162878058068123,57.05898633443827,0,Dropout,0
0,5,6,4,0,5,110.69867668964588,18,6,6,5,8,97.20651344160348,1,0,0,1,1,0,26,0,2,5,5,3,18.49404638734377,1,1,4,4,3,18.48557337642445,1,6.930082925071205,1.565649332437432,-0.278921667738996,79.4159641888678,2,Graduate,2
0,16,8,2,0,3,144.21808302506184,9,4,2,5,1,156.75232723389485,0,0,0,0,0,0,37,0,1,4,4,4,7.216583951125306,1,1,4,5,3,0.3661909815065236,0,9.35453770711296,1.060757943837083,-0.6309765310772506,63.16266979141992,0,Dropout,0
0,1,6,3,0,4,138.37564269612102,2,2,4,0,8,129.8182048451144,0,0,0,1,1,0,28,0,1,3,4,0,15.694384459447123,1,1,6,7,6,15.568389643542645,0,11.724332020213176,2.2770397821395414,0.495918244299661,77.07254092321861,2,Graduate,0
0,10,1,10,1,7,158.89713225255386,2,3,6,0,2,146.4832742836721,0,0,1,0,1,0,43,0,0,3,4,3,11.351733807607811,0,1,3,3,3,11.55476623475734,1,7.423878591804096,0.9230998030092484,-1.7952947238618904,85.55899278390295,1,Enrolled,0
2,16,4,11,0,5,108.52658944110928,6,3,1,2,6,153.17013853154987,0,0,1,0,1,0,18,0,1,3,4,3,11.653549968998576,1,2,6,6,4,13.592647821906231,0,7.297861761945396,1.2554761106882786,-1.633163183250886,82.64848020991528,1,Enrolled,0
1,13,1,3,0,4,174.3093906796728,6,1,3,4,2,126.38825316850192,1,0,0,1,0,0,29,0,2,6,7,6,9.464416481343154,0,1,6,6,6,9.072565717428368,0,16.089909672279635,0.1620588818195596,-1.192882450314921,94.65230296437412,1,Enrolled,1
0,2,5,5,1,3,172.27578565800323,11,2,1,1,4,151.41845817004662,0,1,1,1,0,0,48,0,1,4,5,4,12.128600945420937,0,2,3,4,3,9.899123422914847,0,7.563866843480845,2.50637666799833,-0.3161931996084017,81.76343462194298,1,Enrolled,2
1,4,7,6,0,3,135.779606301054,10,4,1,0,1,111.23260343840364,0,0,0,1,1,1,47,0,0,4,4,2,9.565454328606624,0,2,3,3,2,9.017453080682966,0,8.90072713287539,0.1896525243822797,-0.0351414913681602,71.56406229813655,0,Dropout,0
0,1,4,13,0,10,119.90249170460086,13,6,3,8,9,140.59634256658344,0,1,0,1,1,0,32,0,1,6,6,6,11.101883200102964,1,1,4,5,2,9.946232537836911,1,10.647760887058878,3.219530252566717,-2.887961252816896,93.85592672164329,2,Graduate,2
0,11,8,5,0,6,121.04093236532896,21,5,5,0,9,152.25070633294004,0,0,0,1,0,0,48,0,1,6,6,5,4.370771023404453,1,2,6,6,6,5.379882448494149,0,11.28611889921066,1.7867831228072082,-0.1272838644099556,40.52111877698674,0,Dropout,1
0,9,8,3,1,8,139.3589833801646,19,1,2,3,2,125.76401028032504,1,0,0,0,0,0,48,0,1,3,4,3,6.931306610580589,0,2,6,7,5,6.388880316408984,1,8.364297414737347,1.3119409895133742,-0.7142645837412567,71.48201403430483,0,Dropout,0
0,6,2,12,0,4,176.41709666722286,2,4,5,8,9,115.1812674753081,0,0,1,1,0,1,27,0,2,5,6,3,14.17853043558775,0,2,3,4,2,11.40318320622717,1,9.376287671435795,1.484282288621545,2.208976441857325,75.31187438295433,1,Enrolled,2
0,1,6,3,0,1,132.91175473252116,20,6,4,9,3,127.84487193906163,1,0,0,1,0,1,26,0,2,5,5,3,17.4177936387387,1,2,6,6,6,18.535043185085687,1,6.994539521427335,3.5519422810229013,-0.8199734668834961,82.43586689788498,2,Graduate,1
0,8,2,15,1,4,100.19528329350058,14,2,2,1,9,166.50464165810808,1,0,0,1,0,1,31,0,2,4,4,4,20.0,0,1,5,5,4,17.852856246727015,0,8.33874339563015,-0.1153902297013025,2.607155000811424,34.11170254774042,1,Enrolled,0
1,8,6,10,0,5,176.69808839019572,1,5,3,9,5,162.67096920924877,0,0,1,1,0,0,33,0,2,5,6,4,16.23593780150656,0,1,3,3,1,15.14594618929828,0,12.086004725805664,-0.0264640433905791,3.5,60.63308771363553,1,Enrolled,2
0,4,4,6,0,8,126.19150558043584,12,4,3,2,5,158.27012074845427,0,0,1,1,1,0,34,0,0,3,4,2,11.198559060393167,1,2,4,5,1,9.73876395958852,0,12.719358200778352,2.6512686319634517,2.900271967865727,76.54446311316991,1,Enrolled,0
0,4,8,16,0,7,166.9835131455895,18,1,3,3,2,177.695783595094,0,0,0,0,0,0,25,0,2,6,6,5,6.057289844862662,0,1,5,5,5,6.350347254947973,1,13.054496292246728,0.3943784011454057,-0.9671405779635318,79.95296778692878,1,Enrolled,1
0,1,2,15,0,2,148.76708332627356,16,6,1,1,2,140.15743731137394,0,0,0,1,1,0,41,0,2,4,5,3,14.88918250613454,0,0,5,5,4,11.16097528048886,0,9.98543867675793,0.6129596888787913,1.7350119493463347,87.83249291912381,2,Graduate,0
0,8,3,2,0,9,131.73456471808575,5,6,3,1,8,144.39734379896618,0,0,0,1,0,0,30,0,0,4,4,3,7.9161609379070175,0,0,4,4,4,7.696431552485208,1,9.40983449525674,0.9683080764569304,-0.9361698201493108,68.49908041365656,0,Dropout,0
0,11,8,17,1,3,156.25067020691344,21,5,4,5,9,95.0,1,0,0,1,0,0,41,0,2,6,7,6,10.17487892075624,0,1,5,5,5,12.57597658284486,0,6.07674529690062,2.850566354285108,-0.6859128369269969,91.9594667797123,1,Enrolled,1
0,10,6,16,0,9,118.83559069601388,19,2,4,9,1,117.24953352372214,0,0,1,0,1,0,38,0,2,5,5,4,16.10109585453985,1,0,5,5,4,16.040524393678457,1,8.932324299270388,2.471455492956604,-0.5650801942787997,67.55238106667599,1,Enrolled,1
0,6,5,3,0,1,128.59894898450986,14,5,3,4,3,152.7868158177092,0,0,1,1,1,1,46,0,2,4,5,4,14.029717569753627,0,1,5,5,5,12.061143518070072,1,10.520304033296812,1.3305838390768765,1.0450540648847124,86.98546305511273,1,Enrolled,1
0,7,3,4,0,9,123.32382220467812,11,2,2,4,4,161.70553971332012,0,0,0,1,0,1,36,0,1,6,6,6,9.748272706872308,0,2,6,7,6,8.534144034750272,1,13.264308981878,1.9806189975664257,-0.7730797548552952,56.90525393135341,0,Dropout,1
0,2,4,5,0,7,130.58501511331653,17,3,4,8,7,107.6810895039088,0,0,0,0,1,0,37,0,0,6,7,4,7.02760206334993,1,1,5,6,5,7.466971529525224,1,6.0,1.951596668034626,0.8696158990979689,95.96815725086653,1,Enrolled,1
2,17,3,13,0,2,147.05051296457611,15,3,2,6,7,137.67276803161528,0,0,0,1,1,0,48,0,2,5,6,5,13.742852207811511,1,2,5,5,5,14.843595961641116,0,8.989487015049551,0.2969696962040729,3.0724441734703083,71.50278480593468,1,Enrolled,1
0,13,6,2,0,10,146.88620760856952,16,2,2,8,5,190.0,0,0,1,0,1,0,37,0,0,5,5,5,14.174938037541596,1,0,3,4,2,17.634779902957252,1,6.0,0.3786009907656638,-1.1832302225687523,90.63844970719606,2,Graduate,2
1,15,5,12,0,7,100.78302600455436,14,4,2,0,1,137.8070873385399,0,0,0,1,1,0,48,0,2,3,4,3,18.263515901376262,0,2,4,5,4,13.899159445564578,1,6.0,-0.9440331804342326,-2.094701907269488,73.08213699957886,2,Graduate,0
0,11,5,17,1,1,123.21812503941892,17,1,3,1,9,176.1208878106678,0,0,0,1,0,1,46,0,1,5,6,5,4.277577545097088,0,2,6,7,5,4.6361719667238885,0,13.952390683313492,3.288718189817993,-0.3522494589297995,93.2943777522212,0,Dropout,1
0,7,6,10,1,11,127.0163936281958,4,3,6,4,9,148.6822091692852,0,0,0,1,1,0,28,0,2,5,5,5,13.41376254954565,1,0,6,6,6,13.577244150837032,1,6.094793746176136,0.6958936579562819,3.3703782565371885,53.63493720397655,0,Dropout,1
0,17,7,9,0,3,147.8953349871647,14,4,1,9,0,154.03421585260816,1,0,0,1,0,1,34,0,2,6,7,3,16.208688947535304,1,1,4,4,3,15.74179100209198,0,10.324220866665176,1.5163066818351538,2.0394300820370908,84.4067871400022,2,Graduate,2
0,8,4,9,1,7,104.19301946081542,4,5,3,6,6,117.26300965085072,0,0,0,0,0,0,37,0,1,4,5,4,11.529139259450671,1,1,6,6,4,12.117738190351826,0,13.078533018773827,2.1466899309500205,-0.7381821207613457,95.82286580360996,1,Enrolled,1
0,17,6,17,1,3,150.5422904757555,3,3,4,7,9,99.77620676683864,1,0,0,1,0,1,29,0,1,6,6,5,7.41169069466666,0,1,6,6,6,6.537850852641082,0,8.595837543975662,0.3344783713159538,-1.0818189400728833,75.30189511632688,0,Dropout,1
0,16,3,9,0,2,110.2124029163336,4,6,4,6,0,158.06020016845673,0,0,1,1,0,0,37,0,0,3,3,3,9.763237272880865,1,1,6,6,5,6.966202995419295,0,6.3276747063179,0.4828848540913282,1.382590679887875,80.12356274250214,0,Dropout,0
0,14,6,14,1,5,140.46364904804315,6,6,4,8,2,147.6776144106263,1,0,1,0,1,1,24,0,0,6,7,5,13.130953587497125,1,2,3,4,2,13.364768402318305,0,10.357462504017498,0.3948939611108188,0.9756875364076588,66.55900156518676,1,Enrolled,2
0,9,5,17,0,3,159.51767263000932,4,4,4,2,8,141.51420767616767,0,0,1,1,1,0,23,1,2,3,4,0,11.2954980543823,0,2,3,4,2,12.61863430381045,0,14.679499441054409,-1.0,1.9209940333447035,41.04395142599939,0,Dropout,0
0,16,4,17,1,9,108.00863153942232,7,1,6,4,5,106.8223536087379,1,0,0,1,0,1,39,0,2,5,6,5,14.063607157500387,1,0,6,6,6,13.645322427502103,0,12.978272399627324,1.4218331716451544,-1.2794373844652756,41.62692390989156,0,Dropout,1
0,17,6,2,1,7,140.31849286203754,7,6,1,5,7,131.08092651628746,1,0,0,0,0,0,48,0,1,4,5,2,17.477734367281315,0,0,4,4,3,19.826090725683187,1,9.254874705225928,4.0,0.6491402830049077,87.58092371108944,2,Graduate,0
1,17,5,15,0,11,130.91941259390603,18,5,6,9,8,124.58322721494908,1,0,0,0,0,0,27,0,2,4,5,1,11.602357658171025,0,2,4,5,4,10.708864841256917,1,8.32897831089921,0.8646720163043424,2.412748124849233,68.40923793602778,0,Dropout,0
0,16,6,11,0,1,113.49615133402958,12,3,2,6,6,127.03123599261995,1,0,0,0,0,1,38,0,0,6,7,5,17.269040555223256,0,0,3,3,3,18.120455251727115,0,13.469210530183576,0.8974503303653149,2.8315350414749,56.19174001593322,1,Enrolled,2
0,11,1,5,1,1,108.05081935633386,16,6,3,6,7,145.7119256272967,0,0,1,1,1,1,38,1,1,4,5,4,12.595212984551097,1,1,3,3,2,8.340854952464738,1,6.0,1.0562252012207762,-1.429789637062868,89.00342552387889,1,Enrolled,2
0,6,1,9,0,6,119.43425382858683,6,3,4,3,3,157.65573076272082,0,0,0,1,0,1,41,0,1,3,3,2,14.186252846798872,0,2,5,6,5,19.49233074045122,0,12.810927505042311,1.873931330184034,0.6463778523958414,91.09312154988102,2,Graduate,0
1,7,8,9,0,4,117.16900569979212,5,1,2,0,4,147.15189589072776,0,0,0,1,1,1,38,0,1,3,4,1,12.5901358036877,0,0,3,3,2,11.721187505308093,0,8.408455614112295,2.557735118729591,0.2852493165413819,97.744822166384,1,Enrolled,0
0,9,5,14,0,1,130.47690051700258,10,2,3,7,6,144.8615303970941,0,0,1,1,0,1,44,0,2,5,6,5,14.276900761297576,0,0,6,7,5,12.756434816123626,1,6.0,0.4986190334772948,-0.7062476330522565,94.14117067312633,2,Graduate,1
0,12,8,8,0,9,125.61426363168626,17,6,1,9,8,142.83796634006288,0,0,1,1,0,0,45,0,0,6,6,6,14.885593239865823,1,1,3,3,1,13.921215137646213,0,6.0,2.0550895784690004,-0.5238190987526161,88.36847295601912,2,Graduate,2
0,2,4,11,0,2,144.3195566655951,3,3,5,0,7,135.63067174703522,0,0,0,1,0,0,29,1,1,5,5,5,15.246337646000809,1,2,5,6,5,12.574377432058428,0,14.905324243906986,1.3971034742901836,1.8206373316236464,33.89185139282275,0,Dropout,1
0,4,1,12,0,1,152.78683003743475,9,2,1,0,6,119.23335018183616,0,0,0,0,0,0,34,0,0,4,5,4,13.011355204273698,1,0,5,5,2,9.790063822310485,0,9.396598147849929,1.858654805364924,-0.578744194332935,80.31766522125127,1,Enrolled,0
0,3,5,7,0,3,101.36187599486286,10,1,5,8,3,141.17115180987614,0,0,0,1,1,1,18,0,1,5,5,3,1.3422489496187833,1,0,4,4,3,1.1448597698783511,1,7.317294322779295,2.04154985043916,0.5781725823227682,36.17185020827364,0,Dropout,2
0,12,8,3,0,10,129.48568736238943,10,6,4,9,0,158.68190209680515,0,0,0,1,1,0,45,0,1,4,4,4,15.084384127699773,1,0,4,4,4,15.069673503033147,1,9.868888981437166,0.3302366597047383,1.6761101948774493,76.77739859429133,1,Enrolled,0
0,3,6,3,1,1,114.10165783648242,21,1,2,9,0,137.11757777673668,0,1,0,1,1,0,37,0,0,3,4,3,6.103989843817426,0,1,6,7,6,6.36367903998968,1,8.283195319475208,0.868708024547191,3.5,88.62202179888273,1,Enrolled,0
1,9,2,14,0,4,111.12634093571435,6,6,6,2,4,116.99091517208376,0,0,0,1,0,1,31,0,1,6,6,5,10.875901583990103,1,0,3,3,2,10.491045976762834,0,8.384972938570668,2.054832951097908,1.3388531109498567,80.56488921292006,1,Enrolled,2
0,12,6,4,0,4,100.48636402813776,4,4,2,8,6,110.1088892253794,0,0,1,1,0,1,43,0,2,6,6,6,4.630653462275314,1,2,5,5,2,4.122933454401554,1,8.511223351467931,1.3317784618531594,2.0974445945006,85.9923785629733,0,Dropout,2
0,8,3,14,0,6,98.86083139170206,11,3,3,9,7,116.15544050197788,1,0,0,1,1,0,47,0,0,5,6,5,18.944936221235277,1,1,5,5,4,15.63724619434412,0,10.024904187670414,2.450686209754912,1.2733113669092118,52.20119379585167,1,Enrolled,1
2,5,5,14,0,3,123.57922800614914,20,5,5,9,6,111.40666151258864,1,0,0,0,1,0,31,0,0,4,5,3,14.46056211526266,1,2,4,4,3,12.94213975356256,1,12.27225564934096,1.233127068675731,0.429930558620299,42.71094218597905,0,Dropout,2
0,5,8,3,0,9,143.643972333362,9,6,5,0,3,190.0,0,0,0,1,0,0,39,0,1,3,4,3,11.859658761285932,0,1,4,5,4,11.962845245793687,0,6.0,2.71257350506355,0.3978030492746223,38.49643630571028,0,Dropout,0
0,8,7,13,0,6,143.5656345017494,12,5,3,6,6,118.05677877895472,0,0,0,0,0,0,40,0,0,4,5,4,17.966164243163142,0,0,3,3,3,16.319311348526437,1,14.051335757842306,-0.8551102049144208,0.5906749114099809,59.95724430770474,2,Graduate,2
0,3,1,8,0,7,111.84105575413216,10,6,2,4,5,139.03923598096026,0,0,1,1,1,0,29,0,2,5,6,5,14.862100926410742,1,2,5,5,5,15.292522556028802,1,7.165024329439124,1.888013559275045,-3.051216767279897,52.29541137500779,1,Enrolled,1
2,9,8,6,1,6,109.61594049384084,6,1,6,3,7,137.83075476666218,0,0,0,0,0,1,38,0,1,4,4,3,13.436067652797234,0,0,4,4,2,12.79804386997185,1,10.768558612478888,-0.04758819268597,0.2113504356900202,78.79371626306602,1,Enrolled,0
0,14,5,2,1,9,140.26338678360295,13,5,2,4,8,175.3328708350871,0,0,0,0,0,1,49,0,2,3,4,1,14.383005166049172,1,2,3,3,3,13.725704585405726,1,9.82555771487693,2.845647781132453,1.5889139082870356,79.03724956054721,1,Enrolled,0
0,2,6,6,0,2,125.50166153932292,5,5,3,0,0,150.7343518851564,1,0,0,1,1,1,19,0,2,5,6,3,11.662784794258483,1,0,3,3,3,11.880956677084022,0,7.579252416560882,1.3207680689428325,-0.5265429858218766,52.41312282541909,0,Dropout,2
1,15,7,14,0,11,154.57362399527486,4,6,6,9,1,150.6123627636747,1,0,1,1,0,0,35,0,2,3,3,3,8.661104474461958,1,0,3,3,3,9.573962213582552,0,13.405949267611245,1.0913953734309794,3.415055772857423,51.79900142918999,0,Dropout,0
0,4,4,7,0,8,110.56413481619744,3,5,6,6,7,144.35964163831088,1,0,0,0,1,1,39,0,0,5,5,4,16.363120862554112,0,2,4,4,2,17.833173852223453,1,7.617510345747686,0.5085387119549302,1.0253516149479556,79.77814616602353,2,Graduate,2
1,2,1,17,0,5,94.13035906850216,5,4,5,1,6,146.8773313249943,0,0,1,1,0,0,45,0,1,6,6,4,12.75160685553884,0,1,4,4,2,17.409213251415146,1,14.256412006823007,2.2964339299798238,0.5638825931007182,46.81113851148966,0,Dropout,2
2,9,8,3,1,2,148.47465262655194,18,4,6,8,6,148.05637890428483,0,0,0,1,1,0,46,0,1,4,4,4,6.84307231710093,1,2,4,5,4,8.702527075018075,1,12.004071005821393,2.181771643323942,2.304554846261852,87.64043495172973,0,Dropout,0
0,4,4,14,1,7,93.41913620068956,3,6,4,4,2,124.31480904191606,0,1,0,0,0,1,41,0,2,3,4,0,14.775819089671977,1,1,6,7,3,10.774709277115186,0,7.751427719099147,1.16216513555667,1.8153309360796943,50.60696791423764,0,Dropout,0
0,5,4,1,0,5,103.19240215058046,5,1,3,4,6,117.066012122829,0,0,0,1,1,0,24,0,2,3,4,0,13.142998524598363,0,2,6,7,6,10.133343179457396,0,6.404672602156477,2.298521012529034,2.8390759688496576,84.88558543543304,1,Enrolled,0
1,11,6,12,1,8,120.27697542665396,9,6,2,2,3,141.466051329376,0,0,1,1,1,0,32,0,1,4,4,4,18.94936873283327,1,2,6,6,6,17.962751754000898,0,13.195583544731262,1.7647468594879832,3.1896772377225435,84.45268142278717,2,Graduate,1
0,4,4,3,1,10,128.73014428148073,6,5,4,9,9,126.57692562700672,1,0,1,1,1,1,24,0,1,3,4,3,13.939863116250518,0,2,4,4,4,11.73257055632325,0,6.576725919398577,1.603152999755149,3.4375507316180016,61.50831217246797,1,Enrolled,0
1,4,7,12,1,11,148.23250120646605,15,1,4,1,9,144.6091665952277,1,0,0,1,1,0,17,0,2,3,4,3,8.866303035295818,1,1,4,5,4,9.542545186499927,0,9.600614728725356,2.439453018206123,1.6223422628398525,74.00885026076412,1,Enrolled,0
0,15,7,14,1,6,112.68720010513064,18,1,5,7,1,113.018363072354,1,0,0,1,0,1,21,0,1,3,3,3,6.734466718311605,0,0,6,7,6,7.675947596287358,0,12.090414743548184,3.67361758648426,-1.0665225653432575,89.44829059109077,1,Enrolled,0
0,5,5,1,1,7,163.9896579765955,8,1,6,8,0,103.1560498045256,0,0,0,1,0,0,19,0,2,6,7,3,17.4250310549037,0,1,5,5,4,15.91624958356224,0,11.390715101395802,1.8382729379913387,0.371001903774339,80.45891047611119,2,Graduate,1
0,3,1,5,1,11,101.645831200397,12,4,3,2,7,108.01691075295136,1,0,0,0,1,1,17,1,2,3,3,0,12.777315766016764,0,0,5,6,4,15.45150376147932,1,9.391475856504895,1.840121860694576,3.5,67.61419154879766,0,Dropout,0
0,16,4,7,0,1,126.81734331851568,6,4,4,7,4,138.15304371708487,0,0,0,0,0,0,20,0,2,6,6,6,9.96968508092841,0,0,5,6,4,13.30518511161797,1,7.811045891567881,2.602333514100443,1.26690105211529,80.9207775459987,1,Enrolled,1
0,1,2,6,1,2,153.2634091038278,8,3,1,5,9,99.61078291856144,1,0,1,1,0,0,48,0,2,4,4,3,10.481171907885496,1,2,5,5,4,5.651602051746501,0,12.16629204912658,0.3570396304710981,0.0184764247193955,45.376916857950455,0,Dropout,0
0,1,3,6,0,9,154.4280602823665,15,6,4,8,3,188.74149380878504,0,0,1,1,0,1,41,0,0,6,6,5,17.544204336368743,1,2,6,6,4,13.672009450046634,1,6.0,1.2803074737891935,-0.1808077966702369,74.36264718996246,2,Graduate,1
0,1,8,11,1,7,90.0,16,5,4,9,8,188.8058054948832,0,0,0,1,0,0,26,0,1,3,4,3,14.651331847388068,0,0,3,3,3,17.09443222628681,0,10.778650785130043,1.0366979511544714,-1.1394099106542188,65.97395512742162,2,Graduate,0
0,3,7,3,1,7,190.0,5,6,4,3,4,162.1373316848017,0,0,0,0,0,0,37,0,1,3,4,2,16.840121426338033,0,1,3,4,2,18.71469388983812,0,6.10996353546796,1.860475970294296,2.45480387705079,45.19076760953899,1,Enrolled,0
1,9,5,9,0,4,127.91098019880884,11,2,3,2,9,130.76477194147327,0,0,1,0,1,0,43,0,1,3,4,0,13.858251466465306,0,2,5,6,4,14.81488101047361,0,7.368301268690114,1.7603281703159532,-0.0130467885823742,90.49591604241442,2,Graduate,0
1,13,2,3,0,4,141.12579742321813,17,4,5,6,1,127.90996320149527,1,0,1,1,1,0,43,0,2,6,7,6,10.07182177618342,0,0,4,4,1,9.799171132623233,1,11.1049817848281,3.610278420161665,-0.9690434907057373,80.36746850352198,0,Dropout,2
0,13,7,6,0,3,127.65994464061816,13,6,5,0,8,147.41339579896916,0,0,0,1,1,0,18,0,0,5,5,5,19.25301993392557,0,2,5,6,5,18.69522790228756,0,7.751101729618555,3.299024608464477,-0.7657861084358679,64.14537618684895,2,Graduate,1
0,13,1,9,0,10,181.97338553589557,20,6,1,2,9,154.91551290954445,1,0,0,0,1,0,29,0,1,5,6,5,11.631325959073177,0,1,5,5,5,12.672824542641536,0,13.471894779416536,-0.3177763496414447,-3.8966800616042834,80.88244608685615,1,Enrolled,1
0,8,3,8,0,4,163.36556230041506,16,2,6,6,6,147.4064459339368,0,0,0,1,0,1,25,1,2,4,4,4,15.81543839823252,0,2,3,3,2,15.956630004431249,0,12.119313120798337,1.928721325993255,2.0710142343060127,87.56724123262612,2,Graduate,2
0,8,8,2,0,10,181.36515264124304,18,5,1,6,8,107.23816514718808,0,0,0,1,0,0,38,0,2,4,5,4,16.79475321449477,1,0,4,4,2,19.76405998193524,0,7.907472997619296,2.349827804067356,0.3727015570768077,37.5354030241417,0,Dropout,2
0,5,7,16,0,6,145.41112764763204,13,5,4,8,4,135.25228232321626,0,0,0,1,1,0,42,0,0,4,4,4,13.02193183970276,1,0,3,4,3,11.018821968467453,1,9.324207108296012,1.600861617255933,-1.4116522574163144,66.98514966979769,1,Enrolled,2
1,10,7,5,0,11,155.0672345943621,3,4,4,9,6,153.33164387448122,0,0,0,1,0,0,28,0,0,3,4,2,9.103719302330289,1,2,4,4,3,8.848707956967438,1,6.68914288076292,0.8808164505864836,3.296871660451462,95.05297963042936,1,Enrolled,0
0,3,4,10,0,3,112.0183865520155,3,2,4,8,7,95.0,0,0,0,1,0,0,33,0,2,5,6,3,10.62644334933543,0,1,6,6,6,12.552281636790603,1,11.41893413702483,3.1544585434393206,0.8837243075523868,88.89419422970698,2,Graduate,1
0,7,2,12,0,10,129.17887995422214,6,6,1,6,3,112.36722213721576,0,0,0,1,1,1,30,0,1,5,5,5,15.370141000907491,0,1,3,3,0,15.481186468720182,1,14.704392081041554,1.8961909975594364,-3.234655799944104,51.77267888575197,1,Enrolled,2
1,6,2,12,0,8,155.0850016467522,15,1,5,2,7,153.1467378389116,1,0,0,1,0,0,30,0,2,4,4,4,14.868370245881655,1,0,6,7,6,16.25126858411744,1,6.414626517574977,0.2478973843372842,2.0992586761819187,62.95872025951725,1,Enrolled,1
0,7,4,6,0,1,142.00140403572428,19,1,1,2,6,132.19650704733107,0,0,0,1,1,1,36,0,0,5,6,3,17.552321783679613,1,2,6,6,6,18.89887630555149,0,10.56522628116779,2.6712267230552387,-1.0193634480622775,81.4800884702389,2,Graduate,1
0,7,6,14,0,6,137.32549545176175,3,6,6,4,2,132.2219139005024,0,0,1,1,1,0,27,0,2,4,4,2,16.98752978565672,1,0,5,5,5,15.62542732874816,1,10.970343447335056,2.06129038075112,1.871787425615185,84.57526194582137,2,Graduate,0
0,8,6,7,0,2,117.93528641903822,21,4,5,8,7,167.7110405020634,0,0,1,1,0,1,32,0,2,3,3,3,9.664601412716276,0,1,4,5,4,6.812932087961779,1,6.249886630573706,0.7276058416847975,1.7092095015306314,96.98069979749415,1,Enrolled,0
0,2,4,1,1,11,160.64037125692442,3,2,1,0,3,138.65472827486678,1,0,0,1,0,0,47,0,0,5,5,5,18.052745163128577,1,2,3,4,3,15.883287563831823,1,6.974793780191851,0.5838403428142406,1.0472569868024917,57.42860965076716,2,Graduate,2
0,15,7,14,1,1,160.32816605157151,21,4,5,0,1,128.1636435859793,0,0,0,1,1,1,22,0,0,3,3,1,9.408382922127885,0,1,5,6,3,6.398966830034164,1,6.0,0.5446430920041128,-1.453076003908645,81.39750222964028,0,Dropout,0
0,10,2,15,0,4,157.92859374376377,3,1,1,8,8,132.28566108200607,0,0,1,1,1,1,35,0,2,3,4,3,15.081781473018124,1,0,3,4,0,10.141819603860238,1,11.682552648332546,2.9205024606012966,-1.4187341569026777,82.08145780456695,1,Enrolled,0
0,15,1,13,0,6,141.4248354940017,18,5,5,6,7,133.10886032684888,0,0,0,1,0,0,20,0,0,5,6,5,20.0,0,2,6,6,6,20.0,1,8.920941065714018,2.2073617904154506,0.7119780927504181,59.79175302641981,2,Graduate,1
0,2,5,1,0,7,135.22230012323047,8,4,3,3,3,119.13649678240176,0,0,0,0,1,0,20,0,1,6,6,6,14.093697493690565,0,1,3,3,2,9.07863997651974,0,7.823117171231537,2.647474488599179,-0.8944760632122284,89.46329019725658,1,Enrolled,2
0,3,8,6,1,11,159.7309124971059,16,1,3,0,2,134.43673367795537,1,0,0,0,1,0,36,0,1,4,5,4,6.774263945296858,0,2,3,3,3,11.12791450699502,1,16.19295643684583,1.745397688702303,2.9947871048045025,67.96232187204475,0,Dropout,2
0,5,1,5,1,1,155.60961062645973,3,5,2,5,2,111.50244465728284,0,0,0,1,1,1,26,0,1,5,5,5,11.85935833739944,0,2,5,5,5,10.239890008373091,0,6.0,0.6821383182557686,0.6173564445988869,83.76885583423284,2,Graduate,1
0,7,1,17,0,3,115.36046106152052,11,6,6,8,5,131.66692256769366,1,0,0,1,0,0,40,0,0,3,4,3,20.0,0,1,4,5,4,19.00411170945201,1,13.85507124985817,0.5467962545172081,-1.0087542498438151,92.49041779218165,2,Graduate,0
0,14,8,15,0,6,141.9596495286232,16,4,5,5,1,127.0977674817909,0,0,1,1,1,0,42,0,2,4,4,2,12.275161159621772,1,0,3,4,3,8.18792741193103,0,6.0,2.7877784253229376,2.59740287776922,77.38496768851468,0,Dropout,0
0,12,5,7,0,6,149.4771313677161,2,4,5,4,2,145.78384091374636,0,0,0,1,0,1,37,0,2,3,4,1,17.644479117207684,0,1,6,6,5,18.30589625206285,0,8.437758844902053,2.035474741397914,-2.639323167558172,84.82273788202531,2,Graduate,0
1,10,1,17,0,10,120.1917304393191,1,1,6,0,0,177.8631061196246,1,0,0,1,1,0,37,0,2,4,4,1,9.651817287623064,1,1,6,6,6,8.699586613906067,0,6.0,1.1811678279281748,0.5626988386903039,35.80843213141009,0,Dropout,0
1,10,3,12,1,6,154.8756861248271,8,1,6,8,9,146.48917876462403,0,0,1,1,0,1,26,0,2,5,5,5,11.755129284631842,1,2,5,5,3,11.607873372854588,1,7.539943108643487,1.5256253027253073,1.8011081436082423,53.02423945754019,1,Enrolled,2
0,4,4,7,0,7,150.78843838725226,12,5,5,8,4,142.57870445553567,1,0,0,0,1,1,20,0,1,3,3,3,12.245036077949864,1,2,6,6,5,9.977227202149198,0,8.377326211745993,2.6977051752478465,-1.0521557334577576,77.66028243509209,1,Enrolled,0
0,6,2,13,1,11,125.84128395927183,19,3,2,0,2,145.84589507139236,0,0,0,1,0,1,36,1,2,4,4,2,19.828199599458397,1,1,3,3,1,20.0,1,7.870774214079155,2.175821344761302,0.0216365093731069,67.96188082552321,2,Graduate,0
1,4,8,8,0,7,105.15064137572188,18,5,1,3,6,118.42961885318462,0,0,0,1,0,1,33,0,2,4,5,3,11.929210511739027,0,1,4,5,1,9.569416993528776,0,10.75020402605871,1.3892772927965764,-0.4139152456046067,85.68213752670763,1,Enrolled,2
0,5,5,4,1,10,147.89729856783572,18,4,6,0,8,157.5489083439953,1,0,0,0,0,0,23,0,0,5,5,5,6.4009523951158185,0,0,3,3,0,6.297867969209172,0,12.633142514242072,1.444500681549156,-1.2240122847038395,57.979187319600726,0,Dropout,2
0,14,1,8,0,8,178.22146949761384,21,4,3,9,4,150.16004105091545,1,0,0,1,1,0,20,0,0,4,4,4,20.0,0,2,5,6,4,20.0,1,9.660550039224296,0.7913870669118275,0.9376351881067742,48.44664047600081,1,Enrolled,0
0,9,2,16,0,11,140.61878037720842,11,4,2,3,1,138.8753104118953,1,0,0,1,1,0,45,0,2,4,4,4,13.796135437582445,0,1,6,7,5,17.12440805333319,0,10.970164702994108,1.5277845340319824,2.331842268848815,39.2288729686203,0,Dropout,1
0,15,6,16,0,2,149.11042990287046,18,6,3,6,1,148.87445509234377,0,0,0,0,1,0,30,0,1,3,3,3,15.291323869560294,0,0,3,4,3,17.006076227337253,1,14.6829580295962,1.1545744184730478,3.5,92.98201690293548,2,Graduate,0
0,1,3,11,1,10,109.36262640094624,6,1,4,7,3,148.19115097382456,0,1,0,0,0,1,19,1,1,5,6,5,7.375997187730051,1,2,3,4,1,7.300694988735421,0,7.906029371428744,1.4398360873812623,2.1715197406233995,88.98462192859093,1,Enrolled,2
2,13,1,9,1,1,133.948628078693,1,4,2,2,9,148.23654369557462,0,0,0,1,1,1,40,0,1,5,6,2,13.902175936929932,0,0,6,7,5,13.582255874776898,1,12.711619798030863,0.8501248338886536,0.3151851331838361,49.25800015700179,0,Dropout,1
0,2,1,11,0,10,132.54785783320082,9,4,2,2,8,164.85665339459982,0,0,0,1,0,0,32,0,0,3,4,3,13.06683849309232,0,1,4,4,1,13.55036862475194,0,17.576764956381197,-0.1076743881286235,2.8063708956556326,72.8172924606518,2,Graduate,0
2,15,1,5,1,7,115.49887282318456,20,5,3,9,1,121.04689160739908,0,0,0,0,1,0,20,0,1,6,7,3,9.6180956431899,1,2,4,4,4,11.234875933520453,0,15.442419341108216,2.6445594478462544,-1.2324347040734438,71.56483578594936,0,Dropout,2
0,15,3,10,1,1,144.67528128904573,16,1,5,4,4,172.78031821895206,0,0,0,0,0,1,40,0,0,3,4,1,15.337846157223847,1,0,4,4,4,13.17706668783108,0,14.887973790939098,2.1877438813788115,-0.1653216960065362,54.038775181495545,1,Enrolled,0
0,16,4,6,0,2,143.83065471455507,5,5,4,5,6,99.9335432329059,1,0,0,1,0,0,46,0,1,3,4,3,7.027686918294686,1,1,6,7,6,8.985710253622765,0,12.184341905065637,1.1814333870371116,2.51473242664819,54.58706508959132,0,Dropout,1
0,3,2,16,1,1,128.52886346934392,19,3,3,2,9,156.547240087926,1,1,1,1,0,0,34,1,0,6,6,5,9.59343637907528,0,0,3,4,1,6.950950806775175,0,13.453480147356856,1.1138272247151475,-0.3844938184616235,62.11581228029101,0,Dropout,2
1,13,7,12,1,1,134.71984856586565,17,5,2,5,3,144.19400796177942,1,0,0,1,1,0,35,0,0,4,5,3,17.241839184326857,1,0,5,6,5,18.082621829223584,0,8.548464434443506,-0.1664952736920308,0.9039814722678268,89.87851856063506,2,Graduate,1
0,1,7,8,1,3,180.1648656681195,8,5,5,9,6,115.9272399642008,1,0,0,0,1,1,47,0,0,5,6,5,10.459579935518896,0,1,3,3,2,11.513147761956905,0,9.755896447099856,2.779053896844112,-0.4620315937473316,92.0378036631059,2,Graduate,2
0,14,1,13,0,4,121.34660547309562,19,3,4,6,6,165.72757631082615,0,0,1,1,1,1,35,0,2,5,6,5,11.273247108295203,1,2,6,6,6,9.294334388293755,0,9.407189943427618,3.004739905764445,0.4118524299161829,93.27541095621214,1,Enrolled,1
1,3,6,13,0,5,110.110170691658,18,5,5,5,1,95.0,1,0,0,1,0,1,35,0,0,6,7,5,13.315000990420632,0,1,6,6,6,9.159049469304971,0,8.009972089157081,1.3944141082973789,0.6753791792956745,70.97255711297638,0,Dropout,1
0,17,8,16,0,5,109.58171591115466,12,4,3,5,1,180.63056863219956,0,0,0,1,0,1,38,0,0,5,5,4,11.698184573569002,0,2,3,3,3,10.736761992058204,1,10.439739029605288,1.892138575422707,1.648405023556184,55.01775836736035,0,Dropout,2
0,17,1,11,0,2,140.48135408640658,16,4,5,1,1,190.0,1,0,1,1,1,0,40,0,0,6,6,5,15.418104950668344,1,0,6,6,5,8.543427862520598,1,8.425969602144665,0.3135581165144878,1.098267315167163,73.60143511745895,1,Enrolled,1
0,9,3,8,1,11,90.0,14,2,2,3,8,135.91999606032576,0,0,1,1,1,0,28,0,1,4,5,4,13.615923311519651,0,0,3,4,3,12.870012535166966,1,10.186710314681138,1.6027184091333893,2.0869855316584456,91.98338198683771,2,Graduate,2
