PC1,PC2,Cluster,Target,Target_Label
1.3683892922875693,0.1626857143221526,0,0,Dropout
1.563182171464532,-1.3096682380476077,0,1,Enrolled
2.2358655587936807,0.5407527440488394,1,0,Dropout
0.09851222265296168,-2.9804540806188466,0,1,Enrolled
1.0581160550884248,-3.1080200330527656,0,2,Graduate
1.7111848607779299,-2.5367334392750918,0,1,Enrolled
1.4634297131108425,-0.3688061901598266,0,1,Enrolled
1.406322821078693,0.3730685682764767,1,2,Graduate
-1.9405321907521766,0.020534182714369336,2,2,Graduate
-0.19589834951428206,1.642023003483647,1,0,Dropout
-0.025955592032625936,3.408076330143964,1,2,Graduate
-1.588054202194425,-0.7026907022304041,2,0,Dropout
1.9541992403609396,-1.0351340849221804,0,1,Enrolled
-2.922348208896899,-0.49151224700313445,2,2,Graduate
-0.49195343224147536,0.5723044734948414,2,0,Dropout
1.4027188655230662,-1.8550300609438977,0,2,Graduate
-2.254193747354808,-0.4857132637355005,2,2,Graduate
-0.017978148195688264,-2.2126324808792113,0,1,Enrolled
-0.18849206176649336,-0.14610124714377273,0,1,Enrolled
0.9694197363818142,-3.2706557598097055,0,2,Graduate
2.4601138149707475,-1.404707029200168,0,2,Graduate
1.7011702253337841,0.2804155946993567,0,0,Dropout
0.9720837534669826,2.6010448322284963,1,0,Dropout
0.24729098287007337,3.284520449591031,1,1,Enrolled
-1.4138021082069072,-1.3679509783915103,2,2,Graduate
-3.092540595383593,0.7445834695476526,2,1,Enrolled
-0.4875384355305451,-2.2951600622661634,0,0,Dropout
-1.3830872675905341,-0.17820415829152367,2,1,Enrolled
0.1555901023969172,1.1944526696660196,1,0,Dropout
0.2818157085954447,0.7916879745228826,1,2,Graduate
-2.002127456940171,1.5157891638521488,2,1,Enrolled
-1.0757397442968488,1.0364329679821518,2,2,Graduate
-0.5695689292446365,-2.6112075858185038,0,1,Enrolled
2.026915328715262,-0.31035175849463664,0,1,Enrolled
1.0331565565644325,2.164719385553002,1,2,Graduate
2.1756818452882776,-0.3596153953113835,0,0,Dropout
-0.9994754794173708,-0.12495494437898816,2,2,Graduate
-1.2144897464039803,-0.028364166137744545,2,1,Enrolled
0.7502359798113318,-0.06547221770052816,0,1,Enrolled
-0.41559997644957397,0.6524336323826965,1,1,Enrolled
2.9749727164802193,-0.07298281097943757,0,2,Graduate
-1.7821917613822682,1.9079017998121106,2,1,Enrolled
-1.9689509661963696,-0.48614715607362063,2,2,Graduate
-0.8247046953538163,-0.8308158063634346,2,2,Graduate
3.2923868996788874,-0.21020905282776806,0,1,Enrolled
1.5932935019402277,0.5288790080044103,1,1,Enrolled
-1.9974211019547725,0.1506729885451344,2,2,Graduate
0.3148015415694093,1.772645714434567,1,0,Dropout
0.5005343880779245,1.3958796094290609,1,0,Dropout
-0.39623554609087835,0.37567299158799833,2,2,Graduate
-0.31370778012864614,-2.770466210500584,0,2,Graduate
-0.18125341153599223,3.1610369433910104,1,0,Dropout
-1.9959553249155568,-0.21723346608431163,2,1,Enrolled
2.487619198652403,1.0575810582668967,1,1,Enrolled
-1.0256393684373768,-2.81500036858869,0,0,Dropout
1.8808043197057207,-1.7120357395790595,0,1,Enrolled
2.340078563841733,-0.35485627253573365,0,2,Graduate
0.15035660898757308,-0.03429046886758696,0,0,Dropout
-3.2067148471231275,-0.22682462743509624,2,2,Graduate
1.2256897344449085,-0.26021899098270584,0,0,Dropout
2.4476071176323146,1.3377478739330164,1,0,Dropout
1.0399262359336583,0.8144078520007081,1,0,Dropout
-1.7691689485928126,-0.9756990426205437,2,1,Enrolled
-1.2613112874741128,-0.10805231498325606,2,2,Graduate
0.08524171715772165,-1.0765773380107677,0,1,Enrolled
-0.8877607747939321,-2.0035214791580156,0,2,Graduate
0.5032777198421226,2.084880417913135,1,2,Graduate
-0.01482024839244916,0.7706597493381714,1,2,Graduate
-0.6521174108780686,2.016343248402951,1,1,Enrolled
1.3144566607694836,0.5640137567152372,1,1,Enrolled
-0.533397057286249,-4.0420446104044805,0,2,Graduate
-0.15474523608024526,1.3792114643619617,1,1,Enrolled
1.286438302835607,-0.8866015250488678,0,2,Graduate
-1.6606353931827702,-0.07992780461797562,2,1,Enrolled
0.3378392204857884,-0.48218485060972294,0,2,Graduate
3.6511067770365466,-0.19627625205584778,0,0,Dropout
2.039383637833157,1.8284576531408656,1,1,Enrolled
-3.4656100028056214,-0.028437858878417363,2,0,Dropout
-0.6263630780172988,-3.403211854369977,0,2,Graduate
1.2017746461508607,2.198218000288975,1,0,Dropout
-1.1023213880699736,-1.7505147191635322,2,2,Graduate
2.6025970885684098,0.14466378348579717,0,2,Graduate
2.8481144379775967,0.06682289005082742,0,1,Enrolled
3.3373222493696235,-0.8420357138982699,0,1,Enrolled
-0.23128792444739588,1.7852376709748725,1,0,Dropout
-2.2020422611792125,-0.2695923772169756,2,2,Graduate
0.191684139982976,0.5681155679204809,1,2,Graduate
-2.0786872148822892,-0.46551750866639713,2,2,Graduate
0.11231288270848089,-1.5451798449607546,0,0,Dropout
2.0787119773066416,-1.3091572892659902,0,2,Graduate
-0.9277056606682232,0.41952445910550523,2,2,Graduate
0.14872450262470827,1.7748031918580252,1,1,Enrolled
1.120156850814951,-1.4340457050241604,0,1,Enrolled
-0.6008183499045303,-1.3786340895550386,0,0,Dropout
-1.8674891608406579,0.5671930560354668,2,0,Dropout
-3.2349269748910157,0.7088679689416829,2,1,Enrolled
-2.5094733240613603,0.1036412087440461,2,2,Graduate
-0.5034453148630378,-3.2368868370452106,0,1,Enrolled
-2.028457459691948,-2.199232234292165,2,2,Graduate
-0.6838498883415111,-3.075431781787785,0,0,Dropout
-1.3232568989886666,1.6170732860857213,2,0,Dropout
-0.5460038314665472,0.6327072165156555,2,0,Dropout
-0.17818791225077057,-0.042216838848262585,2,2,Graduate
0.7444743209795774,0.9843786803844248,1,1,Enrolled
-0.6536162341565416,2.829826183591656,1,0,Dropout
1.281194592507646,1.1708830980031477,1,2,Graduate
-0.36694069742490826,1.6620226225520294,1,1,Enrolled
0.6087493859828932,-2.540634700675244,0,1,Enrolled
1.4328641685980397,0.518570363743418,1,1,Enrolled
-1.6971205858212852,-0.36659226185756905,2,2,Graduate
-0.9326505814621493,-1.8061264876446126,0,1,Enrolled
1.0850012942898455,0.923489955675867,1,1,Enrolled
-4.325885326491961,-0.07456919761658488,2,2,Graduate
-0.7150947122439935,-1.4625746143179579,2,0,Dropout
0.04716674713388422,3.6458138427866933,1,1,Enrolled
0.3624929663490477,-1.5472385580327745,0,2,Graduate
-1.688047699170323,-2.7072363997166353,2,2,Graduate
-1.0725987219924744,-1.7410678420664076,2,2,Graduate
0.644616071378788,-1.747783185822197,0,0,Dropout
1.7754427461878561,1.6014857264818083,1,2,Graduate
-0.12300283839166384,2.736231524597467,1,1,Enrolled
-2.424606425012912,0.11781102380154866,2,1,Enrolled
0.19491991703603648,0.33366440811593,1,2,Graduate
-1.1118645238080425,1.208083470800261,2,2,Graduate
2.3536179168042977,-0.7634748633589761,0,0,Dropout
-1.9598280303791804,-0.6010069731035921,2,1,Enrolled
0.16403417471795526,2.852064940125851,1,0,Dropout
-0.1931737684462474,-2.1034422897624356,0,2,Graduate
-1.147406220245508,0.5693312366869028,2,2,Graduate
0.5646607321248789,1.2754114385650934,1,1,Enrolled
-1.7597053202173911,1.2214383733926557,2,2,Graduate
2.2397094984500483,-0.009905715216236573,0,1,Enrolled
2.6565730223437534,-0.017548790860498837,0,2,Graduate
2.180131784505767,-0.12034908850122061,0,2,Graduate
-0.257482758951756,2.4993052260832314,1,0,Dropout
-1.2846672128360803,-0.21465136012898256,2,1,Enrolled
-2.8086214804285916,0.6971388134299861,2,1,Enrolled
-0.32979200781185397,-0.613510873424553,2,0,Dropout
-1.1068696915101155,-0.20173333056738474,2,1,Enrolled
0.1997001963387614,0.10084174906638717,0,0,Dropout
-1.9051069431189964,0.7670174429876171,2,2,Graduate
0.3643608974632835,1.7438121913339766,1,2,Graduate
1.0022075671550863,-0.32682883427281223,0,1,Enrolled
0.42454262717077784,2.9397149076742397,1,1,Enrolled
2.264212871515514,1.6249730096063493,1,1,Enrolled
0.6700286251927151,-1.4227623978711108,0,0,Dropout
-0.325667774209357,-2.6841445645740336,0,2,Graduate
1.3965775142721788,-3.046845333701718,0,1,Enrolled
-1.964352709697907,-1.8854747866220711,2,0,Dropout
0.574434092211598,0.09168371570396952,0,0,Dropout
-0.24187777879256078,1.436593178205363,1,1,Enrolled
1.5040558995235387,-1.6794209961985151,0,1,Enrolled
2.1927993493412177,0.9504683588869167,1,0,Dropout
2.3873819312207285,-0.6859721373801467,0,2,Graduate
-0.7678300741905975,2.1546931912084393,1,1,Enrolled
-1.391209975038482,-0.29908805430959756,2,1,Enrolled
1.8417378473746187,1.5627521051797704,1,0,Dropout
2.5663717745233523,0.40387281111011786,1,1,Enrolled
-1.3913693337033308,0.3929113856828915,2,0,Dropout
2.3183631836057885,0.6835180146108076,1,1,Enrolled
-1.6014095996891013,1.1380373353817717,2,2,Graduate
-1.6681873406932906,-1.5191845397551869,2,1,Enrolled
-0.383488924950666,-1.176974070678327,0,1,Enrolled
-1.921901378591641,-0.7250285392444981,2,2,Graduate
0.1341416130309199,3.1560790058942336,1,1,Enrolled
-0.47363358590308136,-2.9820822803546707,0,0,Dropout
1.6309068689650785,-2.63287239696462,0,0,Dropout
-1.1759529891125327,-0.782477159997986,2,1,Enrolled
-1.4963012149823018,2.060383280958103,1,2,Graduate
-1.0339906591016084,0.5996255511913313,2,2,Graduate
-1.1008133455038123,0.23693021249613788,2,2,Graduate
-0.17775070342377977,-2.764433176903872,0,0,Dropout
0.26522092324934615,3.509671070142809,1,0,Dropout
0.5008475220102336,2.9272403573319252,1,2,Graduate
-0.05774899528816418,0.06712313963291366,1,0,Dropout
-0.23653098414875964,-1.7986561042237523,0,2,Graduate
-2.3129410226065974,-0.10698589758586276,2,0,Dropout
-1.0132827590028246,-0.06651555573860266,2,1,Enrolled
0.15225477710064836,-0.8361266439790653,0,0,Dropout
2.8161718169611447,-0.7667020842395093,0,1,Enrolled
-2.3202914641211816,0.8667027765677372,2,2,Graduate
-2.261372981958755,0.8247046906598207,2,1,Enrolled
-1.7653146095807823,0.3937178507479068,2,0,Dropout
1.0732506894977147,-1.5731542707537307,0,1,Enrolled
-1.0718237223039078,-0.04639862707190317,2,0,Dropout
0.1901491908000437,-0.17882736609898622,0,2,Graduate
-2.0677092043812686,1.0186400292985502,2,0,Dropout
-0.48048992573370136,-3.406086624858563,0,1,Enrolled
-0.2851197709945806,2.492302871224852,1,2,Graduate
0.457204392785916,1.652425274085604,1,0,Dropout
1.162179293285365,0.2018914993197248,0,2,Graduate
-1.7952113395587017,-0.13573201129813028,2,1,Enrolled
3.7855269120224952,-0.6363210349539581,0,0,Dropout
0.9947713685967894,1.7248587694120305,1,2,Graduate
0.12533096322672713,-0.8339800907880988,0,1,Enrolled
1.3920203350928262,-1.844211655445088,0,1,Enrolled
-1.5736900798660847,0.7224801073560342,2,2,Graduate
0.8543783700795433,-1.1155891925799517,0,0,Dropout
0.24923807545336862,-0.4834515080203539,0,2,Graduate
-1.2086810970665438,-0.36667163758006377,2,0,Dropout
0.40515023151349894,1.470551282853337,1,1,Enrolled
0.4834594338751969,2.8738851285794365,1,0,Dropout
0.8335774536917803,2.6646762368770953,1,1,Enrolled
-2.7305258334476514,-0.432492771737249,2,0,Dropout
-3.232314095503473,0.9674470366750769,2,1,Enrolled
1.4027082666655637,1.0892054467924053,1,1,Enrolled
-3.2969876724047387,0.37830574121860533,2,1,Enrolled
0.2781496401184424,-2.557097955109488,0,0,Dropout
-0.6375280160560769,-2.1256679402212146,0,0,Dropout
-0.5604439670582398,-1.2731172983442174,2,1,Enrolled
-0.21589482521257516,3.3009817188089117,1,1,Enrolled
-0.9977972960098986,-2.4225676206908124,0,0,Dropout
0.03773918588510978,-3.2088411840886204,0,0,Dropout
0.11730257210715707,-0.3344388695071402,0,2,Graduate
2.048607328467572,0.885292624080923,1,1,Enrolled
1.886373522818509,-0.7526631219390572,0,0,Dropout
2.934198831942743,-0.31623091794205704,0,1,Enrolled
2.3217229797241883,1.5337263698632446,1,1,Enrolled
1.3341518736681075,2.578031994374999,1,2,Graduate
-0.5810536860444735,-0.7455616770895516,2,1,Enrolled
2.8370535944674127,-0.48745382629067685,0,1,Enrolled
2.3384234055155,-0.8418982850905368,0,0,Dropout
1.041918213462049,-3.3404996103906957,0,2,Graduate
1.101164929519882,2.4310590267452636,1,1,Enrolled
1.1688702592403297,-1.443080589077706,0,2,Graduate
0.4066378992162965,3.0244186579369794,1,0,Dropout
-0.6751028288493841,2.876930049471809,1,2,Graduate
0.5742075240683915,0.6323063181348433,1,2,Graduate
1.5563192249893794,-0.48699857960121684,0,2,Graduate
1.0491767648382178,-1.3407483749997913,0,0,Dropout
-1.1547422909209333,0.9903229730306552,2,1,Enrolled
-2.3036566190700527,1.5006913323788025,2,0,Dropout
-0.20216091082750828,-0.19961849729897813,2,0,Dropout
-0.8203858805321015,0.35080370986750553,2,2,Graduate
-1.953885350788875,-1.9159744645804933,2,2,Graduate
-1.8959277202755669,0.07776950592695989,2,0,Dropout
0.8558312422385607,-1.7317139413023153,0,2,Graduate
0.7521870410926242,-3.0929759958754266,0,2,Graduate
-1.8486015402625282,-1.0508657535550738,2,1,Enrolled
0.5863228714344256,0.492505512089138,1,0,Dropout
-2.5232107799804426,0.926338766263793,2,2,Graduate
-1.4260956319455815,-0.4633428691819282,2,2,Graduate
0.6933322269982575,1.1194534270305072,1,2,Graduate
-0.7012272299119734,1.0447409845508853,2,0,Dropout
3.9067022607680135,-0.3995844576728727,0,0,Dropout
0.5530608580651232,0.9691001765056357,1,0,Dropout
1.0226640677429761,-1.2913926576992913,0,2,Graduate
-2.4960984250911893,0.3739484504753296,2,1,Enrolled
-2.6849926583809056,1.0598359114128828,2,1,Enrolled
-1.7915651163651944,-1.5175556878135352,2,1,Enrolled
2.1709603187835538,-1.1279606709881465,0,2,Graduate
-2.7058867637415496,1.0242706142616889,2,1,Enrolled
-1.0154647971862252,1.4086522221964164,1,2,Graduate
0.609876241547976,-0.6745449168672932,0,0,Dropout
-1.4000719761932527,-1.359469418115775,2,0,Dropout
2.139650160119606,-0.25897211907791473,0,0,Dropout
1.8508922207202019,-1.2347657740867095,0,0,Dropout
-0.28824616932311514,0.5950645568536489,1,1,Enrolled
2.899609580135752,-0.015737313536342105,0,2,Graduate
1.5904346874292963,0.027768624079389414,0,1,Enrolled
-0.2810489633060121,-1.0138301956598104,0,0,Dropout
-1.9790322848801436,1.3392990467120334,2,2,Graduate
1.4477944530723708,-2.845792951229798,0,2,Graduate
1.2943820566084654,0.4820481199146578,1,2,Graduate
-0.1080313377190468,-0.3447029511771463,2,0,Dropout
0.21436078579900025,0.8470857581600072,1,2,Graduate
2.2752226301478635,-1.3580517171706927,0,0,Dropout
-0.5962500664654108,2.7106534867718146,1,2,Graduate
0.9960562656583495,3.2457213738264117,1,2,Graduate
-1.8935166721487589,-0.4672676818798992,2,1,Enrolled
-1.662725060893762,0.26599390274179185,2,1,Enrolled
0.48596411016300284,2.6492334195269343,1,0,Dropout
-0.4460081070640872,0.004977117976288135,2,2,Graduate
0.4574881975263172,1.8862214758525686,1,1,Enrolled
-0.2726806462312997,-2.428064478910601,0,2,Graduate
-1.9230634530806252,0.13479186231020449,2,2,Graduate
-1.150241268468393,-1.7990005912976927,2,1,Enrolled
-0.8085566456674265,-2.0833469269566405,0,2,Graduate
1.3778170023699865,0.4214861160618706,1,2,Graduate
-1.154346408839328,1.0261059358012505,2,2,Graduate
-1.3647817253202723,0.8974689492261181,2,0,Dropout
0.4701566042925126,-1.2538253902716792,0,2,Graduate
1.5036047036024798,-1.1712878053629128,0,2,Graduate
-0.7516989368451662,0.8241416939973424,1,0,Dropout
-3.2016178980863064,0.4229667560790285,2,2,Graduate
-2.3570340719324943,0.9799134149924429,2,0,Dropout
-0.4043789441683928,0.29692768762536204,2,2,Graduate
1.6982348041772575,1.510774922545407,1,2,Graduate
2.356490281604092,-1.5506829502337047,0,0,Dropout
-1.977669276148913,-0.9094730154187751,2,0,Dropout
-2.5291894450822374,-1.4889434501107615,2,2,Graduate
-2.6397048191613615,0.44789424708835757,2,1,Enrolled
0.05412520458214323,-0.8087183695174645,0,1,Enrolled
-0.4860694230199567,-1.8058312463651556,0,1,Enrolled
-2.7701996795727064,0.3841876606381724,2,1,Enrolled
0.9366778893500782,1.434047733364782,1,1,Enrolled
0.5928448726898711,-2.520727452037987,0,1,Enrolled
2.4532040641184962,0.33034049703447727,0,2,Graduate
0.2282686795688029,1.2325882312933214,1,1,Enrolled
0.2918003696693725,-0.9727968200332181,0,0,Dropout
0.022127735254536,1.9988648577117663,1,1,Enrolled
1.284447079544919,-0.6470476718960471,0,2,Graduate
0.7889964844101658,3.271970053156866,1,1,Enrolled
-0.6974235474414497,1.9094350956159143,1,1,Enrolled
-3.059085355000898,0.8144115017142012,2,1,Enrolled
-0.04956120985098244,-2.9019924580145786,0,2,Graduate
-1.0886107805918885,-0.06702244760269643,2,1,Enrolled
-0.05612351583968949,2.7476719478142124,1,1,Enrolled
0.9702239633553426,3.2212961058810246,1,2,Graduate
1.1496614143306685,-0.21933272359963008,0,2,Graduate
-1.6157083341879854,0.387808524215379,2,1,Enrolled
0.22969290948979068,-2.9021325435911627,0,0,Dropout
3.058021573888555,-0.007886424207389778,0,0,Dropout
1.1048530163747183,-0.08385279156007724,0,0,Dropout
-0.042607914702609606,-2.439743530086839,0,1,Enrolled
-1.5303425395620665,-1.4061178834517505,2,0,Dropout
-1.2050971464005973,-0.6887992159918866,2,1,Enrolled
1.4507332014943704,0.044550579672562415,0,2,Graduate
0.9848431989603178,0.8400129536291874,1,1,Enrolled
-3.065959434233049,0.031176300154918856,2,1,Enrolled
2.0656544136540407,-0.8952545910127224,0,2,Graduate
-1.9897751645717165,-0.724548303949181,2,2,Graduate
-2.1631389307998603,-0.07192282088731564,2,1,Enrolled
-2.214466729119153,-0.6201725547161954,2,1,Enrolled
1.19211527203669,0.04605350586577026,0,0,Dropout
-0.479372475231636,0.35470901112479036,2,0,Dropout
-0.21915723640772872,0.019895893565519147,2,2,Graduate
1.6859157266132532,-0.8666073074157534,0,2,Graduate
2.4403676658436817,1.1366795935413831,1,2,Graduate
0.7285835884927292,1.094258183182361,1,2,Graduate
1.974556539937696,0.9701730248452152,1,1,Enrolled
-0.36990326547433944,-2.8780647945609137,0,0,Dropout
1.2107374627398395,2.1886581551486306,1,2,Graduate
-1.2131202347210643,-2.61836350314827,0,2,Graduate
-1.2595157114003408,0.6767295448598084,2,0,Dropout
-1.8230244792262593,-0.16395192558538732,2,2,Graduate
0.36400273940448025,2.4598276819710114,1,1,Enrolled
1.5972331496516716,-2.6708869361426695,0,0,Dropout
0.7639108720537381,-1.9742548809402498,0,1,Enrolled
-1.8507842409450195,2.071747804570492,2,0,Dropout
0.44066649183022966,3.134929227018402,1,2,Graduate
0.423909071287584,1.815707638596527,1,1,Enrolled
2.2509353809763195,-1.7444505978228977,0,1,Enrolled
-0.6369941531898707,1.7923991117009284,1,2,Graduate
0.2803801090144005,-0.4911196614907157,0,2,Graduate
0.11565867948858884,1.675384450234006,1,2,Graduate
1.1199035413631964,-2.647321424380038,0,0,Dropout
1.0012702416668369,1.8150286147528358,1,0,Dropout
0.9904513178889027,0.297651529904628,1,0,Dropout
2.356623826682447,1.1265133607433266,1,2,Graduate
0.06969347973522609,-0.6394242010884796,0,1,Enrolled
-3.252767179530625,0.1809548198246147,2,0,Dropout
-2.3757081291202065,-1.8704954882061966,2,0,Dropout
3.859850416540998,-0.3149513762720931,0,1,Enrolled
-1.3845193721758138,1.6046494835216687,2,1,Enrolled
1.423470032950198,-1.5410536682887719,0,0,Dropout
0.3033968280141237,-2.350112677028745,0,1,Enrolled
-2.5323056388948895,0.9784948946646066,2,1,Enrolled
-0.02410870942891275,-1.5147256433257443,0,1,Enrolled
0.79687585421405,2.63964361699393,1,2,Graduate
-0.8889629943108812,-1.4175815418032631,2,2,Graduate
1.0799946187517504,-1.8861442178785026,0,0,Dropout
3.409865886732516,0.11485539285394704,0,1,Enrolled
-1.1693865540329402,1.9818105955869774,1,0,Dropout
0.1850057957096974,-2.83340090927028,0,0,Dropout
0.302298466942213,2.939247090557012,1,2,Graduate
-0.39672804369925296,2.067350403410765,1,1,Enrolled
0.2450729788309742,-0.28443847302443676,0,0,Dropout
1.5570292342013992,-2.665315994519501,0,2,Graduate
0.9276962672891198,0.29978519992851604,1,0,Dropout
0.9703642361961754,2.229594831061122,1,2,Graduate
0.20605757863905919,-0.5367823740802153,0,2,Graduate
0.5098206924062421,-2.2312157661433822,0,1,Enrolled
0.5635512387323772,2.048088987799845,1,0,Dropout
3.1478081687176367,-0.4734687583386141,0,2,Graduate
0.1633512134710388,0.9448805652211937,1,1,Enrolled
0.2692592186655258,-1.582860269591908,0,2,Graduate
2.0762700948049404,1.1038024989628126,1,2,Graduate
0.059752002459056236,-2.31437999462605,0,2,Graduate
-1.0415844489683928,2.099482155772625,1,2,Graduate
-0.585839480595718,2.6385210589466905,1,1,Enrolled
1.1476120011174877,-0.5598710610366552,0,1,Enrolled
0.14364679149682633,-0.5866180537913612,0,0,Dropout
-2.2907019033081517,-0.9871763166798893,2,2,Graduate
0.5262545644253435,-0.37525125877659316,0,0,Dropout
-0.7481313567207927,2.554201210385878,1,0,Dropout
2.255575036532186,1.038510372123987,1,2,Graduate
-2.327225065554324,0.8655908729547803,2,0,Dropout
0.640480146681858,0.4685539519759576,1,1,Enrolled
-0.34189953949723884,3.2917014109659823,1,1,Enrolled
0.35133691985053617,1.1954442033628474,1,0,Dropout
1.2640887643116911,-2.1204789096809633,0,1,Enrolled
3.3167734728548974,0.13463355666270896,0,0,Dropout
-0.07915231019455468,2.8565979286322776,1,0,Dropout
0.5661578768010274,0.3690459860790287,1,0,Dropout
0.8043653370704794,-0.5689792509635146,0,2,Graduate
3.9167875040842093,-0.9352625351678335,0,0,Dropout
-3.5561845670167753,0.31313411650900574,2,1,Enrolled
-0.024117254423071628,-1.1916423101497886,0,1,Enrolled
2.659197443338234,-0.15167739716366802,0,2,Graduate
0.4198268737079232,2.59647393572786,1,2,Graduate
-1.0351871249107703,-0.9177010944530666,2,2,Graduate
0.8853206133977027,-0.9142896705451544,0,0,Dropout
1.8271809136448682,1.0859383910596783,1,1,Enrolled
0.5894360708938913,2.7597688722959948,1,1,Enrolled
2.1407930074770123,-1.3593186814218008,0,2,Graduate
0.1959056276105621,3.364864917791627,1,2,Graduate
0.25749625974513046,-2.333600172910519,0,0,Dropout
0.42892888953086405,3.0551763304742887,1,2,Graduate
-1.5946232048957274,0.3478718636611406,2,1,Enrolled
-0.22157216612030156,-0.9738272423556339,0,0,Dropout
-0.6576201015534826,-3.238044325085325,0,2,Graduate
0.6080395882814875,2.0704031759112618,1,1,Enrolled
0.6715711590996742,2.514977089717216,1,1,Enrolled
2.938271191201363,-1.125887796849352,0,2,Graduate
3.570310947151368,-0.12732035583095813,0,1,Enrolled
0.8618105909515571,2.2884852845280848,1,2,Graduate
-2.005318136107802,1.929715052303604,2,0,Dropout
-0.002292271193750421,1.8071878324376454,1,0,Dropout
-2.4308345767755424,0.9219846875125939,2,2,Graduate
-0.11773752630428813,1.597240818003265,1,0,Dropout
-0.28134419377588105,0.39827468334954835,2,2,Graduate
-2.297020399220554,-0.7622202778365251,2,2,Graduate
1.0463249842681164,1.4413743527612253,1,2,Graduate
-1.377681269441566,1.784902462602773,2,2,Graduate
-0.7712318319193142,-1.0061394116330258,2,1,Enrolled
0.1770427156598443,1.1492865377294035,1,2,Graduate
1.272458325235695,2.5709077507237015,1,0,Dropout
-0.7349007717575692,-1.7559158052617945,0,1,Enrolled
3.247550663011442,0.3198403624431225,0,0,Dropout
1.0766195253984696,-2.254368253676184,0,0,Dropout
-0.728938435813642,-0.4679237010767123,2,2,Graduate
0.9791362240881034,-2.0080323369724145,0,2,Graduate
-2.535929813268502,-1.081388921568967,2,2,Graduate
-2.8206904917900077,-0.5805246490646023,2,2,Graduate
0.4533619159486419,-0.5099097512698536,0,1,Enrolled
2.883860989221236,-1.3211770479248068,0,1,Enrolled
1.1868143374944369,1.3054707254636784,1,1,Enrolled
3.70818529866709,-0.030528395931067754,0,0,Dropout
-0.7312741368786403,-0.696030156095704,2,1,Enrolled
0.5184125971030393,-2.3726766514091717,0,0,Dropout
2.155265192895885,0.9102021948001705,1,2,Graduate
2.1912156381623618,0.3799766781773939,0,0,Dropout
1.379440695519359,1.1291617330797898,1,2,Graduate
-0.14554206593484414,1.5580781689666146,1,1,Enrolled
-2.7775503439882465,0.14351278254749314,2,2,Graduate
-1.1109686517287873,0.7238735526468717,2,0,Dropout
0.3888178982197502,-2.390914844159111,0,0,Dropout
-0.39742115880407264,0.8750179936703503,1,2,Graduate
1.5855929528105974,1.0486626749978654,1,0,Dropout
-0.47632895570877953,0.9978186956132734,1,2,Graduate
2.597736884491694,-0.38825455146806703,0,1,Enrolled
-0.5069124414327154,-1.6975980317144543,0,0,Dropout
-1.7703263093872752,-1.9937742296986545,2,2,Graduate
1.0842006030902716,-1.6377929815640095,0,1,Enrolled
1.4634723344914444,1.1604431408091715,1,1,Enrolled
-2.0213775724248,0.9284148282583913,2,2,Graduate
-3.4187971621324618,0.4754575196857721,2,0,Dropout
2.0125269927931093,-0.9802995974450972,0,0,Dropout
2.087768047212131,-0.20001309956394603,0,0,Dropout
-0.8865586326548273,-0.3753942571726433,2,0,Dropout
-0.9482533061071428,1.7164241946794614,1,0,Dropout
0.8783555243511466,-1.7735174184285234,0,1,Enrolled
0.3217054206285415,1.9006332487579896,1,0,Dropout
-1.7861118573717991,-0.3109916617306479,2,0,Dropout
0.444069952437955,-2.7164346085339943,0,1,Enrolled
0.1345139615177547,1.3694518419064816,1,1,Enrolled
-0.21029291775503084,-0.20872887854137573,0,1,Enrolled
1.0780554947765315,1.0948321124902343,1,0,Dropout
1.5600097827204369,0.5620823599643712,1,0,Dropout
1.2914099908726484,2.0665101566131088,1,0,Dropout
-2.091996238379661,1.7148033031936403,2,2,Graduate
0.837185715413441,0.618562108877375,1,1,Enrolled
0.9939348931543316,-1.0722888548255898,0,2,Graduate
-2.4279280953022107,-0.6942227301975419,2,0,Dropout
0.6970797357424561,-2.7741174169546308,0,2,Graduate
-0.41081362319302034,-2.2262824578106417,0,1,Enrolled
-2.3873422734107628,0.7436603341722295,2,1,Enrolled
-0.20219573553030318,-2.697865125819061,0,2,Graduate
-0.09023732519767513,1.0958043672036013,1,1,Enrolled
0.1087599034593448,-1.7777063623965794,0,2,Graduate
2.2054320727156704,0.01026129333688283,0,1,Enrolled
-2.8777425601364715,-1.1580163499546252,2,1,Enrolled
3.3553466285609597,-0.7973459027789327,0,1,Enrolled
-1.9051859630127064,1.2221633178107971,2,1,Enrolled
-0.5212028406617472,0.5553775775960906,2,0,Dropout
0.791122702692623,3.4845732915204746,1,0,Dropout
3.4634485377478135,-0.5485661603229759,0,0,Dropout
-1.7456171060539205,-1.8837922008414747,2,1,Enrolled
0.29638109932776274,2.4919673041814283,1,1,Enrolled
-0.43538027128321416,2.697506761120061,1,2,Graduate
1.8917297338519399,-0.8409916279538211,0,0,Dropout
-1.1415609491804604,-1.5277373245513555,2,2,Graduate
-1.7944582027416138,0.2140261973414181,2,0,Dropout
-0.28746933583114853,-0.7558869619921159,0,1,Enrolled
1.078259035143026,1.9828014226426969,1,1,Enrolled
2.2680920728831557,-0.570674559620943,0,1,Enrolled
-0.2685952514679416,-0.586107720162469,0,0,Dropout
0.6933088195444892,-1.402278398412437,0,2,Graduate
-2.715132584428224,0.39584986245902815,2,0,Dropout
1.8908620077817142,0.8671384087821109,1,2,Graduate
-0.0834921490466353,1.0389036540871295,1,2,Graduate
-2.6951862630679697,0.6928523605561663,2,2,Graduate
-1.9466698947464234,-0.9151714447919941,2,0,Dropout
-0.18900734772648145,2.4489094401700084,1,0,Dropout
1.2249640132449056,0.7188031713756851,1,1,Enrolled
-1.0609195018549744,0.10961063067824502,2,2,Graduate
2.0896958035257502,-1.1477704494728729,0,0,Dropout
-3.2136963927875404,0.24098110873145015,2,0,Dropout
1.4606713576237824,-1.7619079709650398,0,2,Graduate
2.864532633312037,0.8575947111635478,1,2,Graduate
2.4993727950919755,0.15826464999776677,0,1,Enrolled
0.9214734898318053,-1.9114441779002402,0,0,Dropout
1.4211090821074917,1.5855672596956079,1,1,Enrolled
2.8556003415525697,-0.38638010437565545,0,1,Enrolled
2.2528421292357503,-1.291845437040818,0,0,Dropout
0.05415441539063911,-3.677635892387001,0,1,Enrolled
-2.69351454914572,-1.0675010528094413,2,0,Dropout
-0.6033626606501188,2.1017843002129615,1,1,Enrolled
2.1224372156705904,1.926702477673043,1,0,Dropout
-0.3311597267223822,1.1300708515847153,1,2,Graduate
0.6170023201700038,1.5752233443196468,1,0,Dropout
1.1289306128213747,2.260064674062284,1,2,Graduate
2.217380533298656,0.17177534346459722,0,0,Dropout
-0.2110420513268271,-2.6678081813791956,0,2,Graduate
-2.1439281535809416,1.8336194832779358,2,2,Graduate
-2.7657329609060963,0.5326062935089548,2,2,Graduate
1.5798976197508008,0.5852991212746497,1,2,Graduate
1.951923898522583,-0.7650797000117008,0,1,Enrolled
0.444404495585907,0.892722628963986,1,1,Enrolled
1.7530951246431634,2.129820904578628,1,1,Enrolled
0.13427538584006382,-1.9831104927935854,0,1,Enrolled
-3.5552225971423708,-0.23597122584950067,2,2,Graduate
-1.458690899196512,-1.2116666189610257,2,2,Graduate
0.8909019775599345,0.779163182470914,1,1,Enrolled
1.8307687974411901,0.25369768556302286,0,2,Graduate
-0.6159413293298582,-0.03270669621391005,2,1,Enrolled
-2.2429000298985584,-1.1397435935796802,2,0,Dropout
1.2528316676548028,-1.8112301412035376,0,1,Enrolled
-2.29792005198513,-0.31464321912265564,2,2,Graduate
0.01821279297335534,-0.7117233546141887,0,2,Graduate
-0.35607109845202656,-1.5755034246867208,0,0,Dropout
1.166322820180069,-2.680065765525293,0,2,Graduate
0.4511243676787912,1.3832143053824926,1,2,Graduate
0.9670739876853245,-1.605862728976659,0,1,Enrolled
-1.1697439177046132,2.4261759389156015,1,1,Enrolled
0.5689657674419549,-2.8695539245370654,0,0,Dropout
-1.9128437744486682,1.155435768831172,2,1,Enrolled
3.3327174628765937,0.3588709905880878,0,0,Dropout
0.4170258024217995,3.63341547978271,1,2,Graduate
-0.29966975908949073,-3.519566196228477,0,0,Dropout
-3.2064347106117523,0.8664759824344189,2,2,Graduate
2.5792374141188974,1.2160993903197794,1,0,Dropout
-2.6241675111897105,1.557388512003076,2,2,Graduate
-1.0609177873699753,2.625363046590256,1,0,Dropout
-2.543323171781048,0.3026096795956508,2,1,Enrolled
-1.5214551751525858,-0.9867280010676593,2,2,Graduate
-1.3102789485625246,-1.6447181260287433,2,2,Graduate
0.38724815312736494,3.3184923393265735,1,2,Graduate
1.186617608803783,0.03593505168793011,0,0,Dropout
-1.6747131135737547,1.7347373826154895,2,1,Enrolled
0.8703279266757252,-1.9739173337581077,0,1,Enrolled
3.6415244499144275,-0.38794354246566287,0,0,Dropout
-0.18207668743080968,-2.683550971680049,0,1,Enrolled
0.32336913897227465,3.2798600002556264,1,1,Enrolled
1.7903048978467644,1.3031113222350565,1,2,Graduate
0.8399910017025572,-1.0900111427041503,0,1,Enrolled
0.40388402732189266,1.1364447350818445,1,0,Dropout
0.10209231244112553,-2.4002239261426115,0,1,Enrolled
2.578879943039091,-0.16552989397069748,0,0,Dropout
0.8643397485356803,1.9794993005757489,1,1,Enrolled
0.01909292723594805,-3.4917674398777736,0,2,Graduate
-3.6956686734384046,-0.3592459036363481,2,1,Enrolled
1.0647192301507602,2.707767697169009,1,2,Graduate
0.6634434863453665,-2.1301989470927363,0,0,Dropout
-1.8524528418748767,-2.395034483295206,2,1,Enrolled
1.2638140895239764,0.309375791112792,0,2,Graduate
1.851207027940586,-0.8479017767419528,0,1,Enrolled
0.5601543706057873,1.4213369282355819,1,0,Dropout
-1.1600321349766252,2.0819449423102228,1,1,Enrolled
-0.5509923224318871,2.2291100738659844,1,1,Enrolled
-3.102364356177406,0.6168238194845747,2,1,Enrolled
0.25283536215329067,-2.7654337142685677,0,2,Graduate
-1.7456087968852512,2.064427903721492,2,2,Graduate
-0.3276241062303868,-2.971918773383134,0,1,Enrolled
0.9391922203927341,-2.3736347136252567,0,0,Dropout
-1.7440989758991075,-1.4308001651418534,2,2,Graduate
1.7069137617782721,1.5189656114096988,1,1,Enrolled
-0.2069052074808042,-0.6940311544262598,0,0,Dropout
0.9975141945239565,2.2633075752061753,1,1,Enrolled
-2.3298627276935475,1.5514615546999206,2,0,Dropout
2.0120485472166116,-0.36852896944275093,0,0,Dropout
-0.3915523039513931,-0.47376849085683015,0,2,Graduate
0.17376613528560658,-1.969445099780773,0,0,Dropout
-0.18734780406176446,-0.41554507716840755,0,0,Dropout
0.5890692490847537,-1.9947720434098177,0,0,Dropout
0.6868495880804031,-0.8931855375550147,0,0,Dropout
2.299647645746619,-0.5526689601096683,0,1,Enrolled
-1.169083992089556,0.41667345395201527,2,0,Dropout
1.6187816176422467,0.4068963038813187,1,0,Dropout
-1.0687536687493595,0.6334830439015071,2,1,Enrolled
0.9019608147549812,-1.917528066309388,0,1,Enrolled
2.7855440685951462,0.03655272387031772,0,0,Dropout
-0.5699174965054653,-1.7360045953207908,0,2,Graduate
-0.37985311717965964,-2.381043859037471,0,2,Graduate
1.4047641040967673,0.22167426033859836,0,0,Dropout
-1.7765242029181656,0.2905350568164769,2,2,Graduate
0.6270182530191227,-1.3008802496403165,0,1,Enrolled
-0.86084333811191,-2.2487274624543496,0,2,Graduate
1.4834131240364807,-2.582234059642862,0,0,Dropout
2.224687417327731,-1.021383288319391,0,0,Dropout
3.314831517977679,-0.24176216432519393,0,0,Dropout
-1.6388629709007232,-0.42454193131539397,2,0,Dropout
2.042072659180242,-0.08292546778068732,0,2,Graduate
0.36518054378046105,0.8571382453954459,1,1,Enrolled
-1.8199174508826859,-0.6606713032246951,2,2,Graduate
-0.05076492623244672,1.0793711469817393,1,2,Graduate
1.5262813178285408,-1.4335822904979565,0,1,Enrolled
0.9234990854907228,0.6306328382453285,1,2,Graduate
1.9862515983507925,-0.8897511281284245,0,1,Enrolled
0.4449961503095538,1.9166243378508578,1,2,Graduate
1.9915833107195797,-0.9741186348994013,0,1,Enrolled
0.9106366197644032,-0.12308357509035424,0,0,Dropout
0.37750999158255344,-0.5187414387969063,0,0,Dropout
-0.48067546061858796,0.6817961320670389,1,1,Enrolled
-0.022177493665457116,3.6138569434456187,1,0,Dropout
0.0464899552296835,1.4103263748544517,1,0,Dropout
-0.7588203055279554,-1.5332436665779343,0,2,Graduate
-0.6108508437587897,0.4271773773340044,2,1,Enrolled
0.2821453888627232,0.4594573044251627,1,0,Dropout
-0.9084532604703022,-0.23405763730536713,2,2,Graduate
-1.5282832507544464,1.1336555429564072,2,1,Enrolled
0.8146741529795517,-0.9964306320193467,0,1,Enrolled
0.5680872597110838,0.2936816324729966,1,0,Dropout
-0.8509128572517297,-2.161103332639686,0,2,Graduate
-1.3030713856930236,-1.1778301121154349,2,2,Graduate
0.5654374675103563,-2.120253706332983,0,2,Graduate
-1.898819068667523,0.975981978776859,2,1,Enrolled
0.9523265045624197,-0.5788592954532287,0,1,Enrolled
0.4356340195988235,-3.5576881652135612,0,2,Graduate
-3.1872342388836175,-0.34830479166204004,2,0,Dropout
-0.4947938533149109,0.6087136505098981,2,2,Graduate
-2.6669678510419415,-0.9452961487701415,2,0,Dropout
0.32466094641062615,-1.5237170384647696,0,0,Dropout
-1.0676199489975622,0.4564216874158248,2,2,Graduate
2.9444830356226066,-0.270122242657781,0,2,Graduate
3.2095492184742,0.3625476627822669,0,1,Enrolled
0.46727858037103764,1.8487229749845266,1,0,Dropout
-1.9977261624492417,1.0505112160267915,2,1,Enrolled
2.183986768170804,-1.5143709014627214,0,0,Dropout
0.4424848893925038,2.4641470498150713,1,0,Dropout
-2.384655101202507,0.5761935560161295,2,1,Enrolled
2.8727644263670884,-0.532392320928584,0,0,Dropout
0.9736938898476718,2.1970700825388048,1,0,Dropout
2.4702001881721016,-0.17238764967006243,0,1,Enrolled
-1.5261092067077293,-1.001642466755612,2,2,Graduate
1.0561337109542805,1.6657264085770016,1,0,Dropout
-0.7542437379854215,0.15669908676747663,2,0,Dropout
-1.4665387440905822,-0.08959439051097588,2,1,Enrolled
1.3067671885123366,2.70226956384284,1,0,Dropout
-0.7124358887301931,2.7902264779414225,1,1,Enrolled
-0.7776012858949922,1.7143056138953934,1,0,Dropout
-2.9855981073300852,0.9429944802836709,2,0,Dropout
-1.2196388991935525,-2.540082336874569,2,0,Dropout
-0.45717770167094324,-0.42733513123343136,2,1,Enrolled
0.9198922899452059,-1.2761380350924703,0,1,Enrolled
2.5417704756541952,0.5125728063405212,1,2,Graduate
0.47376667599377426,1.1432637059143351,1,0,Dropout
-0.8102156317838433,-0.19235388107790327,2,0,Dropout
0.1699673221746351,1.2417439741755796,1,0,Dropout
-0.6106646422016189,-3.3439023739897378,0,1,Enrolled
-0.24105589789206675,-4.259119506002211,0,0,Dropout
2.5688773519363215,-0.30826676810775494,0,2,Graduate
3.5173311117462944,-0.9273562876512148,0,0,Dropout
-2.0788439984874905,1.8734864375269964,2,2,Graduate
2.9986859600731894,-1.6141396403698216,0,0,Dropout
0.8858621322990585,-1.2586953146125013,0,2,Graduate
-0.42291022270651896,-0.4753477662077364,2,1,Enrolled
-1.7371343428682215,1.694205339571731,2,0,Dropout
0.04654679910525287,-0.056651680281088274,2,0,Dropout
2.5998232260385667,0.4056990996321548,1,2,Graduate
2.2127738250779196,-0.49382655159438527,0,0,Dropout
-0.030041394045697722,0.3939161797903033,1,1,Enrolled
-1.0415700580655034,0.5217001678433087,2,2,Graduate
-0.1387114034837483,0.3760627173746477,1,0,Dropout
2.6488562036645575,0.9753003604208901,1,0,Dropout
-0.6599509288203839,2.3894058128319537,1,2,Graduate
-2.88412687447755,0.02924634524883977,2,0,Dropout
-2.410876095394824,-1.0116944843480544,2,0,Dropout
-0.24732950322288458,-2.74971528829949,0,0,Dropout
-2.3251981055571984,0.6255953584936016,2,1,Enrolled
-2.3700362474217447,1.004920790668029,2,1,Enrolled
-0.49246300032551266,-2.449663721679658,0,0,Dropout
-0.7138855619253912,-1.5643541808963077,0,2,Graduate
-1.0180998491911115,-1.1458555304329727,2,0,Dropout
-0.20026151144639756,-1.9539977934706443,0,1,Enrolled
0.6515875430463228,-1.2132515284316991,0,0,Dropout
-2.150998005641966,-0.4264540841214353,2,2,Graduate
-0.5209291144638831,1.9726361544845425,1,2,Graduate
1.9340563412250766,1.130665759428126,1,1,Enrolled
0.4750939962674866,0.022628685929691042,0,2,Graduate
-0.9480226456342817,0.3072076178716195,2,0,Dropout
-1.4972250287745779,-0.11595705260005167,2,0,Dropout
-0.15050582211189803,0.29746357539020807,1,0,Dropout
1.2687442339360482,1.5844666039224433,1,0,Dropout
-0.4347054604620394,-2.4210712914494925,0,1,Enrolled
-1.9376185803712194,1.4207662242122587,2,0,Dropout
-2.440405653898624,-0.03561146863842726,2,1,Enrolled
0.6396805426844274,-1.8743479515677646,0,2,Graduate
2.5836213039952205,-0.6317103731868697,0,1,Enrolled
0.10563964810559007,1.8233277612096608,1,2,Graduate
1.0119316995780991,0.18901483513320838,0,2,Graduate
-0.20421266986113545,2.702482857941949,1,2,Graduate
-0.9022031113351388,-1.5039398847591987,2,2,Graduate
-1.6795192103138523,0.9811979822464264,2,2,Graduate
0.4372216940780937,1.3727286407780566,1,1,Enrolled
0.8458722667806213,0.6354711347675757,1,1,Enrolled
-3.3345277388529975,0.16681018917331164,2,2,Graduate
-1.2726395219208606,2.4568077588564847,1,1,Enrolled
0.9960348084130217,2.3665859372926628,1,1,Enrolled
-0.036722259693137624,-1.2167723312397996,0,1,Enrolled
1.7627649407047825,1.105659020108315,1,0,Dropout
-0.901001417375306,-1.8593606312366036,2,1,Enrolled
1.3177021761565448,-0.152058727080305,0,1,Enrolled
-1.2738937944927962,1.2885315534048762,2,0,Dropout
0.9390486102243951,-3.2296321067044658,0,1,Enrolled
1.567926793438203,1.2354175648087917,1,1,Enrolled
1.2112493144574084,0.629067411718638,1,0,Dropout
-0.2797248879160077,1.2141398122980058,1,0,Dropout
-0.9939677415830288,-1.6703747995622245,2,1,Enrolled
0.714683218226028,-1.7178185449688015,0,1,Enrolled
-1.0934995809526165,-1.4877058734314823,2,2,Graduate
0.8278210591108984,-0.7750235154415754,0,1,Enrolled
1.6626231566046135,0.5379435920375298,1,0,Dropout
1.795451508685798,-0.5495974177126065,0,0,Dropout
-2.1350016707213855,1.719997470141009,2,2,Graduate
1.5792661811377888,-0.6485134864635184,0,0,Dropout
0.6035548230107866,1.373392881432036,1,0,Dropout
-1.3041734518566364,-0.8390536323115636,2,1,Enrolled
1.241383516664484,0.8131034815178264,1,2,Graduate
2.2605887853435407,0.5948486925007042,1,0,Dropout
-0.8073030441474912,-1.8964836150662252,0,1,Enrolled
2.2133207135079207,-1.4550189759175676,0,1,Enrolled
-3.858497893669953,0.3813435861323618,2,1,Enrolled
-2.2380463019322634,-0.37227442159661533,2,2,Graduate
2.405954016302862,-0.31509604814444303,0,0,Dropout
0.10400238974574996,-3.326114231278256,0,0,Dropout
-0.9751729635849475,-1.6456910246744718,2,0,Dropout
-2.642601992774123,0.8314444184725083,2,0,Dropout
0.7873703082781467,0.08671068876297325,0,2,Graduate
-0.4310725432905306,0.7024113540304262,2,0,Dropout
-0.32029174474955024,1.6567367801212383,1,1,Enrolled
-0.451611816545708,-2.7553458023265147,0,1,Enrolled
0.507023748855933,1.1977989168554182,1,1,Enrolled
0.6307962612748247,-3.0192417470801836,0,1,Enrolled
0.37404530314578777,1.4648641327021965,1,2,Graduate
-2.566731158485544,-0.3933870324084215,2,1,Enrolled
1.0471946383807496,0.37181407242546,1,0,Dropout
-0.14984319950716626,1.9999111779454872,1,0,Dropout
1.2751009217232023,-0.8109740754085382,0,1,Enrolled
-3.1110022532203208,0.4160326622157851,2,0,Dropout
1.9400944571848995,-0.3667195842232745,0,2,Graduate
-0.8209267273878615,-1.261272530941981,2,0,Dropout
-0.47820838278384953,-0.8119218335643672,2,1,Enrolled
0.40295279349029767,0.9771934348233233,1,0,Dropout
1.1487473391985976,2.340848750781286,1,2,Graduate
-0.026837615742222907,2.748345879207813,1,0,Dropout
-0.047641738219788746,-4.0819980233718,0,1,Enrolled
2.6945116349104836,0.29089363125004275,0,2,Graduate
-0.4039394958430684,-2.6012739248946697,0,0,Dropout
-2.4951744161833056,-0.21029541948625297,2,1,Enrolled
0.0639239972472016,1.8045534389293885,1,1,Enrolled
1.984815826282893,-0.13691851116549175,0,1,Enrolled
-0.570408498522615,0.7465769626240504,2,1,Enrolled
-0.2260358268741902,-3.285349453826884,0,0,Dropout
0.21969968983263144,2.0260474405889592,1,0,Dropout
0.5886672768470704,-1.3436010145872688,0,0,Dropout
1.0130134140320108,-1.2185160086441091,0,1,Enrolled
-1.3186365926909454,-0.40844991306627526,2,1,Enrolled
-0.6260553563180655,1.9796914188413557,1,2,Graduate
-0.0386675462105827,1.680251502574413,1,2,Graduate
0.7140555219168242,0.754078359144996,1,1,Enrolled
0.761202232405109,2.081246124768405,1,2,Graduate
2.6585413725217095,0.2198254244707761,0,1,Enrolled
0.7026520012678955,3.5761857011304143,1,0,Dropout
2.5512445403676867,-0.8505938362767553,0,2,Graduate
-0.045837202617714456,-1.4227848466479383,0,2,Graduate
-0.6220467318285838,-2.722447443978541,0,1,Enrolled
0.466008291439074,-0.9853073215115236,0,1,Enrolled
1.502163080927141,2.6023265571133565,1,0,Dropout
-2.4500336686259794,-0.6131636165214768,2,1,Enrolled
2.2974886394521854,-0.6440794249034443,0,2,Graduate
-0.592458639081505,-2.7841522056687094,0,2,Graduate
-1.3318530918311624,-0.023958495853433265,2,2,Graduate
-1.4416536198564383,-1.32593917950044,2,0,Dropout
-1.4183055388980037,0.2848903273130329,2,0,Dropout
0.5981658421547564,2.2164403637152494,1,2,Graduate
-3.269844538045357,-0.21167050089823136,2,2,Graduate
1.8314123722786182,-1.3949206523494424,0,0,Dropout
-0.4201107927775155,2.5889834541236008,1,0,Dropout
1.025542559713033,-1.925004461378729,0,0,Dropout
-1.446689094628252,1.8561778222432805,2,1,Enrolled
-2.1961876479459606,1.532077395485862,2,0,Dropout
-1.9047376153749944,1.2170586865637711,2,2,Graduate
1.3754237690359759,0.7925300446915458,1,1,Enrolled
-0.17914386531585655,2.4896434142985515,1,0,Dropout
-0.41058977401897084,-0.7207914409527159,0,2,Graduate
-2.6003848212368044,0.20123295065719166,2,2,Graduate
-1.0310088122732417,-3.4456916066813146,0,2,Graduate
1.7756996721006768,1.1289550212195565,1,0,Dropout
1.0567662757231344,-1.7671378822425021,0,1,Enrolled
0.0516729469189795,-2.417270944914438,0,1,Enrolled
1.4987675305649,-2.20095653082832,0,0,Dropout
-0.6109564796433069,-1.2609774573647474,0,0,Dropout
1.2949963174983679,2.020437315072623,1,2,Graduate
-0.7718010602660652,-2.049887390627914,0,1,Enrolled
-0.6113332402412378,0.17744557405762837,2,1,Enrolled
-0.3838627284186264,-0.7533808332204647,0,1,Enrolled
0.35108500510386154,2.8839651697739597,1,2,Graduate
0.08147341949669062,0.39320917608842526,1,0,Dropout
-1.337963854956415,0.6381570758317293,2,1,Enrolled
-0.14680519247363868,1.6411981082014928,1,2,Graduate
0.21551954711638005,-1.4662027702306457,0,2,Graduate
2.747498250423662,0.8864714766725231,1,1,Enrolled
-1.8761747188335647,-1.3076414129128966,2,0,Dropout
-0.9105903097950668,1.9169075274806355,1,0,Dropout
0.04257401241164118,-2.830395166426095,0,1,Enrolled
1.722714219585641,1.2277145469080084,1,2,Graduate
1.1774855758722893,2.77521814624103,1,1,Enrolled
0.5911868567754143,2.509696868623256,1,2,Graduate
1.0963069988209655,-1.7172551176646618,0,0,Dropout
-1.335542524344142,-0.0671489140465546,2,2,Graduate
0.7032766073414455,-1.4170222896187652,0,1,Enrolled
0.9092462796400691,-3.1319792031041045,0,0,Dropout
0.9224892074458757,0.3523929388886492,1,0,Dropout
-0.1747007093740515,2.4503040070199207,1,2,Graduate
-0.041073122825073596,1.1076507279438248,1,1,Enrolled
-1.479706059738067,-0.4115420524768097,2,1,Enrolled
-0.019634468399627535,-2.5101391209665396,0,2,Graduate
-0.46772553723986304,0.730550024310264,2,2,Graduate
0.2941527692488915,-3.2843944937003657,0,1,Enrolled
-0.9945295261790956,0.8272664108031371,2,1,Enrolled
-1.076073119170557,2.6667982274747484,1,1,Enrolled
-0.24079714058300458,0.8098180185648147,1,0,Dropout
1.4284949704764163,-1.48299165582086,0,2,Graduate
0.1443642204144436,-2.412975766316912,0,2,Graduate
-0.9572064564058551,0.5042147685420112,2,2,Graduate
0.5684940928125615,2.0859204304869925,1,2,Graduate
2.823028108278663,0.34106817437605813,0,2,Graduate
0.7478440157311244,-0.7972226622826751,0,1,Enrolled
0.7223790317657477,-1.633081629784213,0,0,Dropout
0.9206376730293344,1.7364158564549508,1,0,Dropout
-0.6907036607194845,2.2237670555709386,1,2,Graduate
-1.3681411840106557,0.6415134148023762,2,2,Graduate
-1.7620407962739635,-0.10928405586374382,2,2,Graduate
0.550220136356097,0.6612520402198431,1,2,Graduate
0.29871240892747963,-2.873113374203125,0,2,Graduate
-2.3376728996719027,-0.3135145321623705,2,0,Dropout
-1.513451276804457,1.876510925973807,2,2,Graduate
-1.3124414683786492,1.325450449731029,2,1,Enrolled
-2.351602720618108,-0.09665180682016275,2,2,Graduate
-2.334689896003833,-1.3009990351856022,2,0,Dropout
2.2663244667195244,0.49499156761786295,1,0,Dropout
0.6417688411783251,2.004614043792971,1,2,Graduate
-0.7089174955415838,1.0315175176677363,1,0,Dropout
1.7853396726958868,-1.1707273410245072,0,2,Graduate
-3.316788527067958,0.8217372438414933,2,1,Enrolled
0.7184565118730315,-0.20974026524508077,0,1,Enrolled
-0.7177854277323025,-3.2956986999813433,0,1,Enrolled
-0.709714958109226,0.6330570834914697,2,2,Graduate
-0.7538922752663012,1.8345278004099992,1,0,Dropout
-0.8625175771641428,0.35688322716758014,2,1,Enrolled
-1.437747056421673,-0.691005274381395,2,1,Enrolled
-1.0791524617993729,-0.051381877462883106,2,0,Dropout
1.5298323903801918,0.6709184220822003,1,0,Dropout
-0.15482832364912746,2.9655493597088816,1,1,Enrolled
0.6252172909495676,-2.2444713622100516,0,1,Enrolled
0.24350093504340312,1.7836232847433087,1,2,Graduate
-0.8357672666288851,-0.18145516227660868,2,0,Dropout
0.036485658776931676,-0.6140159421263834,0,0,Dropout
2.492631865461793,1.212628978048548,1,1,Enrolled
-0.41532417346474204,2.4580786521883877,1,2,Graduate
-0.021395436271825115,1.4609067889121152,1,0,Dropout
0.3153929856682231,1.9328542515151594,1,0,Dropout
-3.0888655378573224,-0.9017207701699586,2,0,Dropout
-1.838790122809229,1.589405304131842,2,1,Enrolled
0.3541552154180317,2.979005091370073,1,1,Enrolled
-0.46960781019624487,0.6523133236539811,1,2,Graduate
1.3495679898943598,1.8499098808233347,1,1,Enrolled
-3.272609701752019,0.2733135977275642,2,2,Graduate
-1.4803282378538538,-0.39077448945698035,2,0,Dropout
2.7919336322485155,-0.9437999320377418,0,2,Graduate
1.3073721909446019,-1.6944629140076681,0,2,Graduate
0.17250338236522156,2.7074114285074895,1,0,Dropout
2.009318417424273,-1.1100719893780813,0,0,Dropout
1.1880267691686204,-0.26507545765621576,0,2,Graduate
-2.3170598062882672,-0.2299129065727227,2,2,Graduate
2.0788054382018877,1.1341853542507356,1,1,Enrolled
-0.7419592195780935,-1.1896917431476501,2,0,Dropout
-0.13010002694755546,-1.0865310864426758,0,0,Dropout
-0.4638339889210622,-2.555764653961678,0,0,Dropout
0.7650766460593335,0.5430945503581388,1,0,Dropout
0.7697745476739258,2.094209761380403,1,1,Enrolled
-1.948521830715515,1.197397020994426,2,1,Enrolled
-1.174699544137251,-1.0333111921831675,2,1,Enrolled
1.1126386443262966,-1.5939201108575265,0,1,Enrolled
0.6353192338083178,-1.0505717379525175,0,2,Graduate
1.70799921325832,0.7796786148036234,1,1,Enrolled
0.03402075870938188,1.0807496801290652,1,0,Dropout
-1.2500381115859276,1.3190619786730473,2,1,Enrolled
1.5630015460696443,-1.327563171963196,0,1,Enrolled
-1.5512192349480842,-0.7435493908279657,2,0,Dropout
1.6664033787743002,-0.3593113849422463,0,2,Graduate
-1.350439631195278,-0.09461641011456817,2,1,Enrolled
-0.7470425703679074,-0.8800255824086565,2,0,Dropout
-0.4965540848864333,-3.0963685911504064,0,0,Dropout
-2.3826355761911153,-1.0147522171180952,2,2,Graduate
-1.002839353504868,0.1482643850914801,2,2,Graduate
0.03385627296651428,0.6950134359850888,1,0,Dropout
0.5854597020261941,1.4498139525922833,1,2,Graduate
-0.23446466567864235,0.8345591857005712,1,0,Dropout
1.0765135338516845,-1.451985589379322,0,2,Graduate
-1.410974059853559,1.579752106396386,2,0,Dropout
-0.7252996276485775,-2.9890369184648904,0,1,Enrolled
0.44138462844672555,0.9099364033415483,1,1,Enrolled
-1.4417883295032243,-1.218130969193791,2,2,Graduate
0.06675186109896243,-1.028697115531543,0,1,Enrolled
1.2526169045383293,2.8568486472484516,1,0,Dropout
-0.8824393021241559,2.689464639275108,1,0,Dropout
-2.8087234529193017,-0.7569087058027536,2,0,Dropout
-0.6231424558561287,-3.7473636650372213,0,0,Dropout
-3.123101407630528,0.3480607964628573,2,1,Enrolled
0.27252228888730873,1.6246188519059777,1,2,Graduate
0.9178535613209199,-1.9777887309759503,0,1,Enrolled
-2.203544848740514,1.45200245955921,2,0,Dropout
1.3808449062167136,1.3440981875305356,1,1,Enrolled
1.4653001795945881,1.7319637389501645,1,2,Graduate
-0.1355177234308172,-0.5801712924861492,0,0,Dropout
1.805450434113075,-2.70584389573403,0,0,Dropout
-0.2850622736783801,2.5012830922392504,1,0,Dropout
0.717689100479292,3.0342238741460132,1,0,Dropout
-2.5221666289963163,0.8339127737972285,2,1,Enrolled
-2.5715838317532502,-1.4461663506730558,2,0,Dropout
-0.457211690633663,-2.27221631859741,0,2,Graduate
-2.3426526821736346,-0.43166899568359907,2,1,Enrolled
-1.5925028671775432,1.3896385200358796,2,1,Enrolled
-1.738248714118714,-0.66660073360301,2,1,Enrolled
-0.33331649073009884,2.4653743218693336,1,1,Enrolled
-2.5356235521268866,0.6195219690804636,2,2,Graduate
-1.651450460355795,0.10821347734642724,2,2,Graduate
-1.8420756546554586,0.8461538608296912,2,1,Enrolled
-1.187457487602531,0.3799933105945554,2,0,Dropout
-0.5460231037092727,-1.4826007717076766,0,0,Dropout
-1.2125035698254034,-0.5416924989922214,2,1,Enrolled
2.028271643982739,1.4107404647317938,1,2,Graduate
-0.9617611323896953,-1.2458625503573488,2,2,Graduate
-1.2359826578174395,-0.5589735414087542,2,1,Enrolled
2.663069625908776,0.3355689770483885,0,2,Graduate
1.3733515444154878,-1.2232972801422177,0,1,Enrolled
-0.19889392855248536,0.9718848755915539,1,1,Enrolled
-1.937667312644181,-1.1916604222918787,2,1,Enrolled
-3.4741830825256765,0.2582510297054105,2,1,Enrolled
-2.284871262694791,0.3557281665026886,2,2,Graduate
1.6104536476803426,2.2980476183488983,1,2,Graduate
0.8447666706054786,-2.5160689457094363,0,1,Enrolled
0.7646805258664566,1.9052269301585902,1,2,Graduate
-1.642283819327592,1.325327806215601,2,2,Graduate
1.0182421964423438,-2.1491186187357103,0,2,Graduate
0.4980914001852155,0.8795165283417375,1,2,Graduate
2.978251133514372,-0.22921201745134787,0,2,Graduate
2.9684601647680875,0.7432763449677582,1,0,Dropout
-2.696243641329245,0.7533730226347543,2,0,Dropout
0.46470931513585095,2.8917016018190527,1,1,Enrolled
-1.5968510118817327,1.933192511506365,2,0,Dropout
1.3859630649253543,-3.0449209242006514,0,2,Graduate
3.187164740436447,-1.0341834377061474,0,0,Dropout
-0.1951746668545678,0.5080354409445027,1,1,Enrolled
-0.43241442717912915,2.011772499738733,1,1,Enrolled
-2.2923022841451557,-1.950592401696867,2,0,Dropout
-3.288288674945765,-0.9315616861514946,2,1,Enrolled
1.6168334236744082,-2.090845034613121,0,0,Dropout
1.8918892931549935,1.0397118453304195,1,0,Dropout
-2.0249579653837366,-0.36986433742367175,2,2,Graduate
0.8297641435047962,-2.2556436368883017,0,1,Enrolled
1.6990685102783416,1.376111051531782,1,2,Graduate
-0.724061170186104,-0.0449107430304416,2,1,Enrolled
-0.3384346227168255,-0.5575877308629213,2,0,Dropout
2.6001494103146365,-1.1065971682420386,0,2,Graduate
-1.901237848757173,-1.0457789175518368,2,1,Enrolled
1.9551182985661948,-1.0257096173881903,0,1,Enrolled
-3.1400861815226038,0.8344816609981272,2,1,Enrolled
-3.565713986901682,-0.09171655999569432,2,0,Dropout
-0.7945442257485921,-2.074270876323257,0,1,Enrolled
-0.3737195368600402,2.265570338203264,1,1,Enrolled
2.6409126828544847,-0.10172675956867465,0,0,Dropout
0.35192580203960355,-1.1105938205356591,0,1,Enrolled
0.7207567825003839,1.5565395245172657,1,2,Graduate
4.170783894643696,-0.8351602556108231,0,1,Enrolled
-1.1968530801421526,-0.9940397782857949,2,1,Enrolled
-1.8993431662871623,-0.38455824942579225,2,1,Enrolled
0.20211555670988715,1.3176256019940638,1,2,Graduate
0.45649067221022005,1.3776226046612157,1,1,Enrolled
1.7397525481808045,-1.959421164695313,0,0,Dropout
0.2728470016562666,3.2480408290729983,1,0,Dropout
2.9883976843075604,-0.31601028990809904,0,0,Dropout
-2.9608263322406216,1.1014022724022068,2,1,Enrolled
-1.412612960663625,-0.9772039627365136,2,1,Enrolled
-0.8361479368517167,2.1604956195576843,1,2,Graduate
-0.8104655091581375,-0.07818798031791994,2,1,Enrolled
1.4228696646705448,1.150926630589389,1,2,Graduate
-0.704664498688785,0.907941245603827,2,0,Dropout
-2.388974108106117,0.2764007626648213,2,2,Graduate
1.9950383579769282,1.2947022328155264,1,1,Enrolled
1.9101548649286613,1.0953032431974874,1,0,Dropout
-0.26356305361887394,1.0243124654768747,1,2,Graduate
1.5237430959861744,-0.6867466279290864,0,1,Enrolled
1.380966598050813,2.5524532050101523,1,2,Graduate
1.0920386840583287,0.07434382776844078,0,2,Graduate
2.2200616207536337,-1.2204389925125594,0,0,Dropout
0.8487033144633638,0.015906233624409714,0,1,Enrolled
2.332697097124443,1.3809103897914203,1,0,Dropout
-1.507612920697575,-0.2931952889546522,2,0,Dropout
-2.5069112032724195,-0.5390661545208385,2,2,Graduate
-0.7032582214536849,1.5785812167698934,1,0,Dropout
-1.1599856556733446,-1.8591677423462247,2,0,Dropout
-0.7878041676053961,2.3245396579401736,1,1,Enrolled
-1.6900273885066093,-1.442694962148934,2,0,Dropout
0.04371500525929122,-2.2277448818121424,0,0,Dropout
0.3894248375574971,-2.2854922760790886,0,2,Graduate
1.7110171267359366,0.24732481534001646,0,0,Dropout
-1.4808626337564914,-0.39124688203794117,2,0,Dropout
-0.5392575312081143,-2.3700625394310295,0,1,Enrolled
-2.886019010251893,1.0000990988120697,2,1,Enrolled
-1.4402475563239256,-2.483774340522848,2,0,Dropout
0.07687007406766536,-2.5380841641285845,0,0,Dropout
-0.7322783634429759,-1.791835674011488,0,0,Dropout
-1.0939903059049596,0.755817984134438,2,2,Graduate
-0.06344140003217806,-0.8222397359577436,0,2,Graduate
2.5294668671593508,-0.13105623002361158,0,0,Dropout
0.8064177214379947,0.028257231034950262,0,1,Enrolled
2.9166359706643914,-0.06527356989883248,0,0,Dropout
1.8176713084917426,-1.0514760826413219,0,2,Graduate
-0.506359960153895,-2.8785917746557335,0,2,Graduate
-0.6860243631666327,1.0554198757880269,1,2,Graduate
1.4024464675888368,2.8218121830381238,1,1,Enrolled
0.3430535694654027,0.07559842961329483,0,0,Dropout
1.1275416878235658,0.29345515913290887,1,2,Graduate
0.7351100675492247,0.5132765470846142,1,2,Graduate
0.03467024764748722,-3.189599667682813,0,0,Dropout
-1.3896689059723004,-1.324627996762812,2,0,Dropout
1.2803893906478196,-0.09924583836528628,0,0,Dropout
1.2210641117673413,0.15970101379435184,0,2,Graduate
-1.7353115367736154,-0.8457602549502987,2,2,Graduate
1.7903478951809442,-0.48131274179578715,0,0,Dropout
-0.6712966616501879,-1.212120863234511,0,2,Graduate
0.8232227645320993,-2.970291683262071,0,0,Dropout
-1.682172576218636,-0.6823111840275331,2,1,Enrolled
1.4500996648263997,1.8987528656546853,1,0,Dropout
2.1067204766924488,0.6163663429093867,1,1,Enrolled
-0.23163313653579912,-0.9168819762294685,0,2,Graduate
0.154086284660896,1.5418004214628929,1,1,Enrolled
0.9945059998332498,-1.254514391228663,0,0,Dropout
1.6668401927413259,-0.6661665963009347,0,0,Dropout
-0.003993030202032361,1.6427806358415642,1,0,Dropout
0.9435188116435779,1.0389099442068326,1,2,Graduate
2.0048304717048415,1.1105451219675442,1,2,Graduate
-2.856491761041005,-1.0212121684043916,2,0,Dropout
-1.1788489271929505,-2.828899118526533,0,0,Dropout
2.80842310351565,-1.3159333461312195,0,1,Enrolled
2.0653168926831755,1.5355885450445228,1,2,Graduate
-1.9031336615510182,0.4607348178798653,2,0,Dropout
3.018821229304576,-0.9395055024544506,0,2,Graduate
-0.47093360800050116,2.628150491025054,1,0,Dropout
1.1948304050252627,1.9816615714258665,1,2,Graduate
-0.575029303162326,-1.5872073948274563,2,0,Dropout
2.2806604705564513,0.03425912288397929,0,2,Graduate
1.1141414245421977,-0.1905052418947249,0,2,Graduate
-3.4244961444389808,0.42060578773046,2,2,Graduate
-0.3063791116610128,-2.703137054291741,0,1,Enrolled
-2.510022118756897,0.5334868334410676,2,2,Graduate
2.0304184220670285,-0.595219785509825,0,0,Dropout
-0.8063366012468424,0.7774572410663971,2,1,Enrolled
1.0875348684380257,2.173804859417326,1,2,Graduate
1.1428614348098673,0.7792359681200207,1,0,Dropout
-1.2129161295964794,0.8709198956581095,2,1,Enrolled
0.48182939488565835,2.808079041865857,1,2,Graduate
1.8181800460395212,-1.2091330597264416,0,2,Graduate
-0.983050645583141,0.9713428882858952,2,0,Dropout
0.748534107412269,-0.16294242393954617,0,0,Dropout
-0.8773979102939141,0.4549994177852595,2,2,Graduate
-3.098746302858941,0.8385735915312734,2,0,Dropout
-0.9219947180787622,-2.39654501079607,0,0,Dropout
-0.8630870971511325,0.9014927740046556,2,1,Enrolled
0.9202974934687012,1.902769862651313,1,1,Enrolled
1.7903578482095428,-1.2622461913422782,0,0,Dropout
3.666288984330334,-0.2963945643970252,0,0,Dropout
-1.0851159388371574,2.68207246297759,1,1,Enrolled
-1.8126381182789375,-0.9330278262381111,2,2,Graduate
-0.07496730540920298,-3.0897263420816774,0,0,Dropout
-1.9097710060301247,-1.097191666324507,2,1,Enrolled
-0.24859988327844035,-0.9727279774326496,0,1,Enrolled
0.9042955917582496,0.9377465171063258,1,1,Enrolled
0.37155251915791615,1.271333722086567,1,0,Dropout
-0.6523304451839266,1.621909291009657,1,2,Graduate
1.8849705710786253,1.2593832800813187,1,0,Dropout
2.8089356163167767,0.8303132921798133,1,0,Dropout
2.9516433329583878,0.5233585714124183,1,2,Graduate
0.8216423678741114,0.041949688092815476,0,2,Graduate
-3.42052294252345,-0.2743580668453467,2,2,Graduate
0.9792382584847172,-1.7984604695328616,0,0,Dropout
-0.958091844382804,0.894885625123752,2,2,Graduate
-1.9904087955808238,-2.2676550113646057,2,2,Graduate
-1.021182162621755,0.21260392328106598,2,1,Enrolled
3.2497254241948603,0.5684083288961046,1,0,Dropout
-0.009657980316579112,-0.8016118239549399,0,2,Graduate
2.6822067651064145,-1.1286048301969882,0,1,Enrolled
-0.29110358445128054,-3.564674621496668,0,0,Dropout
-1.419422550979144,-1.6398845741706314,2,0,Dropout
-1.1087638703065203,-2.420868467464095,0,1,Enrolled
-0.4272939051807019,-2.79233251686087,0,1,Enrolled
-0.7707557503419546,2.043028443116157,1,0,Dropout
1.9217359145370028,0.7615563555788932,1,1,Enrolled
3.237594937094527,0.27335939109235624,0,2,Graduate
1.8043436277671656,1.4963098227200204,1,0,Dropout
-1.302504280217504,0.3364396793412002,2,0,Dropout
2.067121175611219,0.9364201234281665,1,0,Dropout
0.11195772606197125,-1.1256294979138883,0,0,Dropout
-0.09177024673275849,1.0776555148395122,1,0,Dropout
1.190974581420336,-1.60117548611063,0,1,Enrolled
2.133038472678369,-0.23819860967156134,0,0,Dropout
-0.6578289201839153,-2.6829338614908926,0,2,Graduate
-1.5165284960387475,1.4542776649608664,2,2,Graduate
1.3030034222286693,0.913413079710098,1,0,Dropout
0.5639378860532646,2.7865101583655654,1,0,Dropout
0.4355036188001039,3.177836136916297,1,0,Dropout
-0.47829632375479597,1.6969490859329608,1,2,Graduate
-2.4776120312876184,0.1495997604100072,2,1,Enrolled
-0.22364390853571256,-3.205092505203235,0,1,Enrolled
-0.8914090930580272,-1.9168945294970972,0,1,Enrolled
2.020014847792387,0.9539813987615106,1,0,Dropout
-1.872721201900875,1.3544309844413545,2,0,Dropout
1.674456443153007,-0.031563299466422966,0,1,Enrolled
-1.4167629301200655,-0.897240795075623,2,0,Dropout
2.2103926020926035,-0.7563221673384725,0,1,Enrolled
0.29474118955639145,-0.6356913999563424,0,0,Dropout
0.3309500118345555,-2.3434803391889356,0,2,Graduate
1.2778599227141008,1.3459380444876763,1,2,Graduate
2.099600665876337,-1.2380690264127514,0,1,Enrolled
-1.0898689340355323,0.28217922866926864,2,1,Enrolled
-3.3046443848995795,0.6656364902727959,2,1,Enrolled
1.7146781012492445,1.1231373816870505,1,0,Dropout
0.7616861100054794,3.20848839251915,1,0,Dropout
-0.012719316848862822,-2.081146669586148,0,2,Graduate
-3.079961062654709,0.15038820949630038,2,2,Graduate
-1.7999833008863815,-0.6517972539634082,2,2,Graduate
-0.05475266859274539,-0.6176537287878248,0,2,Graduate
-0.845083433249978,2.74762370127921,1,0,Dropout
1.3605866611820663,-2.082157401457569,0,0,Dropout
2.62753025268756,-1.0116709036872353,0,1,Enrolled
1.383926530963955,2.7314472354533095,1,0,Dropout
-0.7205489051951941,1.1382927567199344,2,0,Dropout
-2.8417314316522697,0.2734426993892506,2,2,Graduate
0.7696063489893294,-2.026705187930642,0,1,Enrolled
-1.7552730822981286,-1.4740936784234875,2,2,Graduate
1.240395264390228,0.04203879811779081,0,1,Enrolled
-2.613853825383276,1.315132056784945,2,0,Dropout
0.27546794886621406,-0.5089246050615402,0,2,Graduate
-0.35086107362616376,-2.2825677697920828,0,0,Dropout
0.19200491448698698,-0.3462151577143617,0,2,Graduate
-2.7429369988638843,0.016786943542097265,2,1,Enrolled
-1.0308700936539248,1.8520075487831433,1,1,Enrolled
0.06541032434756755,2.854414128510639,1,2,Graduate
-0.4894578070299063,-2.37730393739045,0,2,Graduate
1.6324685407453603,2.2682606052496346,1,0,Dropout
-0.8060574895502113,-1.179363017953414,2,1,Enrolled
0.25841397106412567,3.4499396760326446,1,0,Dropout
0.8756071327714605,1.9104649411632935,1,2,Graduate
-0.1797294051515994,2.8914617969403076,1,2,Graduate
-0.6093521366472514,0.5833431446077203,2,0,Dropout
1.6887374159965967,-0.6167184592327465,0,0,Dropout
2.2883176971017694,-0.7485948844811814,0,2,Graduate
-0.5532461129691449,0.22979925645230787,2,1,Enrolled
-3.462401597581882,-0.04828449851993212,2,0,Dropout
-1.4662948555919526,-1.7595340351690725,2,0,Dropout
0.19040694034240244,-1.8200327309913653,0,2,Graduate
0.542878026308904,0.019466232684378634,0,1,Enrolled
1.3882119848119931,2.1174416459052345,1,1,Enrolled
1.9983306479372633,-0.7986676615837437,0,1,Enrolled
-1.6913829460362757,-0.5613352074437085,2,1,Enrolled
1.3929515761093945,-3.139723742416643,0,0,Dropout
1.0737168241315667,-0.1986019260339342,0,0,Dropout
-0.7487453465237192,-1.1234851598299607,2,0,Dropout
-0.5772367947815685,-2.8349852949905743,0,1,Enrolled
2.3261997475877876,0.9190195012287622,1,0,Dropout
-0.2217451700011047,1.450320020038967,1,2,Graduate
3.3149113992231323,0.17090236277720938,0,1,Enrolled
1.2637590802298397,-0.0103580444095008,0,0,Dropout
-2.342910154519139,0.8084340667103049,2,0,Dropout
0.5284582764800496,-0.6138580488033447,0,0,Dropout
-0.04461481224523642,3.477879812824984,1,2,Graduate
2.836730412111316,0.9301694152722575,1,0,Dropout
-2.599243512555827,0.8774177316765404,2,1,Enrolled
0.9005164657983111,0.04350605464365992,0,1,Enrolled
-1.157982853936165,2.2314790725393103,1,1,Enrolled
0.5339128553147211,-2.354879408817024,0,1,Enrolled
0.6342692054009694,-3.04124767103053,0,1,Enrolled
-0.08050430870295434,2.9453022722521465,1,2,Graduate
1.4502729002193706,-0.4938850018641698,0,2,Graduate
-1.2230666848145682,-0.8734335255356573,2,0,Dropout
-0.6571035161854496,0.3530109208643567,2,0,Dropout
-2.527832863457697,-0.18259013204717905,2,2,Graduate
0.2692600877025694,1.0693286014604786,1,1,Enrolled
-1.2506421905559844,1.9228505404792766,1,0,Dropout
1.279135856420071,-1.7631879559507666,0,0,Dropout
0.5800748559514473,-1.5417257867022702,0,1,Enrolled
-0.6715152643981476,0.8433818055063845,1,1,Enrolled
2.7493565904686115,-0.3562207100782333,0,2,Graduate
-3.2909639578099696,0.9083691595149478,2,1,Enrolled
-1.6587354514349641,-1.1191161059937265,2,0,Dropout
-3.0791850501815907,-0.10388482453106439,2,0,Dropout
0.8871903503593125,2.904299912854036,1,0,Dropout
-1.1935996264761923,-1.775379797977247,2,0,Dropout
-1.2435447291480939,1.5310574648831705,2,2,Graduate
-2.0026863641083765,-1.8259516682078294,2,1,Enrolled
1.0468880741440263,2.3323616987769817,1,1,Enrolled
0.7133588438058214,2.562334422284098,1,1,Enrolled
-1.1526196637847692,-3.0516286258787324,0,2,Graduate
0.8781052122625231,1.4225006275488412,1,0,Dropout
0.3865045063795104,3.26044026987373,1,0,Dropout
-3.077204588841258,1.0950220644700763,2,0,Dropout
2.904820501754058,-0.06416817245812295,0,2,Graduate
2.2758547647463434,1.0005045220459658,1,2,Graduate
-3.0080666256915283,0.5416469982671377,2,2,Graduate
-1.51055183190564,1.7538644970239459,2,0,Dropout
0.36558916386014273,-2.88070463154706,0,1,Enrolled
0.9966025944658258,1.558967185012898,1,2,Graduate
0.0012846491629612434,2.119640806210586,1,1,Enrolled
0.8286853601483413,-0.10746714254219682,0,2,Graduate
-0.8046375054577277,-1.401168681044202,2,2,Graduate
-0.6100803586201817,-3.059168147348948,0,1,Enrolled
-0.6275690635089667,-0.505379167363025,2,0,Dropout
-1.2957774370497352,1.587132009075926,2,0,Dropout
-0.7615339099092931,-1.2529529061657223,2,0,Dropout
-0.7890448095421384,1.543972850746065,1,1,Enrolled
2.157944967041646,-1.6295613810589733,0,1,Enrolled
2.157148633435157,-0.30269916694015936,0,2,Graduate
-0.15848652445932626,3.2652877083599474,1,0,Dropout
0.34851716654163295,0.5214814212724045,1,0,Dropout
-2.127941972128669,1.4628237710119663,2,1,Enrolled
-3.1626597682863937,0.9594778234394038,2,2,Graduate
0.11313337593656766,-3.6801205221600273,0,0,Dropout
-2.1389356350987097,1.647308992618234,2,2,Graduate
3.0710596417332168,-1.0233418369707679,0,0,Dropout
-0.18418980134434124,1.914037983441946,1,2,Graduate
-1.7444104130046696,0.9057704869084457,2,2,Graduate
-0.9871995304727673,1.27489612127042,2,1,Enrolled
2.1852524093195536,-0.4212354344371727,0,1,Enrolled
-0.7152356864801303,2.8725694218492595,1,0,Dropout
2.714129985053159,0.25286615086235054,0,2,Graduate
-1.0041720450737106,0.8011241245522919,2,2,Graduate
-0.19995093667125471,-2.7676846224504925,0,1,Enrolled
-2.299262005784613,-1.1951126173979494,2,0,Dropout
1.2968151853141319,-1.4844476573330172,0,0,Dropout
2.8139404590802055,-1.7789652078762799,0,0,Dropout
0.5501928939428533,2.8023068688683064,1,0,Dropout
-0.3155659947349859,-0.6307019043980169,0,2,Graduate
0.7742453655436458,-0.4080955869788884,0,1,Enrolled
-3.1536354243341096,1.018645066423962,2,1,Enrolled
0.9122848618113464,2.4413429662684805,1,2,Graduate
-2.1837042680273866,0.42173231949691126,2,1,Enrolled
2.185912434692836,0.9792293742123056,1,1,Enrolled
0.6272665997753794,-1.9598978395944715,0,0,Dropout
-1.8858750843372303,1.3744229862454262,2,1,Enrolled
-2.5650053878544474,-1.6488448577603245,2,0,Dropout
-0.6689400173018102,1.2635391390308948,1,2,Graduate
1.1294971249170958,0.2329665349483753,1,1,Enrolled
-0.0715467246835133,-2.010873698647872,0,2,Graduate
0.9062301768796858,-0.5490757185905415,0,2,Graduate
1.4425779417056375,-0.5116885276582079,0,1,Enrolled
-1.333921420056685,-2.0607470723699377,2,2,Graduate
-1.1533743894031963,-1.7153566405358496,2,1,Enrolled
0.8344548744637562,-1.7575484871976592,0,1,Enrolled
-1.332308884427649,-1.1910000226005888,2,0,Dropout
-0.8335538938646698,0.2612045546761849,2,0,Dropout
-0.6018051948594725,0.5948653456087788,2,2,Graduate
2.3893548912120752,0.7007855707735352,1,1,Enrolled
-0.4095909254917981,0.7608373591959693,1,1,Enrolled
-0.7863594192580827,-1.3321605923429087,2,0,Dropout
1.8183590228985775,-1.070987058741176,0,2,Graduate
3.582941765910138,-0.0077428800222185505,0,1,Enrolled
-2.3437985639392576,-0.25195402413544615,2,2,Graduate
-0.93161257419082,-1.331162285912273,2,2,Graduate
2.4016174504175014,1.3484518038900124,1,1,Enrolled
-0.8941445319587352,1.8885379024703988,1,1,Enrolled
0.2131851222638765,-0.28022053652011425,0,1,Enrolled
1.866836244475435,1.062919934267679,1,0,Dropout
2.7292661627464656,-0.6350616550779853,0,1,Enrolled
-3.6959809995775945,-0.21711103587768082,2,1,Enrolled
-1.6138800537686357,0.6177774263671918,2,2,Graduate
2.1412578739604897,1.0666152208959696,1,0,Dropout
1.6259110806596895,-0.7689513510501265,0,2,Graduate
1.6226643652656578,1.3832384724648128,1,0,Dropout
1.92793012467616,-0.885896759370188,0,0,Dropout
-1.8479020804330428,-0.5008740443247052,2,2,Graduate
3.4690944458932615,-0.4147949526079264,0,0,Dropout
-0.8625299123555852,2.399566401123034,1,0,Dropout
-0.37907268268738087,-3.1762523344966676,0,2,Graduate
-1.6567529266655545,-2.0061850255462423,2,1,Enrolled
-2.6053518429765354,-0.9596865253421887,2,1,Enrolled
3.040261322471256,-0.18493777799536076,0,1,Enrolled
-0.44331995077942876,-2.2826295593745205,0,0,Dropout
-2.3004897006372267,-1.0178594281701712,2,2,Graduate
2.0719477478980868,-1.1222314390144839,0,1,Enrolled
-2.6174550021773766,-0.5944612506710109,2,2,Graduate
0.8028156897626931,3.191348450080919,1,1,Enrolled
-1.371195238707481,0.3108501563828368,2,2,Graduate
-2.9821599536968937,-0.9967966770303458,2,0,Dropout
0.28871261424448313,3.153763992487138,1,2,Graduate
0.3101264983542129,-3.2566424776946206,0,0,Dropout
3.1224382227075447,-0.13641038766348568,0,0,Dropout
-3.2244047197867833,0.3548655182697514,2,2,Graduate
1.4315697476589424,0.3320666609724995,0,2,Graduate
-1.2154451203473933,-0.9025182895435746,2,2,Graduate
0.5948589856322659,-2.120423527348531,0,2,Graduate
2.7355778542569893,-0.4351573840104046,0,2,Graduate
0.7827779997600027,1.5409274540229556,1,1,Enrolled
-1.2414793843537562,0.4562175807377076,2,2,Graduate
0.2398048683688102,1.8187705252851252,1,0,Dropout
1.2692054222443823,-0.4871836588084792,0,0,Dropout
-3.097251133587073,0.17960129599637537,2,2,Graduate
1.2641223472949126,-0.12104566210097722,0,1,Enrolled
0.5811607582276771,-0.42243583942248075,0,0,Dropout
-0.5592375974966153,-0.009392655786513186,2,1,Enrolled
-1.0053728559519841,2.73380988488749,1,0,Dropout
1.5374833363196152,-0.771426323885404,0,2,Graduate
-1.1302738797737406,0.12032816578178568,2,0,Dropout
-2.5550224446086345,1.1579663080364315,2,1,Enrolled
1.5082770226022977,-2.0736010410876298,0,1,Enrolled
0.5962379519564187,-1.3261833442652082,0,1,Enrolled
-2.2875426410903423,1.6382235845061386,2,2,Graduate
1.2019439629233026,-0.7922215516755649,0,1,Enrolled
0.7363289433557926,0.4146863921359624,1,2,Graduate
-4.1168458641746675,0.24406657021204925,2,2,Graduate
0.057572519839088045,-2.557225447473229,0,2,Graduate
0.6087109372339464,3.5063012963206766,1,0,Dropout
-0.342604385351845,-2.817585506701038,0,2,Graduate
0.96329552226003,0.697596245497223,1,2,Graduate
-1.588245389083839,-0.9631026467735411,2,1,Enrolled
-1.9231205973909482,-0.5324662338101545,2,0,Dropout
1.2331101312161916,-0.8708014886557746,0,2,Graduate
-1.045749578005078,0.210342067069709,2,2,Graduate
0.8719780014802384,-0.7086088081061092,0,2,Graduate
2.1426690116008307,-0.46969653489357366,0,1,Enrolled
0.9812753171973427,3.0969753717685373,1,0,Dropout
-0.34077464024172177,3.1193920448357653,1,0,Dropout
2.2790058865263667,0.6913806475480538,1,1,Enrolled
0.34700546912065866,-1.0767298460916774,0,0,Dropout
-1.4211300222743566,-1.708970240942528,2,2,Graduate
2.9093755740273357,0.09313758829760498,0,1,Enrolled
1.35989292853213,-1.570239159164426,0,1,Enrolled
0.9385067124701966,2.0864868900041156,1,2,Graduate
-0.491393215289049,0.8144738412230716,1,0,Dropout
-2.3630778081133244,0.8499370174228489,2,0,Dropout
1.6415150090273676,2.3070596576536597,1,0,Dropout
1.8877925014504942,-0.41401151181493623,0,0,Dropout
-0.3005058917055021,-2.1522007293844916,0,2,Graduate
1.2673049129804594,-2.6083248150780753,0,2,Graduate
1.6195657285706373,-0.7816414727405798,0,1,Enrolled
-2.5723072405732874,0.5177652211947522,2,1,Enrolled
-4.0357925307043665,0.23038833892547556,2,2,Graduate
2.4584215256630575,-0.7705671614946293,0,1,Enrolled
1.8022465975719677,1.285276166548939,1,2,Graduate
-1.9330384271210894,-0.5983782953939999,2,0,Dropout
-1.1768448508101832,0.9811088848756443,2,0,Dropout
-1.5936989754695097,-2.2394222593448543,2,0,Dropout
1.409749048708646,1.903077379567735,1,1,Enrolled
0.08027941337371074,-1.1075160063178011,0,2,Graduate
0.29357933273365133,-2.354724029299082,0,2,Graduate
-1.20350738760934,0.03778350606144277,2,2,Graduate
0.9176964864637237,-0.520317854277569,0,2,Graduate
-3.143221836211854,0.3078910571271783,2,1,Enrolled
0.24999038532542042,3.4716624287068334,1,1,Enrolled
-0.27003580998862226,0.9887075004968815,1,1,Enrolled
0.3191541725112936,1.777176190904135,1,0,Dropout
1.4340295865838466,-2.0112786678555388,0,2,Graduate
1.4596457103590703,-1.0115427538216508,0,1,Enrolled
-2.7088781140248726,-0.7040975796819006,2,1,Enrolled
0.4418585323220546,0.33366127099462234,1,2,Graduate
0.9601438930852594,-1.9942926080404932,0,1,Enrolled
-1.355484560149023,0.920437164697933,2,1,Enrolled
0.6070963916812256,-2.1225026104026683,0,1,Enrolled
1.4976487460493313,-1.2572654618170596,0,2,Graduate
0.35605168524604447,-1.0485294479926461,0,1,Enrolled
0.163778617499323,3.482964931286844,1,1,Enrolled
1.1867955777974615,2.0754472123732457,1,2,Graduate
3.0334811520908707,0.04353148068613696,0,0,Dropout
-1.4099924262677266,1.290656919359866,2,0,Dropout
-1.7819715962231708,0.2058905668936036,2,1,Enrolled
-1.2173152230748534,-2.107310579487153,0,2,Graduate
0.8291516697712727,-0.884422829240718,0,0,Dropout
-2.362231217519174,0.7851336279203922,2,2,Graduate
-0.3550866676290281,-3.4826061710134364,0,2,Graduate
-0.137764318544691,0.38631303678644097,1,0,Dropout
-2.0070099043805234,0.6107024254205603,2,2,Graduate
-0.719152736049379,-1.328399638376937,2,2,Graduate
1.320017336220081,1.475277840930813,1,0,Dropout
-1.7240386070012577,-0.34743181559357983,2,2,Graduate
0.286799503796786,-2.220403659540147,0,2,Graduate
-0.5701956125514235,-1.6446688187426601,0,1,Enrolled
1.5249787506505112,0.4837169409173593,1,2,Graduate
-0.47531442959937453,-1.478455698486454,0,1,Enrolled
0.9633470101390165,2.622283005040325,1,0,Dropout
-0.20751396561252225,-0.9098919115072981,0,1,Enrolled
-1.3828223785002978,0.5357955049893296,2,0,Dropout
0.27355244618165686,0.06499075907390003,0,2,Graduate
0.24172551089260735,0.9353727340298389,1,2,Graduate
0.8415512655952581,0.6339844497023451,1,1,Enrolled
1.363050187169954,0.03720652159046439,0,2,Graduate
-0.6705442895564924,0.058747115903066874,2,1,Enrolled
1.6970415011654736,1.353301395896031,1,2,Graduate
1.013920741927062,-1.1322633082277134,0,2,Graduate
1.049387344068062,2.17637570850423,1,2,Graduate
0.9177776886986427,-0.3489778596299407,0,0,Dropout
0.025107195533325122,-2.837600821131617,0,0,Dropout
-0.6173449939128717,1.8075642088809583,1,2,Graduate
1.2568202255070469,2.1275502856316915,1,1,Enrolled
0.5565623613534817,-0.3900576772303945,0,1,Enrolled
-1.6510762963238559,0.10180140811919243,2,0,Dropout
2.838165969801069,-0.026622700127091888,0,0,Dropout
0.8150525732648743,1.5180651217086205,1,1,Enrolled
0.6737534136248031,3.4186133942053485,1,0,Dropout
0.27290359097323535,-1.2865070393108606,0,2,Graduate
0.4947368872582822,3.160436365956592,1,2,Graduate
0.1250849345930221,-1.7256133913772473,0,2,Graduate
-2.2933019843498283,-0.3556005763235599,2,2,Graduate
2.526122991988765,1.1660891241144846,1,1,Enrolled
1.2616824739142327,0.6742421861096363,1,1,Enrolled
2.8673336847771544,-0.5694218385522465,0,0,Dropout
-0.22046547910121797,-2.120716663414724,0,2,Graduate
-0.24018740646959744,0.5516147146077343,2,0,Dropout
0.6596515192629439,-0.6363348257406429,0,1,Enrolled
0.5144083265150742,-3.969304269063875,0,0,Dropout
-1.5294731693426333,-1.3684110863178927,2,1,Enrolled
-2.1609449189877634,-1.1106394963981683,2,1,Enrolled
-1.489642256219028,0.4078335526225786,2,0,Dropout
0.1861526824179481,-2.943981646541671,0,2,Graduate
-0.7333142052194277,0.3252581857380359,2,1,Enrolled
-1.1359559611158034,1.1843035482934854,2,2,Graduate
-0.9168640256895116,0.381330996375429,2,1,Enrolled
2.7410255261814673,0.62608831660484,1,1,Enrolled
0.07238664421196876,0.978487803304653,1,0,Dropout
1.7382527930434046,0.04214308571304431,0,1,Enrolled
1.6011303184467378,-2.264803095939107,0,2,Graduate
0.3197717582290016,-0.5263796219582264,0,1,Enrolled
1.1230823321460475,1.655632290121792,1,1,Enrolled
0.6534689500639309,-1.9983866391579062,0,0,Dropout
2.1647652171081777,1.606039333798626,1,2,Graduate
3.0400530995442594,0.27726399130170476,0,2,Graduate
-0.7200172592035888,-1.8761033382347292,0,1,Enrolled
-2.6420533758244735,0.9102704968394634,2,2,Graduate
-0.08408298928835405,-0.4541092314847687,2,0,Dropout
2.641305804149993,0.3572384768919001,0,0,Dropout
-0.4336253149790886,0.5938347056304016,2,0,Dropout
-2.2409457786828213,-0.3584989129294981,2,2,Graduate
-2.3558074834856093,-0.730050805815865,2,2,Graduate
-1.6052137852132857,-0.24042761933717297,2,1,Enrolled
-3.5590476546217884,-0.2691039906876637,2,0,Dropout
-2.292190772835315,-1.4207918685501575,2,0,Dropout
-0.7083185769581019,-0.6284686050450958,2,0,Dropout
-1.0246108355374093,0.11067954893132201,2,1,Enrolled
-1.2851682150263568,-1.3617316589846444,2,1,Enrolled
-1.6254512268944215,0.19516540138115981,2,1,Enrolled
-1.3790063898742075,-1.0079655629723716,2,0,Dropout
-1.3735518772111903,-2.41717624297366,2,0,Dropout
-0.40597342418685867,-2.3575469351885268,0,2,Graduate
-1.9200343644653113,1.1208344325691473,2,1,Enrolled
-1.0130951752192545,0.60541679682081,2,0,Dropout
2.3835987768662896,1.355045464854666,1,1,Enrolled
0.4861778363370984,-2.2044818019067884,0,1,Enrolled
1.1995161699724972,-1.3297744294914804,0,1,Enrolled
0.6151865429807034,-0.6023849441909065,0,2,Graduate
-1.7953888802368914,-2.049547698830617,2,0,Dropout
-3.6699915924554296,0.35578339177037704,2,0,Dropout
-0.44680890452609634,-0.5565812131375274,2,0,Dropout
-0.8835353168417495,0.30708359746355,2,0,Dropout
2.603042377516216,-0.498420221291091,0,1,Enrolled
-0.09019374062995733,1.4295219481026296,1,0,Dropout
-3.3502356814638836,-1.1685892610339184,2,1,Enrolled
-2.1213481364579896,0.028159102213969653,2,2,Graduate
1.4858551558097788,-2.654016592985897,0,0,Dropout
0.6423006701124085,-2.131559630050145,0,2,Graduate
2.1077399839041835,-1.306894697270252,0,1,Enrolled
-0.6294195887101053,-1.409985777924255,2,1,Enrolled
-0.1120135433038282,0.851460295023682,1,1,Enrolled
-2.021274060841539,-0.41487635733609357,2,1,Enrolled
-0.10311288691363393,-0.802406255139467,0,2,Graduate
1.1265830304023043,-0.9488002167198576,0,2,Graduate
0.3004952672822289,3.737884403260654,1,1,Enrolled
-1.4104371179797186,-0.07607975662752899,2,2,Graduate
0.4566860319650441,3.4013260460957944,1,1,Enrolled
2.536742846071878,0.1907111235544828,0,2,Graduate
2.0042954676770495,1.9523849303165222,1,0,Dropout
-0.8202619690131039,-1.4691779273223093,2,1,Enrolled
2.6638856645666142,-0.027331758687225885,0,1,Enrolled
-0.28279684095681085,-3.009921094737363,0,0,Dropout
0.534489710894907,-0.5008063192458776,0,2,Graduate
-1.8010138145052452,0.9342333138631375,2,1,Enrolled
-1.1561486202768874,-2.865668057794901,0,2,Graduate
-0.8409407768643741,-2.5562373489489825,0,2,Graduate
0.02261843028154399,1.1702192114978378,1,1,Enrolled
0.044141176092585624,1.2945829969680311,1,0,Dropout
-0.36871791367997103,-0.3775454320108565,2,2,Graduate
0.9017824495536243,-0.08036315100968616,0,0,Dropout
-0.37823199978653166,-1.8794374205068562,0,2,Graduate
-1.662555040992285,1.2177857235731047,2,2,Graduate
0.9049683982149993,-1.7373722949268373,0,2,Graduate
-0.04997126583539528,-0.6555746606682831,0,1,Enrolled
1.6488641947982978,1.5615610702243565,1,0,Dropout
2.4338665359818616,-0.3188796635374712,0,2,Graduate
-0.9606976582140163,-1.6929095179798643,2,1,Enrolled
3.6299133548621825,-1.0124874636313148,0,1,Enrolled
1.8446448577777002,-1.3368415267118854,0,0,Dropout
0.43253785650719867,-2.2891456534510586,0,2,Graduate
-1.4598897144514544,-1.8729061346584936,2,1,Enrolled
1.5632569509018648,-1.579648348999597,0,0,Dropout
0.5497248472545185,-2.067468514591339,0,2,Graduate
1.7797070293313593,-0.2569013174165621,0,1,Enrolled
0.5305092232094165,0.8642032610662547,1,0,Dropout
1.4881585048188901,-0.5187441025439499,0,1,Enrolled
0.7329272236799155,3.3797768831718944,1,0,Dropout
0.09328752013621869,1.0934026888272825,1,0,Dropout
-0.4371689947370773,-3.0073026563263285,0,1,Enrolled
3.556858827489247,0.03838028834995826,0,2,Graduate
0.1776769224045258,2.1612075088007408,1,1,Enrolled
-2.37977162834095,1.5048625733121033,2,0,Dropout
1.464861655822409,2.015249582866435,1,2,Graduate
1.0648534832820113,-1.9798938085713078,0,1,Enrolled
0.26859492967100435,3.330897911080687,1,1,Enrolled
1.310126891433807,1.9417056253432592,1,0,Dropout
0.2089623709698463,2.9518695210724237,1,2,Graduate
2.915864978874864,-0.13459041413338613,0,0,Dropout
0.9479589651178987,-2.4371939135925125,0,2,Graduate
0.11824056600064309,-3.792384887079921,0,0,Dropout
1.6893266103238647,-1.1219616828845131,0,0,Dropout
2.2502100974144605,0.7364836786394265,1,1,Enrolled
2.053665155382901,0.9825973730105917,1,2,Graduate
-0.9037304245448735,-2.4934255447814047,0,2,Graduate
-1.0090462349301077,0.26049780706837544,2,2,Graduate
-1.1023586516587616,0.7458722626489462,2,1,Enrolled
-3.0220366972436494,-0.03891649424959165,2,1,Enrolled
-2.9775281131086513,0.6373627331718711,2,2,Graduate
-2.2377165388923106,-0.11250693009279501,2,2,Graduate
-3.412551590296553,-0.18362845032737685,2,2,Graduate
0.822105813929493,2.2188481469949863,1,0,Dropout
1.5870357448632693,0.15326790441042284,0,0,Dropout
0.5268349329830946,2.0445821373248876,1,0,Dropout
-1.2575613325065593,-0.6539189646498663,2,0,Dropout
-0.13605958966881496,1.6246444347940097,1,2,Graduate
-3.094659665480639,0.5850403401935964,2,2,Graduate
-0.44515672457237254,-0.40277855254795947,2,0,Dropout
-0.5157887111712538,-3.4952797730876894,0,0,Dropout
-3.4251691565447704,0.25186937215438004,2,2,Graduate
-1.5732061870375698,-0.5278405238492713,2,0,Dropout
0.6190185254975267,3.351421953869925,1,1,Enrolled
1.928702482375416,-1.9035948977825308,0,2,Graduate
-3.005991477303033,0.8452947878043694,2,0,Dropout
-2.5664714640166815,-1.484039425846983,2,1,Enrolled
-1.091748909819742,0.3330068195629762,2,0,Dropout
2.1982843235070715,-2.182102821846092,0,0,Dropout
-0.728277005430011,0.7376586413346693,2,2,Graduate
-0.7342941212572902,-3.2963387935236135,0,2,Graduate
0.8434681558887733,1.8088565006839636,1,0,Dropout
0.5838212160212018,2.2585040262888927,1,2,Graduate
-0.11487970731596019,2.197809277089783,1,2,Graduate
-2.1497000683047003,-0.6861685502662085,2,2,Graduate
0.6841903781635355,-1.7642005010744881,0,2,Graduate
-2.79053008233123,-0.33535673110254893,2,0,Dropout
0.2749222143841224,-1.017190493123228,0,2,Graduate
-0.08369750963207437,-2.8586324720324576,0,2,Graduate
1.119359598090038,0.036809947439517446,0,2,Graduate
0.6201160733048598,-1.651729058544867,0,0,Dropout
0.5526842585040271,0.3978445585658941,1,0,Dropout
1.2940142025888206,2.576550835129083,1,1,Enrolled
-0.34568293003254186,1.4876886075372975,1,0,Dropout
-0.445270414503766,1.0828028895097255,1,2,Graduate
0.21849851567652787,-0.13655334990559545,0,2,Graduate
1.2839392884643648,2.6794625344469654,1,1,Enrolled
2.6761192015115136,-1.8388787538767004,0,0,Dropout
-0.09998677008847053,-0.9135077784230003,0,0,Dropout
-0.3463082881321138,-0.37652591403023905,2,1,Enrolled
1.0684418132614728,-1.6244277099190112,0,0,Dropout
0.025412610877536743,-0.14391068974956395,0,1,Enrolled
0.9269419441307664,1.0843487205561964,1,1,Enrolled
1.4614322571389873,1.0608853257890212,1,1,Enrolled
-0.29058263418185465,-0.361796880051847,0,2,Graduate
0.5779949288062917,0.5829357944119872,1,1,Enrolled
-2.7709990349730362,0.23219422708674636,2,2,Graduate
0.9333008252720827,3.278251248343206,1,0,Dropout
-1.8475276463033972,-1.6740882397348915,2,0,Dropout
1.7451946368173918,-0.8178114916448707,0,0,Dropout
-0.7941205411258832,0.08740310335504692,2,1,Enrolled
0.22466427309549816,1.012754235731377,1,0,Dropout
0.4910512502590085,-0.6580383786349937,0,1,Enrolled
-0.621771741734158,2.4083068624788,1,0,Dropout
-0.770437849751424,1.6826365745463534,1,2,Graduate
-1.6919146864746095,1.460167377200843,2,0,Dropout
-1.977053650819876,0.8381897293694178,2,1,Enrolled
0.28927323165108076,1.4083231753681464,1,2,Graduate
-1.501777624674825,-1.434388489691194,2,2,Graduate
-0.43398200218987787,3.1046886593493803,1,2,Graduate
-2.825864053911038,-0.5015779879040899,2,1,Enrolled
-1.2742214197572244,-1.8313079483789518,2,1,Enrolled
-1.507459920797417,-0.2968662133415711,2,0,Dropout
-2.2245831390299577,-0.7516880552291489,2,2,Graduate
-0.5681607327000193,0.7672901817698627,2,0,Dropout
-3.2178373458347695,0.15017921633535014,2,0,Dropout
1.0316729118981525,2.7126114362355036,1,0,Dropout
-1.4165993707109434,1.0723250476092994,2,0,Dropout
-1.9025366129033678,-0.5397850447840085,2,2,Graduate
-2.2620969864252163,1.1706072681332107,2,0,Dropout
-0.04601852110731816,-3.0134109358722925,0,2,Graduate
-0.9160749803419171,-1.6343215432616949,2,0,Dropout
2.2781809799786505,-0.15547400655716953,0,0,Dropout
0.31324550407407764,-1.5366536838302038,0,0,Dropout
-1.8322652571522815,2.085304093974967,2,2,Graduate
0.29355527417694116,-0.5552370011315835,0,1,Enrolled
-0.6271702891280826,-3.0897002949344805,0,2,Graduate
-2.2882824865837805,-0.14372174768513443,2,2,Graduate
1.1025098701656515,1.5577397703733922,1,2,Graduate
1.340760000376494,1.6740868370996387,1,1,Enrolled
0.16839039969892183,-0.011804775301601613,0,0,Dropout
1.8899540243080863,1.1466861473921348,1,0,Dropout
-1.4039870282710851,0.2917449607030814,2,1,Enrolled
-1.0780517671611578,-1.8472373639568591,0,2,Graduate
-0.8099180807968434,-2.668568565997174,0,0,Dropout
-0.2094131965432335,-0.22400750200998215,2,0,Dropout
2.5932959256229746,1.2085977317573804,1,1,Enrolled
-0.007048062130054502,3.204115125105786,1,0,Dropout
1.0230328228701344,-2.0933927710805826,0,0,Dropout
-3.0990747986698555,0.34125548693944663,2,2,Graduate
0.4985899712901009,-1.2952598661037957,0,2,Graduate
0.6777099389957786,3.3544463262091355,1,0,Dropout
-1.7508020805872975,-0.43585223220577374,2,0,Dropout
-1.200252090168465,-1.3067310919895554,2,2,Graduate
0.5605758568388699,1.1651615408344749,1,2,Graduate
-0.8723655050918899,0.22056211253059665,2,0,Dropout
0.6318356515667188,1.058038125939982,1,1,Enrolled
-2.0218510330004995,1.6117806883985055,2,2,Graduate
1.2233101040693817,2.1813093254117137,1,0,Dropout
2.172968372431752,1.5419764344416305,1,2,Graduate
1.509226247414304,0.14595130446701396,0,0,Dropout
0.6973171623925539,-1.8147259247920473,0,1,Enrolled
0.15930384215152846,3.0313063234741966,1,0,Dropout
0.535628916074619,0.20731506909680075,1,1,Enrolled
0.9444488538995447,0.8133005442084299,1,0,Dropout
-2.2992671704797716,1.5195224736091522,2,0,Dropout
1.5872061873228793,2.081651809023886,1,2,Graduate
1.2280489203528822,-0.5464256404952541,0,2,Graduate
-2.1016115319452298,-0.590334025567197,2,1,Enrolled
-1.4941613752282328,-1.3235326704868666,2,2,Graduate
2.8892692286977835,0.24970173882718016,0,1,Enrolled
1.7203682778476177,1.6224700503161658,1,1,Enrolled
-0.14567641234796788,-2.1602721710058526,0,2,Graduate
-0.2979741693158511,1.5760458565960975,1,1,Enrolled
-2.071046970845827,0.929421885337143,2,1,Enrolled
-0.4112074914942736,1.763925314380278,1,2,Graduate
1.344190323584474,0.8559063411392975,1,0,Dropout
1.0971160722473028,1.5367639350074147,1,2,Graduate
0.36456965491504667,-2.5357966819257762,0,1,Enrolled
1.8820861670887001,-1.6262583568579725,0,0,Dropout
0.7037671963318026,-1.2659895003694817,0,0,Dropout
0.6650181521582995,-0.12095072947213464,0,1,Enrolled
1.0060795443633186,0.1921184646516009,0,2,Graduate
-1.8103904816794352,-1.4137062385360566,2,2,Graduate
-0.5276389339143942,2.175816970552026,1,0,Dropout
0.9696293724402435,2.061527854658889,1,1,Enrolled
1.2394912941135163,2.2222894277872642,1,0,Dropout
1.769207652835993,0.24746443451056413,0,0,Dropout
-0.15528598448029196,-3.708688327050139,0,1,Enrolled
-1.2483132047661518,0.6307497463444569,2,2,Graduate
2.7969945666458016,-0.4068265264363556,0,0,Dropout
1.4065606078887416,1.236350797066114,1,1,Enrolled
-0.19980147436323115,-0.15143214727346205,2,0,Dropout
-2.536437842475102,1.0851565783669368,2,2,Graduate
-0.8301916035510812,2.1278008144943388,1,2,Graduate
-2.0357578329490877,0.012147439751932337,2,1,Enrolled
0.19146703109820482,2.1055079177437035,1,0,Dropout
0.31021002102461354,0.8678890476077475,1,1,Enrolled
-0.6138834899035244,2.352750097499442,1,2,Graduate
-0.4040957729905487,-1.4245175774712588,0,0,Dropout
-2.642349883818548,0.40553732308766277,2,2,Graduate
-0.41548917308320876,2.536924864217863,1,1,Enrolled
-0.7371900237905622,-3.0035583776239867,0,1,Enrolled
-1.0920540575894695,-0.9733315609669091,2,1,Enrolled
-2.9766545431127773,0.28297586565906385,2,0,Dropout
2.042870563521578,-0.8566626305612862,0,0,Dropout
2.0425755195813653,-1.9002919257206758,0,0,Dropout
1.0910593455899047,1.9733125998637193,1,2,Graduate
-2.9315219489866293,0.6437112916414648,2,0,Dropout
-1.2939975183158678,-0.27722780162915306,2,2,Graduate
-1.677660044596633,-2.17156502826908,2,0,Dropout
-0.19060943359244925,3.25824599932258,1,1,Enrolled
1.7429752752639298,0.5303536547924229,1,2,Graduate
-3.8795804047567315,-0.08574316461883927,2,2,Graduate
-1.0117991852686457,1.9532164724434493,1,2,Graduate
0.23352935466288938,-0.8697846485293729,0,0,Dropout
-2.425224753739946,0.9118538481467924,2,1,Enrolled
-2.498947537182139,0.2681823839262957,2,0,Dropout
0.15477200736255312,1.3821280602478665,1,2,Graduate
1.5733740153750504,-0.08367160247182773,0,2,Graduate
0.1570068816861031,-3.32537392064417,0,0,Dropout
0.7130494960485914,-2.016674803449723,0,2,Graduate
-1.5252690919308158,1.8219536317015037,2,0,Dropout
-0.8246787930622375,0.7976081023604971,2,1,Enrolled
-0.6583570930244432,2.2188643427073416,1,2,Graduate
-2.6497680303203803,-0.9032898818110133,2,0,Dropout
-1.0992771235923227,2.591075372934445,1,2,Graduate
0.7274397274349694,-1.2693986585319035,0,2,Graduate
0.7737993249184224,0.5719824135488629,1,1,Enrolled
-1.0364019567079095,-0.20193017264393281,2,1,Enrolled
-2.9005948700333652,0.5025518544650072,2,1,Enrolled
-1.311815004779241,1.0656277037750883,2,1,Enrolled
0.7287972077638939,1.5600108442839455,1,1,Enrolled
1.5703996529741204,2.2784861442030557,1,2,Graduate
-1.3917853729444465,-3.2043122405917517,0,2,Graduate
0.3937421303694639,1.5121059156505658,1,1,Enrolled
-1.1873372486496598,2.742647255224408,1,2,Graduate
2.3951239573360725,-1.0377036145416807,0,2,Graduate
1.497894614323328,-1.7335808336207885,0,0,Dropout
1.1403456526741476,0.10331984632462994,0,2,Graduate
-2.174850011210184,-2.030279486692769,2,0,Dropout
0.923982875411163,-1.0203716085563246,0,0,Dropout
-0.3443719139870273,0.7769298349450713,1,1,Enrolled
-0.42225423518933103,-3.1268126865153376,0,1,Enrolled
-0.9625147208493882,-0.377420885304987,2,2,Graduate
1.8084808697211214,-1.462795277633499,0,2,Graduate
-2.0065688115496525,1.4330567011335644,2,2,Graduate
-0.933962559533758,-0.032972382688401164,2,1,Enrolled
1.0200510690289557,-1.8155367821667672,0,1,Enrolled
0.17355878101366684,-0.07170933709029112,0,1,Enrolled
0.8654186867562125,-0.20831744873338323,0,0,Dropout
-3.0597558751143215,-0.26553995923273926,2,0,Dropout
-1.8109253768167024,-0.7633564340302109,2,0,Dropout
0.31476656965193134,-1.7262040915290044,0,2,Graduate
0.6319010351003086,-0.35475059703045264,0,1,Enrolled
1.112257031130238,-1.3544591433577802,0,0,Dropout
-2.1851186395592657,-0.8977336911857223,2,0,Dropout
-0.7361012230491796,-0.8206701582274006,2,2,Graduate
0.04278430586472955,2.969779333895044,1,2,Graduate
-1.5755008176900553,0.22705916184924235,2,0,Dropout
-0.08013242977939722,1.4576256663012634,1,1,Enrolled
-0.7206123978670889,0.14780373164310454,2,1,Enrolled
1.053340736420114,-1.7733900767327408,0,1,Enrolled
-1.2862323592591405,2.608125373429276,1,2,Graduate
0.8897311289531454,2.494617960288192,1,2,Graduate
0.9349431200280737,1.3477852198782765,1,0,Dropout
-3.6603819738873686,-0.3047397767591611,2,0,Dropout
4.139972506296581,-0.6796290908736399,0,0,Dropout
3.1197457953966845,-0.5290687827913754,0,1,Enrolled
-0.8933309122678589,1.4813356919462561,1,0,Dropout
-3.049183762536699,1.1550200834162077,2,0,Dropout
-3.470493077687103,0.022003016196882663,2,2,Graduate
-2.7876458007665947,0.5793412032398865,2,1,Enrolled
0.03115462155944286,3.3116843253030073,1,0,Dropout
-2.0910971998785857,-0.7557144431543283,2,1,Enrolled
3.403762995159331,0.24436040489879998,0,0,Dropout
-0.6974231652635612,3.0894583740339416,1,2,Graduate
-1.1470745144102745,-1.863547218124568,2,2,Graduate
3.2715226302518183,-0.18135152482517472,0,0,Dropout
-0.7371911887778396,0.42563588367004407,2,0,Dropout
1.8330820614348937,0.5824686080847407,1,2,Graduate
0.16845708565090908,-1.8919368337210232,0,2,Graduate
0.6342831630434159,-2.724623301465581,0,2,Graduate
0.9130873392341612,-1.9500775227341631,0,2,Graduate
-2.4839307200590497,-0.14357769693672057,2,1,Enrolled
-0.3255711349460363,0.20168128016308903,1,0,Dropout
0.15880047722336807,-2.602068391610476,0,2,Graduate
-0.7712757944288982,2.442905137848061,1,2,Graduate
0.687960121252074,-0.856414488325049,0,0,Dropout
1.445996403829016,2.3621976343208493,1,1,Enrolled
0.5947955765467215,-0.28834949542305927,0,0,Dropout
1.6055485719235576,-0.0784501722503047,0,0,Dropout
-2.152761638402939,1.630075982969815,2,2,Graduate
-1.2495368393493276,-1.5757776984704146,2,1,Enrolled
-0.30246432986254973,1.3802870361666768,1,1,Enrolled
-0.13958635175946105,-0.49994412641419245,0,1,Enrolled
-0.5562231301023747,2.1522316780619057,1,0,Dropout
2.4987264200276518,-1.4566370359674812,0,0,Dropout
-1.8104345057771043,1.368843603533046,2,1,Enrolled
2.725098302961427,-0.2183500179255576,0,1,Enrolled
2.92209345779769,0.4865147497047336,1,0,Dropout
3.5176324727926245,-0.6181471547781849,0,2,Graduate
-0.7229812281028954,2.0822774198697735,1,2,Graduate
-2.4311531916183204,0.8423103540099937,2,0,Dropout
-1.407694499029041,-1.2113000023177403,2,0,Dropout
-0.147985115791916,0.4280068754167578,1,2,Graduate
2.231661657274966,-1.2189086889665506,0,2,Graduate
1.52576697803733,-2.1686665726743324,0,2,Graduate
-2.7973358102033608,-1.2399791394806525,2,0,Dropout
0.6785466106086959,0.5520849339348853,1,2,Graduate
1.364266645780918,1.4618271743081317,1,0,Dropout
-0.4825365554227349,-1.6191631093617938,0,1,Enrolled
1.8377549975845533,-1.1692015873494552,0,2,Graduate
1.4720362883597433,-1.8872394581683873,0,2,Graduate
-1.6779225653107672,1.3235332375556754,2,2,Graduate
-2.486394185181766,0.9662009174715175,2,1,Enrolled
2.740900188530329,0.5610692048783577,1,0,Dropout
-1.0963680025088312,-1.0756585986187428,2,0,Dropout
0.9317352105201616,1.3855315255980922,1,0,Dropout
2.4041299999859267,0.8044152098313796,1,1,Enrolled
0.9381952908585914,-0.9575062851707673,0,2,Graduate
2.0407453625320957,-0.8176855055567921,0,2,Graduate
2.0528152103614676,-0.8355423787448267,0,1,Enrolled
-0.3762464560399228,2.2768223644519345,1,2,Graduate
-0.6156010645335127,-1.5307508404195,0,2,Graduate
-0.37356678116621245,-0.32845832433263816,2,2,Graduate
-0.3114952247158206,3.293532669093824,1,0,Dropout
-0.1289807392740042,3.3491166306759172,1,1,Enrolled
-1.2624093282227036,1.1137242033076735,2,1,Enrolled
0.5522143877463153,-3.1169436239508648,0,2,Graduate
-0.8164176615261421,-0.8875197086233056,2,1,Enrolled
-2.2148884702867186,-0.440261174283281,2,2,Graduate
1.5179226590316641,2.1931836089988415,1,1,Enrolled
1.9333081058506574,1.3451690864939603,1,0,Dropout
1.3833634190578035,0.513272658018519,1,0,Dropout
-2.552783341449537,0.4110342027114285,2,1,Enrolled
-2.1386806201633326,1.317527817529133,2,2,Graduate
0.45239637828708334,-2.743068203174871,0,0,Dropout
-3.666256816798792,0.37462146655614265,2,1,Enrolled
-0.8327630475525963,-1.9065034723821903,0,0,Dropout
0.0023916917215890785,-3.1651887551035176,0,1,Enrolled
-0.9012475236096819,-0.02499609553362076,2,2,Graduate
1.396813703254822,-1.3363513987691136,0,0,Dropout
1.3893156523182308,1.3555884901103075,1,0,Dropout
0.39740915862432746,-1.2012601811261445,0,2,Graduate
-0.3292174213018644,-1.101118878593359,0,1,Enrolled
3.6920222155372215,-0.7027735731750927,0,0,Dropout
1.651513463947492,-1.1432791138255693,0,1,Enrolled
-1.2041755541891577,1.4068332904099574,2,2,Graduate
2.2633748810542724,0.8788085462459369,1,1,Enrolled
1.2892777905734811,0.16652505844026586,0,0,Dropout
1.5952375706418003,-1.250568624798339,0,1,Enrolled
-1.5545078218412454,-1.2814000012036515,2,1,Enrolled
-1.7393597879540295,1.3256648490852339,2,0,Dropout
0.18168803408438425,0.07170639256900939,1,1,Enrolled
1.3735646609867307,-2.412673834141558,0,2,Graduate
2.3405160722649936,0.5484278595581475,1,1,Enrolled
1.3342000737516515,-1.568275804055532,0,0,Dropout
-0.9313463847875203,1.9159732375876612,1,2,Graduate
1.049270148106329,2.3514833121357315,1,1,Enrolled
1.6186569406277267,-0.014094914258968399,0,0,Dropout
-0.9019829203918277,-2.457505686146218,0,2,Graduate
0.6933096439910895,3.679867783783017,1,0,Dropout
-0.46259659553386007,1.170533567837677,1,2,Graduate
-1.442869351778051,-2.05440508901,2,0,Dropout
-0.38818542614964496,1.5464347748665088,1,0,Dropout
0.1673274459896598,0.013436313447903407,0,1,Enrolled
-0.7455529357768352,-1.9106721300317662,0,1,Enrolled
-3.28387477943267,0.636987846128287,2,2,Graduate
-1.5799933538186814,0.5619199885416775,2,0,Dropout
2.0608935607498644,-1.0488463917528283,0,2,Graduate
1.061864887682081,-1.097484280170745,0,0,Dropout
2.235265086592702,0.6938928618314274,1,1,Enrolled
0.538359841541756,3.607691546672512,1,0,Dropout
-0.8188295814367548,1.2235056973602445,2,0,Dropout
-2.655024289876637,-0.49652490802655,2,0,Dropout
2.6343542839194347,0.9644742893496109,1,1,Enrolled
-0.2897377310099291,-2.7830775048529914,0,0,Dropout
-1.5576052131705171,0.4962914764300593,2,0,Dropout
-3.042444818314919,1.0290199935701922,2,1,Enrolled
1.9868099533270676,-0.9734377119527943,0,1,Enrolled
0.9591341587430539,3.2384926615752745,1,0,Dropout
-1.8738831681402777,-1.682236184603443,2,0,Dropout
-3.0377473718397803,0.9834054699725935,2,2,Graduate
-1.4055056767269511,1.653653561504238,2,1,Enrolled
0.1343937349533685,-3.049646382551423,0,1,Enrolled
0.9955802585588288,-2.5348731426619184,0,0,Dropout
-0.9463266023829136,-0.33969300915468936,2,2,Graduate
0.12406356586136169,-0.62031051195397,0,0,Dropout
3.804831898206121,-0.4002207389719082,0,2,Graduate
-0.31862024989327686,-2.4570929882786356,0,1,Enrolled
1.9644539579354459,-0.3470033877404157,0,1,Enrolled
0.1589468733463893,3.18171117436358,1,1,Enrolled
-0.8720217699002865,-1.1833945236199395,2,1,Enrolled
-0.8884383880185667,-2.4057922959763474,0,0,Dropout
-1.8585253526618821,1.3812543446210612,2,2,Graduate
0.623754680754559,3.0530323440233387,1,0,Dropout
2.7313241502517855,0.30061019963403296,0,0,Dropout
-1.5840364892030914,-0.8698694970478574,2,1,Enrolled
1.3752626379358146,1.6082169490865603,1,2,Graduate
0.5364926807488297,-0.31574217310659713,0,1,Enrolled
-2.4701110826687773,-1.2030349780511067,2,1,Enrolled
0.5020618411058801,-2.1651294645191856,0,1,Enrolled
-0.3620318407474819,1.8100080667559848,1,1,Enrolled
0.743822259322008,0.021880232623741693,0,2,Graduate
0.3484482850663029,-1.0786640820280529,0,0,Dropout
-1.1563589396495455,2.738888302026953,1,1,Enrolled
0.09586578488118239,0.7864683750578165,1,1,Enrolled
0.6389773741655849,0.518226575640097,1,1,Enrolled
0.7880882783070357,3.333348239307045,1,0,Dropout
-0.125669626425688,2.4884092266090114,1,1,Enrolled
-0.2608837653087765,1.5433383316451863,1,1,Enrolled
-2.0428234092771143,-0.5343830653319219,2,2,Graduate
0.7498611494838864,-1.1029420079802752,0,2,Graduate
1.0602786729940081,2.517119801129428,1,0,Dropout
1.230840383947158,1.9072727416368913,1,0,Dropout
-1.906055675320929,0.6731858520554221,2,2,Graduate
1.3109835396384737,0.9615105939627593,1,1,Enrolled
0.5569695781261087,2.76335231032342,1,0,Dropout
2.8090346800388484,-0.2702563370365784,0,0,Dropout
-2.9015933010870114,0.6358482270036973,2,1,Enrolled
0.37119284401638797,-3.467629158667856,0,0,Dropout
0.9058767182310316,2.3909416191249737,1,0,Dropout
-0.3351456658576006,-1.1650515897024698,0,2,Graduate
0.6600451190141595,-0.9488106587065351,0,0,Dropout
-3.048322143789324,0.5755076569957513,2,1,Enrolled
-1.9649150434062481,-1.4835919034460905,2,1,Enrolled
2.5614550656340143,-1.0355866041671968,0,2,Graduate
-0.3927927086952242,-3.2563293084446756,0,1,Enrolled
0.8879422344765878,2.43019133211975,1,2,Graduate
-3.513939099624005,0.21912488940613273,2,2,Graduate
0.6421945105870932,1.15056384513323,1,0,Dropout
0.015710101334258698,-0.2570889889329847,0,1,Enrolled
-0.5553709909486947,-0.4476111115263617,2,0,Dropout
-0.055486515806540584,-0.6332803702892352,0,1,Enrolled
3.173198312908546,0.5381797647217377,0,1,Enrolled
-2.847822844987075,0.041808495221649096,2,1,Enrolled
-1.5254610338761503,1.6006283729021245,2,0,Dropout
-0.39616742386602805,1.4571200978713845,1,1,Enrolled
-0.4147439341217098,-0.780916896800633,2,0,Dropout
0.9719137515951664,-1.1963513014641012,0,0,Dropout
-1.3277471578926687,-1.2221555303761666,2,2,Graduate
-0.162707170206395,1.6180784282873883,1,1,Enrolled
-0.4700637475481622,-1.7146642040876139,0,1,Enrolled
-0.2622097744670465,-2.8326883363734043,0,1,Enrolled
-1.9111857501362464,-0.8296825568467511,2,0,Dropout
-0.02182748212495684,-2.8199196512738656,0,0,Dropout
-1.3286573408804636,-0.46321331089670603,2,2,Graduate
-1.616980068691138,0.2713250699654404,2,0,Dropout
0.33586349572115065,-0.39071702214840914,0,0,Dropout
2.9414513009069894,-0.9225847960755632,0,0,Dropout
3.7882743786937803,-0.4330629216232839,0,1,Enrolled
2.051522680243304,0.8815907681547327,1,2,Graduate
0.5012679012210901,-1.6361147131193512,0,1,Enrolled
0.8915987727336094,-1.411721487034468,0,1,Enrolled
3.3319134197611517,0.199465513340816,0,1,Enrolled
-0.4863176165069659,1.3050029523092102,1,2,Graduate
2.4561620261423975,-2.077960194988261,0,0,Dropout
-0.6367773697343813,2.259179658126858,1,1,Enrolled
1.1413216858847282,-0.48222465805850667,0,0,Dropout
-0.06475382029094033,2.3982681378236843,1,2,Graduate
-0.5706384562961266,-2.292899493384117,0,2,Graduate
-0.18245861506144626,-2.700353471164801,0,1,Enrolled
2.338855442838658,-1.4477890873147439,0,2,Graduate
-2.8809163964885176,1.0912539218882833,2,0,Dropout
0.3870507827240509,1.5242676847661027,1,2,Graduate
-0.2532108812761805,1.5681407731512718,1,1,Enrolled
-1.5029519868430241,-2.180054611848928,2,2,Graduate
-1.0130118637759191,-0.7862579469695917,2,0,Dropout
-0.6148184695487413,-1.1151837334359698,2,1,Enrolled
0.5841766878457663,-2.1339932717075745,0,1,Enrolled
1.571113881719188,1.798538125309848,1,2,Graduate
-2.719152335342782,-1.146930655286918,2,1,Enrolled
2.372534432322776,1.014107842922327,1,1,Enrolled
1.1987417882475797,1.9025767678116536,1,2,Graduate
1.596555060933829,-0.48976837429778897,0,2,Graduate
1.0889972935049048,-1.515969994195743,0,1,Enrolled
-1.576483373721919,-0.5313415563484883,2,2,Graduate
2.0865176951113575,-1.5921668972105996,0,0,Dropout
-0.9203521376460028,-2.7761067675395847,0,1,Enrolled
0.8828844305665375,2.4384496174401242,1,2,Graduate
-3.06235802131959,0.20718548012861127,2,1,Enrolled
-1.2317827218409751,-1.473357481704115,2,0,Dropout
0.16609643207690783,1.0919741244993812,1,2,Graduate
0.9711015986473349,-1.066320118939732,0,2,Graduate
-0.19884265473841659,-1.7780246945825142,0,0,Dropout
2.758032929874381,-0.5665369905346406,0,2,Graduate
2.939917831436235,-0.06316174576065109,0,0,Dropout
-0.40622208961759626,0.48577207755652724,2,1,Enrolled
2.5935516663524822,-0.2813185945813891,0,1,Enrolled
-1.4749127949579568,-2.861427847864302,0,2,Graduate
-0.7080269484247427,-1.0224746245856764,2,1,Enrolled
-2.6984521709798894,-1.3433047548970962,2,0,Dropout
1.0356701932301065,0.11450148742991641,0,1,Enrolled
2.2791301439402916,0.9939813952833241,1,0,Dropout
0.15353522601892597,-2.312132101724762,0,2,Graduate
-2.429411705429725,-0.7786799679019833,2,1,Enrolled
1.6371477762439994,1.5166635641882775,1,0,Dropout
-0.030004599374919876,-2.313092288558875,0,2,Graduate
-1.3906482199928756,1.0094296405199026,2,0,Dropout
1.0009781913516365,-1.9861754757808823,0,1,Enrolled
3.1680020625908303,0.6379875974991642,1,0,Dropout
-2.7232938009172436,-0.23992398732155407,2,0,Dropout
1.0756467972076957,0.5229101423931362,1,2,Graduate
-2.539159698480336,-0.3543051892148591,2,2,Graduate
0.8344986891415099,2.511383732478385,1,1,Enrolled
0.2216815130922668,3.2525679999905615,1,0,Dropout
-1.726778150039637,-0.7807512232786707,2,0,Dropout
0.27120357483505864,2.6015710067371867,1,1,Enrolled
-0.9891214941031644,-1.1018424903698105,2,2,Graduate
